timestamp,spot_price_eur_kwh
2025-08-30 22:00:00+00:00,0.10560059999999999
2025-08-30 23:00:00+00:00,0.09390289999999998
2025-08-31 00:00:00+00:00,0.0839307
2025-08-31 01:00:00+00:00,0.07975379999999999
2025-08-31 02:00:00+00:00,0.0759101
2025-08-31 03:00:00+00:00,0.0768264
2025-08-31 04:00:00+00:00,0.07735
2025-08-31 05:00:00+00:00,0.0739347
2025-08-31 06:00:00+00:00,0.026536999999999998
2025-08-31 07:00:00+00:00,0.006187999999999999
2025-08-31 08:00:00+00:00,-1.1900000000000001e-05
2025-08-31 09:00:00+00:00,-2.3800000000000003e-05
2025-08-31 10:00:00+00:00,-0.0001309
2025-08-31 11:00:00+00:00,-0.0011899999999999999
2025-08-31 12:00:00+00:00,-0.0007258999999999999
2025-08-31 13:00:00+00:00,0.0
2025-08-31 14:00:00+00:00,0.030309299999999997
2025-08-31 15:00:00+00:00,0.09489059999999999
2025-08-31 16:00:00+00:00,0.1399321
2025-08-31 17:00:00+00:00,0.160769
2025-08-31 18:00:00+00:00,0.15716329999999998
2025-08-31 19:00:00+00:00,0.1358385
2025-08-31 20:00:00+00:00,0.1221297
2025-08-31 21:00:00+00:00,0.1068144
2025-08-31 22:00:00+00:00,0.1000552
2025-08-31 23:00:00+00:00,0.0969017
2025-09-01 00:00:00+00:00,0.09635429999999999
2025-09-01 01:00:00+00:00,0.0952357
2025-09-01 02:00:00+00:00,0.0968303
2025-09-01 03:00:00+00:00,0.1101702
2025-09-01 04:00:00+00:00,0.14331170000000001
2025-09-01 05:00:00+00:00,0.1495473
2025-09-01 06:00:00+00:00,0.13815899999999998
2025-09-01 07:00:00+00:00,0.1168461
2025-09-01 08:00:00+00:00,0.09758
2025-09-01 09:00:00+00:00,0.082586
2025-09-01 10:00:00+00:00,0.04554130000000001
2025-09-01 11:00:00+00:00,0.0297857
2025-09-01 12:00:00+00:00,0.0508487
2025-09-01 13:00:00+00:00,0.0806344
2025-09-01 14:00:00+00:00,0.1007573
2025-09-01 15:00:00+00:00,0.130543
2025-09-01 16:00:00+00:00,0.18483079999999996
2025-09-01 17:00:00+00:00,0.29827349999999997
2025-09-01 18:00:00+00:00,0.25056639999999997
2025-09-01 19:00:00+00:00,0.148988
2025-09-01 20:00:00+00:00,0.13375599999999999
2025-09-01 21:00:00+00:00,0.11963069999999999
2025-09-01 22:00:00+00:00,0.1130619
2025-09-01 23:00:00+00:00,0.10723089999999999
2025-09-02 00:00:00+00:00,0.1080996
2025-09-02 01:00:00+00:00,0.11007499999999999
2025-09-02 02:00:00+00:00,0.112812
2025-09-02 03:00:00+00:00,0.1271515
2025-09-02 04:00:00+00:00,0.15992409999999996
2025-09-02 05:00:00+00:00,0.18286729999999998
2025-09-02 06:00:00+00:00,0.1755012
2025-09-02 07:00:00+00:00,0.14404949999999997
2025-09-02 08:00:00+00:00,0.12154659999999999
2025-09-02 09:00:00+00:00,0.1007454
2025-09-02 10:00:00+00:00,0.0939386
2025-09-02 11:00:00+00:00,0.09487870000000001
2025-09-02 12:00:00+00:00,0.0934626
2025-09-02 13:00:00+00:00,0.1004003
2025-09-02 14:00:00+00:00,0.11305
2025-09-02 15:00:00+00:00,0.1296743
2025-09-02 16:00:00+00:00,0.2060604
2025-09-02 17:00:00+00:00,0.3706969
2025-09-02 18:00:00+00:00,0.3139101
2025-09-02 19:00:00+00:00,0.16769479999999998
2025-09-02 20:00:00+00:00,0.1314593
2025-09-02 21:00:00+00:00,0.1085399
2025-09-02 22:00:00+00:00,0.1157275
2025-09-02 23:00:00+00:00,0.1079806
2025-09-03 00:00:00+00:00,0.1022805
2025-09-03 01:00:00+00:00,0.0972468
2025-09-03 02:00:00+00:00,0.0966637
2025-09-03 03:00:00+00:00,0.1034943
2025-09-03 04:00:00+00:00,0.122808
2025-09-03 05:00:00+00:00,0.13368460000000001
2025-09-03 06:00:00+00:00,0.12986469999999997
2025-09-03 07:00:00+00:00,0.101507
2025-09-03 08:00:00+00:00,0.0345576
2025-09-03 09:00:00+00:00,3.5699999999999994e-05
2025-09-03 10:00:00+00:00,-0.000119
2025-09-03 11:00:00+00:00,-0.000119
2025-09-03 12:00:00+00:00,-0.0003332
2025-09-03 13:00:00+00:00,0.0
2025-09-03 14:00:00+00:00,0.0046291
2025-09-03 15:00:00+00:00,0.0755174
2025-09-03 16:00:00+00:00,0.12179649999999999
2025-09-03 17:00:00+00:00,0.1319948
2025-09-03 18:00:00+00:00,0.12376
2025-09-03 19:00:00+00:00,0.1120623
2025-09-03 20:00:00+00:00,0.0960092
2025-09-03 21:00:00+00:00,0.06455749999999999
2025-09-03 22:00:00+00:00,0.025763499999999998
2025-09-03 23:00:00+00:00,0.021063
2025-09-04 00:00:00+00:00,0.0212653
2025-09-04 01:00:00+00:00,0.03572379999999999
2025-09-04 02:00:00+00:00,0.0713048
2025-09-04 03:00:00+00:00,0.0998291
2025-09-04 04:00:00+00:00,0.12836530000000002
2025-09-04 05:00:00+00:00,0.14279999999999998
2025-09-04 06:00:00+00:00,0.1286271
2025-09-04 07:00:00+00:00,0.0925939
2025-09-04 08:00:00+00:00,0.0493255
2025-09-04 09:00:00+00:00,0.0068901
2025-09-04 10:00:00+00:00,0.003808
2025-09-04 11:00:00+00:00,0.003998399999999999
2025-09-04 12:00:00+00:00,0.041519099999999996
2025-09-04 13:00:00+00:00,0.08448999999999998
2025-09-04 14:00:00+00:00,0.10715949999999999
2025-09-04 15:00:00+00:00,0.12986469999999997
2025-09-04 16:00:00+00:00,0.228242
2025-09-04 17:00:00+00:00,0.4165
2025-09-04 18:00:00+00:00,0.26039579999999996
2025-09-04 19:00:00+00:00,0.1486667
2025-09-04 20:00:00+00:00,0.1334466
2025-09-04 21:00:00+00:00,0.120547
2025-09-04 22:00:00+00:00,0.11334749999999999
2025-09-04 23:00:00+00:00,0.102459
2025-09-05 00:00:00+00:00,0.1014594
2025-09-05 01:00:00+00:00,0.10138799999999999
2025-09-05 02:00:00+00:00,0.101864
2025-09-05 03:00:00+00:00,0.1158584
2025-09-05 04:00:00+00:00,0.1418004
2025-09-05 05:00:00+00:00,0.15723469999999998
2025-09-05 06:00:00+00:00,0.14964249999999998
2025-09-05 07:00:00+00:00,0.119476
2025-09-05 08:00:00+00:00,0.10451769999999999
2025-09-05 09:00:00+00:00,0.1001385
2025-09-05 10:00:00+00:00,0.09311749999999999
2025-09-05 11:00:00+00:00,0.0859061
2025-09-05 12:00:00+00:00,0.08350229999999999
2025-09-05 13:00:00+00:00,0.0922607
2025-09-05 14:00:00+00:00,0.10115
2025-09-05 15:00:00+00:00,0.10824239999999999
2025-09-05 16:00:00+00:00,0.1296505
2025-09-05 17:00:00+00:00,0.1838907
2025-09-05 18:00:00+00:00,0.17939249999999998
2025-09-05 19:00:00+00:00,0.139349
2025-09-05 20:00:00+00:00,0.1281749
2025-09-05 21:00:00+00:00,0.119833
2025-09-05 22:00:00+00:00,0.12043989999999999
2025-09-05 23:00:00+00:00,0.11970209999999999
2025-09-06 00:00:00+00:00,0.11848829999999999
2025-09-06 01:00:00+00:00,0.11642960000000001
2025-09-06 02:00:00+00:00,0.11538239999999998
2025-09-06 03:00:00+00:00,0.1166319
2025-09-06 04:00:00+00:00,0.122094
2025-09-06 05:00:00+00:00,0.12008289999999999
2025-09-06 06:00:00+00:00,0.1142162
2025-09-06 07:00:00+00:00,0.0941409
2025-09-06 08:00:00+00:00,0.013506499999999998
2025-09-06 09:00:00+00:00,0.0
2025-09-06 10:00:00+00:00,-2.3800000000000003e-05
2025-09-06 11:00:00+00:00,-0.0010233999999999998
2025-09-06 12:00:00+00:00,-0.0011780999999999999
2025-09-06 13:00:00+00:00,-1.1900000000000001e-05
2025-09-06 14:00:00+00:00,0.0487781
2025-09-06 15:00:00+00:00,0.10424399999999999
2025-09-06 16:00:00+00:00,0.1385993
2025-09-06 17:00:00+00:00,0.18848409999999996
2025-09-06 18:00:00+00:00,0.1660526
2025-09-06 19:00:00+00:00,0.1308405
2025-09-06 20:00:00+00:00,0.1106105
2025-09-06 21:00:00+00:00,0.09824640000000001
2025-09-06 22:00:00+00:00,0.1067668
2025-09-06 23:00:00+00:00,0.1011738
2025-09-07 00:00:00+00:00,0.09611629999999999
2025-09-07 01:00:00+00:00,0.099246
2025-09-07 02:00:00+00:00,0.09867480000000001
2025-09-07 03:00:00+00:00,0.0983773
2025-09-07 04:00:00+00:00,0.096985
2025-09-07 05:00:00+00:00,0.06602119999999999
2025-09-07 06:00:00+00:00,0.0
2025-09-07 07:00:00+00:00,-0.00010709999999999999
2025-09-07 08:00:00+00:00,-0.0047599999999999995
2025-09-07 09:00:00+00:00,-0.0239071
2025-09-07 10:00:00+00:00,-0.0476238
2025-09-07 11:00:00+00:00,-0.06354599999999999
2025-09-07 12:00:00+00:00,-0.059488099999999995
2025-09-07 13:00:00+00:00,-0.0252399
2025-09-07 14:00:00+00:00,-0.0029393
2025-09-07 15:00:00+00:00,0.003998399999999999
2025-09-07 16:00:00+00:00,0.1141329
2025-09-07 17:00:00+00:00,0.128877
2025-09-07 18:00:00+00:00,0.1145375
2025-09-07 19:00:00+00:00,0.10236379999999999
2025-09-07 20:00:00+00:00,0.1011619
2025-09-07 21:00:00+00:00,0.10241139999999999
2025-09-07 22:00:00+00:00,0.09479539999999999
2025-09-07 23:00:00+00:00,0.10203059999999999
2025-09-08 00:00:00+00:00,0.100793
2025-09-08 01:00:00+00:00,0.0979013
2025-09-08 02:00:00+00:00,0.0997101
2025-09-08 03:00:00+00:00,0.11376399999999999
2025-09-08 04:00:00+00:00,0.130781
2025-09-08 05:00:00+00:00,0.1762866
2025-09-08 06:00:00+00:00,0.1493807
2025-09-08 07:00:00+00:00,0.12143949999999999
2025-09-08 08:00:00+00:00,0.1021377
2025-09-08 09:00:00+00:00,0.0906066
2025-09-08 10:00:00+00:00,0.07776649999999999
2025-09-08 11:00:00+00:00,0.07239960000000001
2025-09-08 12:00:00+00:00,0.0828835
2025-09-08 13:00:00+00:00,0.09336739999999998
2025-09-08 14:00:00+00:00,0.1186668
2025-09-08 15:00:00+00:00,0.1478932
2025-09-08 16:00:00+00:00,0.2339659
2025-09-08 17:00:00+00:00,0.4922554
2025-09-08 18:00:00+00:00,0.36713879999999993
2025-09-08 19:00:00+00:00,0.18087999999999999
2025-09-08 20:00:00+00:00,0.14747670000000002
2025-09-08 21:00:00+00:00,0.1346128
2025-09-08 22:00:00+00:00,0.13627879999999998
2025-09-08 23:00:00+00:00,0.13382739999999999
2025-09-09 00:00:00+00:00,0.13131649999999997
2025-09-09 01:00:00+00:00,0.130662
2025-09-09 02:00:00+00:00,0.1319234
2025-09-09 03:00:00+00:00,0.14063420000000001
2025-09-09 04:00:00+00:00,0.2170441
2025-09-09 05:00:00+00:00,0.357
2025-09-09 06:00:00+00:00,0.23440619999999998
2025-09-09 07:00:00+00:00,0.1518321
2025-09-09 08:00:00+00:00,0.12105869999999999
2025-09-09 09:00:00+00:00,0.1181075
2025-09-09 10:00:00+00:00,0.10374420000000001
2025-09-09 11:00:00+00:00,0.1019711
2025-09-09 12:00:00+00:00,0.1017569
2025-09-09 13:00:00+00:00,0.11006309999999998
2025-09-09 14:00:00+00:00,0.12298649999999998
2025-09-09 15:00:00+00:00,0.1516179
2025-09-09 16:00:00+00:00,0.2292892
2025-09-09 17:00:00+00:00,0.45981599999999995
2025-09-09 18:00:00+00:00,0.2565521
2025-09-09 19:00:00+00:00,0.1587103
2025-09-09 20:00:00+00:00,0.1377901
2025-09-09 21:00:00+00:00,0.130067
2025-09-09 22:00:00+00:00,0.12724670000000002
2025-09-09 23:00:00+00:00,0.1276751
2025-09-10 00:00:00+00:00,0.1234387
2025-09-10 01:00:00+00:00,0.1247239
2025-09-10 02:00:00+00:00,0.1244145
2025-09-10 03:00:00+00:00,0.1359932
2025-09-10 04:00:00+00:00,0.15868649999999998
2025-09-10 05:00:00+00:00,0.26583409999999996
2025-09-10 06:00:00+00:00,0.2046086
2025-09-10 07:00:00+00:00,0.1540574
2025-09-10 08:00:00+00:00,0.1277227
2025-09-10 09:00:00+00:00,0.12184409999999998
2025-09-10 10:00:00+00:00,0.10573149999999999
2025-09-10 11:00:00+00:00,0.1024471
2025-09-10 12:00:00+00:00,0.104482
2025-09-10 13:00:00+00:00,0.10805199999999998
2025-09-10 14:00:00+00:00,0.12503329999999999
2025-09-10 15:00:00+00:00,0.1520582
2025-09-10 16:00:00+00:00,0.2030021
2025-09-10 17:00:00+00:00,0.3274761
2025-09-10 18:00:00+00:00,0.2011933
2025-09-10 19:00:00+00:00,0.14629859999999997
2025-09-10 20:00:00+00:00,0.1208802
2025-09-10 21:00:00+00:00,0.10427969999999999
2025-09-10 22:00:00+00:00,0.10496989999999999
2025-09-10 23:00:00+00:00,0.10115
2025-09-11 00:00:00+00:00,0.09178469999999998
2025-09-11 01:00:00+00:00,0.08409729999999999
2025-09-11 02:00:00+00:00,0.08409729999999999
2025-09-11 03:00:00+00:00,0.09406949999999999
2025-09-11 04:00:00+00:00,0.13230419999999998
2025-09-11 05:00:00+00:00,0.1491427
2025-09-11 06:00:00+00:00,0.14322839999999998
2025-09-11 07:00:00+00:00,0.12143949999999999
2025-09-11 08:00:00+00:00,0.08763159999999999
2025-09-11 09:00:00+00:00,0.0097937
2025-09-11 10:00:00+00:00,-1.1900000000000001e-05
2025-09-11 11:00:00+00:00,-8.33e-05
2025-09-11 12:00:00+00:00,-0.0008567999999999999
2025-09-11 13:00:00+00:00,0.0
2025-09-11 14:00:00+00:00,0.0106624
2025-09-11 15:00:00+00:00,0.0902258
2025-09-11 16:00:00+00:00,0.14109829999999998
2025-09-11 17:00:00+00:00,0.1581034
2025-09-11 18:00:00+00:00,0.1490475
2025-09-11 19:00:00+00:00,0.1326255
2025-09-11 20:00:00+00:00,0.1009239
2025-09-11 21:00:00+00:00,0.0760291
2025-09-11 22:00:00+00:00,0.0390677
2025-09-11 23:00:00+00:00,0.039543699999999994
2025-09-12 00:00:00+00:00,0.0249186
2025-09-12 01:00:00+00:00,0.019456499999999998
2025-09-12 02:00:00+00:00,0.0346885
2025-09-12 03:00:00+00:00,0.061689600000000004
2025-09-12 04:00:00+00:00,0.1133951
2025-09-12 05:00:00+00:00,0.1258187
2025-09-12 06:00:00+00:00,0.1213919
2025-09-12 07:00:00+00:00,0.0572033
2025-09-12 08:00:00+00:00,0.0022015
2025-09-12 09:00:00+00:00,-0.0019754
2025-09-12 10:00:00+00:00,-0.006080899999999999
2025-09-12 11:00:00+00:00,-0.0103054
2025-09-12 12:00:00+00:00,-0.0073660999999999996
2025-09-12 13:00:00+00:00,-0.0047599999999999995
2025-09-12 14:00:00+00:00,-1.1900000000000001e-05
2025-09-12 15:00:00+00:00,0.06865109999999999
2025-09-12 16:00:00+00:00,0.12936489999999998
2025-09-12 17:00:00+00:00,0.18487840000000003
2025-09-12 18:00:00+00:00,0.1811656
2025-09-12 19:00:00+00:00,0.1356124
2025-09-12 20:00:00+00:00,0.12239149999999999
2025-09-12 21:00:00+00:00,0.11502539999999999
2025-09-12 22:00:00+00:00,0.10220909999999998
2025-09-12 23:00:00+00:00,0.0865725
2025-09-13 00:00:00+00:00,0.0862155
2025-09-13 01:00:00+00:00,0.0862155
2025-09-13 02:00:00+00:00,0.0830501
2025-09-13 03:00:00+00:00,0.0865725
2025-09-13 04:00:00+00:00,0.0889049
2025-09-13 05:00:00+00:00,0.08819089999999999
2025-09-13 06:00:00+00:00,0.0862155
2025-09-13 07:00:00+00:00,0.0640815
2025-09-13 08:00:00+00:00,0.017017
2025-09-13 09:00:00+00:00,0.0028203
2025-09-13 10:00:00+00:00,0.0
2025-09-13 11:00:00+00:00,-1.1900000000000001e-05
2025-09-13 12:00:00+00:00,-1.1900000000000001e-05
2025-09-13 13:00:00+00:00,-1.1900000000000001e-05
2025-09-13 14:00:00+00:00,0.004617199999999999
2025-09-13 15:00:00+00:00,0.08819089999999999
2025-09-13 16:00:00+00:00,0.12863899999999998
2025-09-13 17:00:00+00:00,0.145061
2025-09-13 18:00:00+00:00,0.1413363
2025-09-13 19:00:00+00:00,0.1322923
2025-09-13 20:00:00+00:00,0.119
2025-09-13 21:00:00+00:00,0.10374420000000001
2025-09-13 22:00:00+00:00,0.1019711
2025-09-13 23:00:00+00:00,0.0923083
2025-09-14 00:00:00+00:00,0.0959259
2025-09-14 01:00:00+00:00,0.1022567
2025-09-14 02:00:00+00:00,0.11158629999999999
2025-09-14 03:00:00+00:00,0.11878579999999998
2025-09-14 04:00:00+00:00,0.1198925
2025-09-14 05:00:00+00:00,0.1253784
2025-09-14 06:00:00+00:00,0.1290912
2025-09-14 07:00:00+00:00,0.10445819999999999
2025-09-14 08:00:00+00:00,0.0733992
2025-09-14 09:00:00+00:00,0.020920199999999996
2025-09-14 10:00:00+00:00,0.0077588
2025-09-14 11:00:00+00:00,0.0
2025-09-14 12:00:00+00:00,-1.1900000000000001e-05
2025-09-14 13:00:00+00:00,0.0
2025-09-14 14:00:00+00:00,0.023002699999999997
2025-09-14 15:00:00+00:00,0.116858
2025-09-14 16:00:00+00:00,0.1479646
2025-09-14 17:00:00+00:00,0.18241509999999997
2025-09-14 18:00:00+00:00,0.1499519
2025-09-14 19:00:00+00:00,0.1158703
2025-09-14 20:00:00+00:00,0.09165379999999998
2025-09-14 21:00:00+00:00,0.016981299999999998
2025-09-14 22:00:00+00:00,0.023799999999999998
2025-09-14 23:00:00+00:00,0.0046053
2025-09-15 00:00:00+00:00,0.0016541
2025-09-15 01:00:00+00:00,1.1900000000000001e-05
2025-09-15 02:00:00+00:00,0.0
2025-09-15 03:00:00+00:00,0.001071
2025-09-15 04:00:00+00:00,0.0241213
2025-09-15 05:00:00+00:00,0.0646289
2025-09-15 06:00:00+00:00,0.048075999999999994
2025-09-15 07:00:00+00:00,0.001071
2025-09-15 08:00:00+00:00,-0.0005593
2025-09-15 09:00:00+00:00,-0.0031058999999999995
2025-09-15 10:00:00+00:00,-0.009519999999999999
2025-09-15 11:00:00+00:00,-0.016981299999999998
2025-09-15 12:00:00+00:00,-0.016302999999999998
2025-09-15 13:00:00+00:00,-0.010591
2025-09-15 14:00:00+00:00,-0.006235599999999999
2025-09-15 15:00:00+00:00,-0.0006307
2025-09-15 16:00:00+00:00,0.0166719
2025-09-15 17:00:00+00:00,0.06417669999999999
2025-09-15 18:00:00+00:00,0.05637029999999999
2025-09-15 19:00:00+00:00,0.0063427
2025-09-15 20:00:00+00:00,0.0034629
2025-09-15 21:00:00+00:00,7.139999999999999e-05
2025-09-15 22:00:00+00:00,-1.1900000000000001e-05
2025-09-15 23:00:00+00:00,-0.00010709999999999999
2025-09-16 00:00:00+00:00,-0.0002737
2025-09-16 01:00:00+00:00,-0.0012495000000000002
2025-09-16 02:00:00+00:00,-0.0015827
2025-09-16 03:00:00+00:00,-1.1900000000000001e-05
2025-09-16 04:00:00+00:00,0.0027608
2025-09-16 05:00:00+00:00,0.019289900000000002
2025-09-16 06:00:00+00:00,0.0045338999999999996
2025-09-16 07:00:00+00:00,-0.0012019
2025-09-16 08:00:00+00:00,-0.006080899999999999
2025-09-16 09:00:00+00:00,-0.0123522
2025-09-16 10:00:00+00:00,-0.023859500000000002
2025-09-16 11:00:00+00:00,-0.0214557
2025-09-16 12:00:00+00:00,-0.013292299999999998
2025-09-16 13:00:00+00:00,-0.0118881
2025-09-16 14:00:00+00:00,-0.0038556000000000003
2025-09-16 15:00:00+00:00,0.0
2025-09-16 16:00:00+00:00,0.0864416
2025-09-16 17:00:00+00:00,0.1229627
2025-09-16 18:00:00+00:00,0.1344343
2025-09-16 19:00:00+00:00,0.11063429999999999
2025-09-16 20:00:00+00:00,0.0958545
2025-09-16 21:00:00+00:00,0.0778736
2025-09-16 22:00:00+00:00,0.084252
2025-09-16 23:00:00+00:00,0.0755293
2025-09-17 00:00:00+00:00,0.0606305
2025-09-17 01:00:00+00:00,0.0577507
2025-09-17 02:00:00+00:00,0.0714119
2025-09-17 03:00:00+00:00,0.08784579999999999
2025-09-17 04:00:00+00:00,0.11763149999999999
2025-09-17 05:00:00+00:00,0.1396346
2025-09-17 06:00:00+00:00,0.1341606
2025-09-17 07:00:00+00:00,0.1132166
2025-09-17 08:00:00+00:00,0.0822766
2025-09-17 09:00:00+00:00,0.0492422
2025-09-17 10:00:00+00:00,0.012495000000000001
2025-09-17 11:00:00+00:00,0.009377199999999999
2025-09-17 12:00:00+00:00,0.0126021
2025-09-17 13:00:00+00:00,0.0512771
2025-09-17 14:00:00+00:00,0.0965923
2025-09-17 15:00:00+00:00,0.1309
2025-09-17 16:00:00+00:00,0.1467389
2025-09-17 17:00:00+00:00,0.1696702
2025-09-17 18:00:00+00:00,0.14698879999999998
2025-09-17 19:00:00+00:00,0.112098
2025-09-17 20:00:00+00:00,0.102459
2025-09-17 21:00:00+00:00,0.0869533
2025-09-17 22:00:00+00:00,0.0632128
2025-09-17 23:00:00+00:00,0.0574651
2025-09-18 00:00:00+00:00,0.045779299999999995
2025-09-18 01:00:00+00:00,0.0451724
2025-09-18 02:00:00+00:00,0.057262799999999996
2025-09-18 03:00:00+00:00,0.08823850000000001
2025-09-18 04:00:00+00:00,0.1259139
2025-09-18 05:00:00+00:00,0.1394799
2025-09-18 06:00:00+00:00,0.1324232
2025-09-18 07:00:00+00:00,0.10805199999999998
2025-09-18 08:00:00+00:00,0.07746899999999998
2025-09-18 09:00:00+00:00,0.007009099999999999
2025-09-18 10:00:00+00:00,0.000238
2025-09-18 11:00:00+00:00,0.0
2025-09-18 12:00:00+00:00,0.0
2025-09-18 13:00:00+00:00,0.0006188000000000001
2025-09-18 14:00:00+00:00,0.0182189
2025-09-18 15:00:00+00:00,0.1068501
2025-09-18 16:00:00+00:00,0.1373855
2025-09-18 17:00:00+00:00,0.15973369999999998
2025-09-18 18:00:00+00:00,0.15312920000000002
2025-09-18 19:00:00+00:00,0.1309
2025-09-18 20:00:00+00:00,0.1177386
2025-09-18 21:00:00+00:00,0.104958
2025-09-18 22:00:00+00:00,0.0881671
2025-09-18 23:00:00+00:00,0.08623929999999999
2025-09-19 00:00:00+00:00,0.0874055
2025-09-19 01:00:00+00:00,0.087703
2025-09-19 02:00:00+00:00,0.0880838
2025-09-19 03:00:00+00:00,0.1066121
2025-09-19 04:00:00+00:00,0.1415148
2025-09-19 05:00:00+00:00,0.17066979999999998
2025-09-19 06:00:00+00:00,0.1407651
2025-09-19 07:00:00+00:00,0.1132642
2025-09-19 08:00:00+00:00,0.063903
2025-09-19 09:00:00+00:00,0.015505699999999999
2025-09-19 10:00:00+00:00,0.0011780999999999999
2025-09-19 11:00:00+00:00,0.0
2025-09-19 12:00:00+00:00,0.0
2025-09-19 13:00:00+00:00,0.014244300000000001
2025-09-19 14:00:00+00:00,0.08860739999999999
2025-09-19 15:00:00+00:00,0.1421336
2025-09-19 16:00:00+00:00,0.30369989999999997
2025-09-19 17:00:00+00:00,0.4869956
2025-09-19 18:00:00+00:00,0.1994321
2025-09-19 19:00:00+00:00,0.13306579999999998
2025-09-19 20:00:00+00:00,0.1023876
2025-09-19 21:00:00+00:00,0.0939267
2025-09-19 22:00:00+00:00,0.1038156
2025-09-19 23:00:00+00:00,0.09271289999999999
2025-09-20 00:00:00+00:00,0.0892381
2025-09-20 01:00:00+00:00,0.08901199999999998
2025-09-20 02:00:00+00:00,0.08900010000000001
2025-09-20 03:00:00+00:00,0.09544989999999999
2025-09-20 04:00:00+00:00,0.1053269
2025-09-20 05:00:00+00:00,0.1034943
2025-09-20 06:00:00+00:00,0.08959510000000001
2025-09-20 07:00:00+00:00,0.029630999999999998
2025-09-20 08:00:00+00:00,0.0035938
2025-09-20 09:00:00+00:00,-0.0003332
2025-09-20 10:00:00+00:00,-0.007258999999999999
2025-09-20 11:00:00+00:00,-0.0129234
2025-09-20 12:00:00+00:00,-0.006068999999999999
2025-09-20 13:00:00+00:00,-4.7600000000000005e-05
2025-09-20 14:00:00+00:00,0.0313684
2025-09-20 15:00:00+00:00,0.11166960000000001
2025-09-20 16:00:00+00:00,0.1482502
2025-09-20 17:00:00+00:00,0.159579
2025-09-20 18:00:00+00:00,0.1179052
2025-09-20 19:00:00+00:00,0.09752050000000001
2025-09-20 20:00:00+00:00,0.088655
2025-09-20 21:00:00+00:00,0.05747699999999999
2025-09-20 22:00:00+00:00,0.0096033
2025-09-20 23:00:00+00:00,0.004403
2025-09-21 00:00:00+00:00,0.004117399999999999
2025-09-21 01:00:00+00:00,0.0019635
2025-09-21 02:00:00+00:00,0.0024752000000000003
2025-09-21 03:00:00+00:00,0.0038436999999999994
2025-09-21 04:00:00+00:00,0.0052479
2025-09-21 05:00:00+00:00,0.0062237
2025-09-21 06:00:00+00:00,0.0035818999999999994
2025-09-21 07:00:00+00:00,0.0015588999999999998
2025-09-21 08:00:00+00:00,0.0
2025-09-21 09:00:00+00:00,-0.00010709999999999999
2025-09-21 10:00:00+00:00,-0.0014279999999999998
2025-09-21 11:00:00+00:00,-0.0024038
2025-09-21 12:00:00+00:00,-0.0015588999999999998
2025-09-21 13:00:00+00:00,-1.1900000000000001e-05
2025-09-21 14:00:00+00:00,0.011269300000000001
2025-09-21 15:00:00+00:00,0.1013642
2025-09-21 16:00:00+00:00,0.1356124
2025-09-21 17:00:00+00:00,0.1434783
2025-09-21 18:00:00+00:00,0.1414196
2025-09-21 19:00:00+00:00,0.1245692
2025-09-21 20:00:00+00:00,0.11465649999999998
2025-09-21 21:00:00+00:00,0.10909920000000001
2025-09-21 22:00:00+00:00,0.1039227
2025-09-21 23:00:00+00:00,0.09944829999999999
2025-09-22 00:00:00+00:00,0.09425989999999998
2025-09-22 01:00:00+00:00,0.09425989999999998
2025-09-22 02:00:00+00:00,0.09561649999999998
2025-09-22 03:00:00+00:00,0.1113721
2025-09-22 04:00:00+00:00,0.1412411
2025-09-22 05:00:00+00:00,0.1547
2025-09-22 06:00:00+00:00,0.1547
2025-09-22 07:00:00+00:00,0.1291983
2025-09-22 08:00:00+00:00,0.1092658
2025-09-22 09:00:00+00:00,0.0926534
2025-09-22 10:00:00+00:00,0.08810760000000001
2025-09-22 11:00:00+00:00,0.0846923
2025-09-22 12:00:00+00:00,0.0835737
2025-09-22 13:00:00+00:00,0.0932841
2025-09-22 14:00:00+00:00,0.1009001
2025-09-22 15:00:00+00:00,0.11915469999999999
2025-09-22 16:00:00+00:00,0.1524152
2025-09-22 17:00:00+00:00,0.16769479999999998
2025-09-22 18:00:00+00:00,0.1547
2025-09-22 19:00:00+00:00,0.1359456
2025-09-22 20:00:00+00:00,0.1162868
2025-09-22 21:00:00+00:00,0.10708809999999999
2025-09-22 22:00:00+00:00,0.105434
2025-09-22 23:00:00+00:00,0.10709999999999999
2025-09-23 00:00:00+00:00,0.1067787
2025-09-23 01:00:00+00:00,0.1070167
2025-09-23 02:00:00+00:00,0.1086946
2025-09-23 03:00:00+00:00,0.1167509
2025-09-23 04:00:00+00:00,0.1451919
2025-09-23 05:00:00+00:00,0.2051084
2025-09-23 06:00:00+00:00,0.193732
2025-09-23 07:00:00+00:00,0.1496544
2025-09-23 08:00:00+00:00,0.1117648
2025-09-23 09:00:00+00:00,0.1017569
2025-09-23 10:00:00+00:00,0.09227260000000001
2025-09-23 11:00:00+00:00,0.0883456
2025-09-23 12:00:00+00:00,0.08835749999999999
2025-09-23 13:00:00+00:00,0.1000909
2025-09-23 14:00:00+00:00,0.1020544
2025-09-23 15:00:00+00:00,0.122451
2025-09-23 16:00:00+00:00,0.1628277
2025-09-23 17:00:00+00:00,0.17800020000000003
2025-09-23 18:00:00+00:00,0.1378139
2025-09-23 19:00:00+00:00,0.11186
2025-09-23 20:00:00+00:00,0.10104289999999999
2025-09-23 21:00:00+00:00,0.10007899999999999
2025-09-23 22:00:00+00:00,0.0983773
2025-09-23 23:00:00+00:00,0.09796079999999999
2025-09-24 00:00:00+00:00,0.09711589999999999
2025-09-24 01:00:00+00:00,0.0927605
2025-09-24 02:00:00+00:00,0.09352210000000001
2025-09-24 03:00:00+00:00,0.0983773
2025-09-24 04:00:00+00:00,0.13061440000000002
2025-09-24 05:00:00+00:00,0.1404319
2025-09-24 06:00:00+00:00,0.1433355
2025-09-24 07:00:00+00:00,0.12733
2025-09-24 08:00:00+00:00,0.1017926
2025-09-24 09:00:00+00:00,0.0834071
2025-09-24 10:00:00+00:00,0.032249
2025-09-24 11:00:00+00:00,0.0126854
2025-09-24 12:00:00+00:00,0.011781
2025-09-24 13:00:00+00:00,0.017849999999999998
2025-09-24 14:00:00+00:00,0.07865899999999999
2025-09-24 15:00:00+00:00,0.1019711
2025-09-24 16:00:00+00:00,0.1345652
2025-09-24 17:00:00+00:00,0.1379567
2025-09-24 18:00:00+00:00,0.1356005
2025-09-24 19:00:00+00:00,0.10863510000000001
2025-09-24 20:00:00+00:00,0.101745
2025-09-24 21:00:00+00:00,0.0829192
2025-09-24 22:00:00+00:00,0.087227
2025-09-24 23:00:00+00:00,0.0829311
2025-09-25 00:00:00+00:00,0.08069390000000001
2025-09-25 01:00:00+00:00,0.08102709999999999
2025-09-25 02:00:00+00:00,0.0853111
2025-09-25 03:00:00+00:00,0.09202269999999999
2025-09-25 04:00:00+00:00,0.1291745
2025-09-25 05:00:00+00:00,0.1478694
2025-09-25 06:00:00+00:00,0.14873809999999998
2025-09-25 07:00:00+00:00,0.1248072
2025-09-25 08:00:00+00:00,0.0927605
2025-09-25 09:00:00+00:00,0.08239559999999999
2025-09-25 10:00:00+00:00,0.045434199999999994
2025-09-25 11:00:00+00:00,0.0190757
2025-09-25 12:00:00+00:00,0.023919
2025-09-25 13:00:00+00:00,0.05195539999999999
2025-09-25 14:00:00+00:00,0.08925
2025-09-25 15:00:00+00:00,0.1056601
2025-09-25 16:00:00+00:00,0.1392776
2025-09-25 17:00:00+00:00,0.1445493
2025-09-25 18:00:00+00:00,0.1472625
2025-09-25 19:00:00+00:00,0.12593769999999999
2025-09-25 20:00:00+00:00,0.11277629999999998
2025-09-25 21:00:00+00:00,0.0964971
2025-09-25 22:00:00+00:00,0.09339120000000001
2025-09-25 23:00:00+00:00,0.08925
2025-09-26 00:00:00+00:00,0.08707229999999999
2025-09-26 01:00:00+00:00,0.0870842
2025-09-26 02:00:00+00:00,0.08916670000000002
2025-09-26 03:00:00+00:00,0.09758
2025-09-26 04:00:00+00:00,0.12821059999999998
2025-09-26 05:00:00+00:00,0.14319269999999998
2025-09-26 06:00:00+00:00,0.14703639999999998
2025-09-26 07:00:00+00:00,0.13138789999999997
2025-09-26 08:00:00+00:00,0.1069096
2025-09-26 09:00:00+00:00,0.1015784
2025-09-26 10:00:00+00:00,0.09396239999999999
2025-09-26 11:00:00+00:00,0.0870604
2025-09-26 12:00:00+00:00,0.08930949999999999
2025-09-26 13:00:00+00:00,0.09518809999999998
2025-09-26 14:00:00+00:00,0.1175839
2025-09-26 15:00:00+00:00,0.130662
2025-09-26 16:00:00+00:00,0.1471435
2025-09-26 17:00:00+00:00,0.15829379999999998
2025-09-26 18:00:00+00:00,0.1423359
2025-09-26 19:00:00+00:00,0.1263899
2025-09-26 20:00:00+00:00,0.115311
2025-09-26 21:00:00+00:00,0.106981
2025-09-26 22:00:00+00:00,0.1011381
2025-09-26 23:00:00+00:00,0.0990794
2025-09-27 00:00:00+00:00,0.098413
2025-09-27 01:00:00+00:00,0.0981869
2025-09-27 02:00:00+00:00,0.1014832
2025-09-27 03:00:00+00:00,0.10613609999999998
2025-09-27 04:00:00+00:00,0.1077783
2025-09-27 05:00:00+00:00,0.1254855
2025-09-27 06:00:00+00:00,0.13055489999999997
2025-09-27 07:00:00+00:00,0.1153348
2025-09-27 08:00:00+00:00,0.10455339999999999
2025-09-27 09:00:00+00:00,0.08925
2025-09-27 10:00:00+00:00,0.0711263
2025-09-27 11:00:00+00:00,0.04297089999999999
2025-09-27 12:00:00+00:00,0.0577626
2025-09-27 13:00:00+00:00,0.09308179999999999
2025-09-27 14:00:00+00:00,0.11078899999999998
2025-09-27 15:00:00+00:00,0.1332919
2025-09-27 16:00:00+00:00,0.15868649999999998
2025-09-27 17:00:00+00:00,0.17684590000000003
2025-09-27 18:00:00+00:00,0.1458107
2025-09-27 19:00:00+00:00,0.136136
2025-09-27 20:00:00+00:00,0.1279964
2025-09-27 21:00:00+00:00,0.1184526
2025-09-27 22:00:00+00:00,0.1160964
2025-09-27 23:00:00+00:00,0.1134189
2025-09-28 00:00:00+00:00,0.11224079999999997
2025-09-28 01:00:00+00:00,0.1088493
2025-09-28 02:00:00+00:00,0.11634629999999999
2025-09-28 03:00:00+00:00,0.11612019999999999
2025-09-28 04:00:00+00:00,0.12008289999999999
2025-09-28 05:00:00+00:00,0.1258901
2025-09-28 06:00:00+00:00,0.1175363
2025-09-28 07:00:00+00:00,0.11309759999999999
2025-09-28 08:00:00+00:00,0.09767519999999999
2025-09-28 09:00:00+00:00,0.04458929999999999
2025-09-28 10:00:00+00:00,0.020360899999999998
2025-09-28 11:00:00+00:00,0.010150699999999999
2025-09-28 12:00:00+00:00,0.01547
2025-09-28 13:00:00+00:00,0.0729827
2025-09-28 14:00:00+00:00,0.10233999999999999
2025-09-28 15:00:00+00:00,0.12600909999999999
2025-09-28 16:00:00+00:00,0.1559138
2025-09-28 17:00:00+00:00,0.1641843
2025-09-28 18:00:00+00:00,0.1498567
2025-09-28 19:00:00+00:00,0.1350769
2025-09-28 20:00:00+00:00,0.1217251
2025-09-28 21:00:00+00:00,0.11393059999999998
2025-09-28 22:00:00+00:00,0.1082305
2025-09-28 23:00:00+00:00,0.10562440000000001
2025-09-29 00:00:00+00:00,0.1045772
2025-09-29 01:00:00+00:00,0.1046486
2025-09-29 02:00:00+00:00,0.1050889
2025-09-29 03:00:00+00:00,0.11706029999999999
2025-09-29 04:00:00+00:00,0.16062619999999997
2025-09-29 05:00:00+00:00,0.264299
2025-09-29 06:00:00+00:00,0.1986229
2025-09-29 07:00:00+00:00,0.1452514
2025-09-29 08:00:00+00:00,0.1073499
2025-09-29 09:00:00+00:00,0.10109049999999999
2025-09-29 10:00:00+00:00,0.09366489999999998
2025-09-29 11:00:00+00:00,0.09172519999999999
2025-09-29 12:00:00+00:00,0.09916269999999999
2025-09-29 13:00:00+00:00,0.104006
2025-09-29 14:00:00+00:00,0.11897619999999999
2025-09-29 15:00:00+00:00,0.1675401
2025-09-29 16:00:00+00:00,0.36015349999999996
2025-09-29 17:00:00+00:00,0.48406819999999995
2025-09-29 18:00:00+00:00,0.19944399999999998
2025-09-29 19:00:00+00:00,0.14738149999999997
2025-09-29 20:00:00+00:00,0.128877
2025-09-29 21:00:00+00:00,0.11147920000000001
2025-09-29 22:00:00+00:00,0.12030899999999999
2025-09-29 23:00:00+00:00,0.1171317
2025-09-30 00:00:00+00:00,0.1177267
2025-09-30 01:00:00+00:00,0.11303809999999999
2025-09-30 02:00:00+00:00,0.1179528
2025-09-30 03:00:00+00:00,0.1333752
2025-09-30 04:00:00+00:00,0.1688134
2025-09-30 05:00:00+00:00,0.29036
2025-09-30 06:00:00+00:00,0.24898369999999997
2025-09-30 07:00:00+00:00,0.1688015
2025-09-30 08:00:00+00:00,0.137088
2025-09-30 09:00:00+00:00,0.1150968
2025-09-30 10:00:00+00:00,0.1046129
2025-09-30 11:00:00+00:00,0.1023876
2025-09-30 12:00:00+00:00,0.1038394
2025-09-30 13:00:00+00:00,0.11519199999999999
2025-09-30 14:00:00+00:00,0.1237957
2025-09-30 15:00:00+00:00,0.1697416
2025-09-30 16:00:00+00:00,0.3505026
2025-09-30 17:00:00+00:00,0.42574629999999997
2025-09-30 18:00:00+00:00,0.17526319999999998
2025-09-30 19:00:00+00:00,0.1380876
2025-09-30 20:00:00+00:00,0.1209397
2025-09-30 21:00:00+00:00,0.11012260000000001
2025-09-30 22:00:00+00:00,0.1089564
2025-09-30 23:00:00+00:00,0.1026851
2025-10-01 00:00:00+00:00,0.10100719999999999
2025-10-01 01:00:00+00:00,0.1051008
2025-10-01 02:00:00+00:00,0.10430350000000001
2025-10-01 03:00:00+00:00,0.1134427
2025-10-01 04:00:00+00:00,0.14870239999999998
2025-10-01 05:00:00+00:00,0.206227
2025-10-01 06:00:00+00:00,0.16551709999999997
2025-10-01 07:00:00+00:00,0.12524749999999998
2025-10-01 08:00:00+00:00,0.1023876
2025-10-01 09:00:00+00:00,0.08397829999999999
2025-10-01 10:00:00+00:00,0.07856379999999999
2025-10-01 11:00:00+00:00,0.081396
2025-10-01 12:00:00+00:00,0.0864297
2025-10-01 13:00:00+00:00,0.09725869999999999
2025-10-01 14:00:00+00:00,0.11051530000000001
2025-10-01 15:00:00+00:00,0.161126
2025-10-01 16:00:00+00:00,0.3013556
2025-10-01 17:00:00+00:00,0.4045881
2025-10-01 18:00:00+00:00,0.1809038
2025-10-01 19:00:00+00:00,0.1345057
2025-10-01 20:00:00+00:00,0.1172269
2025-10-01 21:00:00+00:00,0.10787350000000001
2025-10-01 22:00:00+00:00,0.10806389999999999
2025-10-01 23:00:00+00:00,0.10472
2025-10-02 00:00:00+00:00,0.10295879999999999
2025-10-02 01:00:00+00:00,0.10538639999999999
2025-10-02 02:00:00+00:00,0.10806389999999999
2025-10-02 03:00:00+00:00,0.1142043
2025-10-02 04:00:00+00:00,0.1531768
2025-10-02 05:00:00+00:00,0.2154971
2025-10-02 06:00:00+00:00,0.1626492
2025-10-02 07:00:00+00:00,0.1196069
2025-10-02 08:00:00+00:00,0.1088612
2025-10-02 09:00:00+00:00,0.09316510000000001
2025-10-02 10:00:00+00:00,0.0782663
2025-10-02 11:00:00+00:00,0.07199499999999999
2025-10-02 12:00:00+00:00,0.0848351
2025-10-02 13:00:00+00:00,0.09598539999999998
2025-10-02 14:00:00+00:00,0.10881359999999998
2025-10-02 15:00:00+00:00,0.1348508
2025-10-02 16:00:00+00:00,0.19982479999999997
2025-10-02 17:00:00+00:00,0.21043959999999998
2025-10-02 18:00:00+00:00,0.1308048
2025-10-02 19:00:00+00:00,0.1081234
2025-10-02 20:00:00+00:00,0.11502539999999999
2025-10-02 21:00:00+00:00,0.09768710000000001
2025-10-02 22:00:00+00:00,0.1022567
2025-10-02 23:00:00+00:00,0.09179659999999999
2025-10-03 00:00:00+00:00,0.08538249999999999
2025-10-03 01:00:00+00:00,0.0879529
2025-10-03 02:00:00+00:00,0.09078510000000001
2025-10-03 03:00:00+00:00,0.09279620000000001
2025-10-03 04:00:00+00:00,0.1115982
2025-10-03 05:00:00+00:00,0.11949979999999999
2025-10-03 06:00:00+00:00,0.12337920000000001
2025-10-03 07:00:00+00:00,0.099841
2025-10-03 08:00:00+00:00,0.07139999999999999
2025-10-03 09:00:00+00:00,0.048195
2025-10-03 10:00:00+00:00,0.0313565
2025-10-03 11:00:00+00:00,0.019635
2025-10-03 12:00:00+00:00,0.031177999999999997
2025-10-03 13:00:00+00:00,0.0593572
2025-10-03 14:00:00+00:00,0.0754341
2025-10-03 15:00:00+00:00,0.106981
2025-10-03 16:00:00+00:00,0.1437044
2025-10-03 17:00:00+00:00,0.1297219
2025-10-03 18:00:00+00:00,0.0892976
2025-10-03 19:00:00+00:00,0.0516936
2025-10-03 20:00:00+00:00,0.030237899999999998
2025-10-03 21:00:00+00:00,0.013220899999999999
2025-10-03 22:00:00+00:00,0.0008686999999999999
2025-10-03 23:00:00+00:00,-1.1900000000000001e-05
2025-10-04 00:00:00+00:00,-4.7600000000000005e-05
2025-10-04 01:00:00+00:00,-0.000119
2025-10-04 02:00:00+00:00,-0.0013446999999999999
2025-10-04 03:00:00+00:00,-0.002261
2025-10-04 04:00:00+00:00,-0.0022847999999999996
2025-10-04 05:00:00+00:00,-0.0009281999999999999
2025-10-04 06:00:00+00:00,-0.00035699999999999995
2025-10-04 07:00:00+00:00,-0.00019040000000000002
2025-10-04 08:00:00+00:00,-0.00010709999999999999
2025-10-04 09:00:00+00:00,-0.00010709999999999999
2025-10-04 10:00:00+00:00,-9.520000000000001e-05
2025-10-04 11:00:00+00:00,-0.0005236
2025-10-04 12:00:00+00:00,-0.0024276000000000002
2025-10-04 13:00:00+00:00,-0.0030939999999999995
2025-10-04 14:00:00+00:00,-0.000119
2025-10-04 15:00:00+00:00,-0.00010709999999999999
2025-10-04 16:00:00+00:00,0.001309
2025-10-04 17:00:00+00:00,0.0038436999999999994
2025-10-04 18:00:00+00:00,0.00038080000000000004
2025-10-04 19:00:00+00:00,-0.00010709999999999999
2025-10-04 20:00:00+00:00,-5.95e-05
2025-10-04 21:00:00+00:00,-0.0004046
2025-10-04 22:00:00+00:00,-0.0008925
2025-10-04 23:00:00+00:00,-0.001666
2025-10-05 00:00:00+00:00,-0.0049861
2025-10-05 01:00:00+00:00,-0.0052122
2025-10-05 02:00:00+00:00,-0.0059261999999999995
2025-10-05 03:00:00+00:00,-0.0053073999999999994
2025-10-05 04:00:00+00:00,-0.0044744
2025-10-05 05:00:00+00:00,-0.001785
2025-10-05 06:00:00+00:00,-0.00010709999999999999
2025-10-05 07:00:00+00:00,-0.0016541
2025-10-05 08:00:00+00:00,-0.0039626999999999996
2025-10-05 09:00:00+00:00,-0.0024038
2025-10-05 10:00:00+00:00,-0.004057900000000001
2025-10-05 11:00:00+00:00,-0.0040341
2025-10-05 12:00:00+00:00,-0.0034985999999999997
2025-10-05 13:00:00+00:00,-0.0028441
2025-10-05 14:00:00+00:00,-0.0008211
2025-10-05 15:00:00+00:00,0.0010114999999999998
2025-10-05 16:00:00+00:00,0.019135199999999995
2025-10-05 17:00:00+00:00,0.0417095
2025-10-05 18:00:00+00:00,0.023597699999999996
2025-10-05 19:00:00+00:00,0.0065212000000000004
2025-10-05 20:00:00+00:00,0.006187999999999999
2025-10-05 21:00:00+00:00,0.004843300000000001
2025-10-05 22:00:00+00:00,0.0248115
2025-10-05 23:00:00+00:00,0.0119595
2025-10-06 00:00:00+00:00,0.010829
2025-10-06 01:00:00+00:00,0.0127687
2025-10-06 02:00:00+00:00,0.019992000000000003
2025-10-06 03:00:00+00:00,0.026894
2025-10-06 04:00:00+00:00,0.08162209999999999
2025-10-06 05:00:00+00:00,0.1250095
2025-10-06 06:00:00+00:00,0.1449063
2025-10-06 07:00:00+00:00,0.1441328
2025-10-06 08:00:00+00:00,0.11963069999999999
2025-10-06 09:00:00+00:00,0.10626699999999999
2025-10-06 10:00:00+00:00,0.10391079999999998
2025-10-06 11:00:00+00:00,0.10067399999999999
2025-10-06 12:00:00+00:00,0.10987269999999999
2025-10-06 13:00:00+00:00,0.11251449999999999
2025-10-06 14:00:00+00:00,0.12467629999999999
2025-10-06 15:00:00+00:00,0.1431451
2025-10-06 16:00:00+00:00,0.16849209999999998
2025-10-06 17:00:00+00:00,0.2003008
2025-10-06 18:00:00+00:00,0.15907919999999998
2025-10-06 19:00:00+00:00,0.143038
2025-10-06 20:00:00+00:00,0.1412054
2025-10-06 21:00:00+00:00,0.125545
2025-10-06 22:00:00+00:00,0.1193094
2025-10-06 23:00:00+00:00,0.11183620000000001
2025-10-07 00:00:00+00:00,0.10688579999999999
2025-10-07 01:00:00+00:00,0.10656449999999998
2025-10-07 02:00:00+00:00,0.1106462
2025-10-07 03:00:00+00:00,0.11512059999999999
2025-10-07 04:00:00+00:00,0.1605072
2025-10-07 05:00:00+00:00,0.2719745
2025-10-07 06:00:00+00:00,0.3423273
2025-10-07 07:00:00+00:00,0.2524942
2025-10-07 08:00:00+00:00,0.18404539999999997
2025-10-07 09:00:00+00:00,0.15459289999999998
2025-10-07 10:00:00+00:00,0.13201859999999999
2025-10-07 11:00:00+00:00,0.12636609999999998
2025-10-07 12:00:00+00:00,0.1253665
2025-10-07 13:00:00+00:00,0.13466039999999999
2025-10-07 14:00:00+00:00,0.1453109
2025-10-07 15:00:00+00:00,0.1806896
2025-10-07 16:00:00+00:00,0.24087979999999998
2025-10-07 17:00:00+00:00,0.2538032
2025-10-07 18:00:00+00:00,0.17414459999999998
2025-10-07 19:00:00+00:00,0.14665559999999997
2025-10-07 20:00:00+00:00,0.1278298
2025-10-07 21:00:00+00:00,0.11600119999999998
2025-10-07 22:00:00+00:00,0.1112055
2025-10-07 23:00:00+00:00,0.10524359999999998
2025-10-08 00:00:00+00:00,0.1041964
2025-10-08 01:00:00+00:00,0.10350619999999999
2025-10-08 02:00:00+00:00,0.10670729999999999
2025-10-08 03:00:00+00:00,0.115906
2025-10-08 04:00:00+00:00,0.1393609
2025-10-08 05:00:00+00:00,0.18514020000000003
2025-10-08 06:00:00+00:00,0.19800409999999996
2025-10-08 07:00:00+00:00,0.16085229999999998
2025-10-08 08:00:00+00:00,0.1409436
2025-10-08 09:00:00+00:00,0.12295079999999999
2025-10-08 10:00:00+00:00,0.1080758
2025-10-08 11:00:00+00:00,0.10630269999999999
2025-10-08 12:00:00+00:00,0.10762359999999999
2025-10-08 13:00:00+00:00,0.1183217
2025-10-08 14:00:00+00:00,0.1397893
2025-10-08 15:00:00+00:00,0.1778812
2025-10-08 16:00:00+00:00,0.21873389999999998
2025-10-08 17:00:00+00:00,0.23681
2025-10-08 18:00:00+00:00,0.168623
2025-10-08 19:00:00+00:00,0.13654059999999998
2025-10-08 20:00:00+00:00,0.1288056
2025-10-08 21:00:00+00:00,0.1164177
2025-10-08 22:00:00+00:00,0.11567989999999999
2025-10-08 23:00:00+00:00,0.1101702
2025-10-09 00:00:00+00:00,0.1109794
2025-10-09 01:00:00+00:00,0.1080758
2025-10-09 02:00:00+00:00,0.110313
2025-10-09 03:00:00+00:00,0.1203685
2025-10-09 04:00:00+00:00,0.1494402
2025-10-09 05:00:00+00:00,0.17254999999999998
2025-10-09 06:00:00+00:00,0.178381
2025-10-09 07:00:00+00:00,0.1576631
2025-10-09 08:00:00+00:00,0.13053109999999998
2025-10-09 09:00:00+00:00,0.11538239999999998
2025-10-09 10:00:00+00:00,0.10831379999999999
2025-10-09 11:00:00+00:00,0.09918649999999998
2025-10-09 12:00:00+00:00,0.09900799999999998
2025-10-09 13:00:00+00:00,0.10569579999999999
2025-10-09 14:00:00+00:00,0.10956329999999999
2025-10-09 15:00:00+00:00,0.1309119
2025-10-09 16:00:00+00:00,0.14626289999999997
2025-10-09 17:00:00+00:00,0.1465009
2025-10-09 18:00:00+00:00,0.1337084
2025-10-09 19:00:00+00:00,0.11672709999999999
2025-10-09 20:00:00+00:00,0.11522769999999999
2025-10-09 21:00:00+00:00,0.105553
2025-10-09 22:00:00+00:00,0.1047319
2025-10-09 23:00:00+00:00,0.1011143
2025-10-10 00:00:00+00:00,0.0953071
2025-10-10 01:00:00+00:00,0.0931532
2025-10-10 02:00:00+00:00,0.09425989999999998
2025-10-10 03:00:00+00:00,0.10242329999999998
2025-10-10 04:00:00+00:00,0.12214159999999999
2025-10-10 05:00:00+00:00,0.14200269999999998
2025-10-10 06:00:00+00:00,0.14590589999999998
2025-10-10 07:00:00+00:00,0.1282344
2025-10-10 08:00:00+00:00,0.1106819
2025-10-10 09:00:00+00:00,0.0977228
2025-10-10 10:00:00+00:00,0.0922607
2025-10-10 11:00:00+00:00,0.09007109999999999
2025-10-10 12:00:00+00:00,0.0919394
2025-10-10 13:00:00+00:00,0.10577909999999999
2025-10-10 14:00:00+00:00,0.1164534
2025-10-10 15:00:00+00:00,0.140658
2025-10-10 16:00:00+00:00,0.14352589999999998
2025-10-10 17:00:00+00:00,0.14671510000000001
2025-10-10 18:00:00+00:00,0.1373141
2025-10-10 19:00:00+00:00,0.12366479999999999
2025-10-10 20:00:00+00:00,0.11629869999999999
2025-10-10 21:00:00+00:00,0.11108649999999998
2025-10-10 22:00:00+00:00,0.11063429999999999
2025-10-10 23:00:00+00:00,0.1057196
2025-10-11 00:00:00+00:00,0.10399409999999999
2025-10-11 01:00:00+00:00,0.1001742
2025-10-11 02:00:00+00:00,0.0976157
2025-10-11 03:00:00+00:00,0.10086439999999999
2025-10-11 04:00:00+00:00,0.10742129999999998
2025-10-11 05:00:00+00:00,0.1151325
2025-10-11 06:00:00+00:00,0.119476
2025-10-11 07:00:00+00:00,0.11062239999999998
2025-10-11 08:00:00+00:00,0.0980917
2025-10-11 09:00:00+00:00,0.0880838
2025-10-11 10:00:00+00:00,0.0659498
2025-10-11 11:00:00+00:00,0.055656300000000006
2025-10-11 12:00:00+00:00,0.060725699999999994
2025-10-11 13:00:00+00:00,0.09155859999999999
2025-10-11 14:00:00+00:00,0.0995435
2025-10-11 15:00:00+00:00,0.13567189999999998
2025-10-11 16:00:00+00:00,0.1504636
2025-10-11 17:00:00+00:00,0.15490229999999997
2025-10-11 18:00:00+00:00,0.14356159999999998
2025-10-11 19:00:00+00:00,0.13393449999999998
2025-10-11 20:00:00+00:00,0.12722289999999997
2025-10-11 21:00:00+00:00,0.11316899999999998
2025-10-11 22:00:00+00:00,0.11445419999999999
2025-10-11 23:00:00+00:00,0.1096823
2025-10-12 00:00:00+00:00,0.10574339999999999
2025-10-12 01:00:00+00:00,0.1013047
2025-10-12 02:00:00+00:00,0.1028279
2025-10-12 03:00:00+00:00,0.10312539999999999
2025-10-12 04:00:00+00:00,0.105077
2025-10-12 05:00:00+00:00,0.10611229999999999
2025-10-12 06:00:00+00:00,0.1055054
2025-10-12 07:00:00+00:00,0.09884140000000001
2025-10-12 08:00:00+00:00,0.09068989999999999
2025-10-12 09:00:00+00:00,0.085561
2025-10-12 10:00:00+00:00,0.0795991
2025-10-12 11:00:00+00:00,0.0620704
2025-10-12 12:00:00+00:00,0.07435119999999999
2025-10-12 13:00:00+00:00,0.09518809999999998
2025-10-12 14:00:00+00:00,0.10472
2025-10-12 15:00:00+00:00,0.12560449999999998
2025-10-12 16:00:00+00:00,0.129591
2025-10-12 17:00:00+00:00,0.1388016
2025-10-12 18:00:00+00:00,0.1374807
2025-10-12 19:00:00+00:00,0.1314355
2025-10-12 20:00:00+00:00,0.1282701
2025-10-12 21:00:00+00:00,0.1112055
2025-10-12 22:00:00+00:00,0.1112055
2025-10-12 23:00:00+00:00,0.1074094
2025-10-13 00:00:00+00:00,0.1080877
2025-10-13 01:00:00+00:00,0.1060528
2025-10-13 02:00:00+00:00,0.1112055
2025-10-13 03:00:00+00:00,0.11673899999999998
2025-10-13 04:00:00+00:00,0.1563779
2025-10-13 05:00:00+00:00,0.26018159999999996
2025-10-13 06:00:00+00:00,0.2374764
2025-10-13 07:00:00+00:00,0.17872609999999997
2025-10-13 08:00:00+00:00,0.14886899999999997
2025-10-13 09:00:00+00:00,0.1309
2025-10-13 10:00:00+00:00,0.11316899999999998
2025-10-13 11:00:00+00:00,0.10693339999999998
2025-10-13 12:00:00+00:00,0.10959899999999997
2025-10-13 13:00:00+00:00,0.1211896
2025-10-13 14:00:00+00:00,0.140301
2025-10-13 15:00:00+00:00,0.21491399999999997
2025-10-13 16:00:00+00:00,0.3638306
2025-10-13 17:00:00+00:00,0.36483019999999994
2025-10-13 18:00:00+00:00,0.22247049999999996
2025-10-13 19:00:00+00:00,0.16324419999999998
2025-10-13 20:00:00+00:00,0.1451681
2025-10-13 21:00:00+00:00,0.1324232
2025-10-13 22:00:00+00:00,0.12992420000000002
2025-10-13 23:00:00+00:00,0.12259379999999999
2025-10-14 00:00:00+00:00,0.11842879999999999
2025-10-14 01:00:00+00:00,0.11765529999999999
2025-10-14 02:00:00+00:00,0.1190595
2025-10-14 03:00:00+00:00,0.1207255
2025-10-14 04:00:00+00:00,0.14671510000000001
2025-10-14 05:00:00+00:00,0.19063799999999997
2025-10-14 06:00:00+00:00,0.22707579999999997
2025-10-14 07:00:00+00:00,0.18617549999999997
2025-10-14 08:00:00+00:00,0.1603287
2025-10-14 09:00:00+00:00,0.14262149999999998
2025-10-14 10:00:00+00:00,0.1281035
2025-10-14 11:00:00+00:00,0.12256999999999998
2025-10-14 12:00:00+00:00,0.1252713
2025-10-14 13:00:00+00:00,0.14551319999999998
2025-10-14 14:00:00+00:00,0.174454
2025-10-14 15:00:00+00:00,0.26084799999999997
2025-10-14 16:00:00+00:00,0.48190239999999995
2025-10-14 17:00:00+00:00,0.48457989999999995
2025-10-14 18:00:00+00:00,0.2683212
2025-10-14 19:00:00+00:00,0.19401759999999998
2025-10-14 20:00:00+00:00,0.1545334
2025-10-14 21:00:00+00:00,0.1372784
2025-10-14 22:00:00+00:00,0.13739739999999998
2025-10-14 23:00:00+00:00,0.1331253
2025-10-15 00:00:00+00:00,0.1281392
2025-10-15 01:00:00+00:00,0.1233078
2025-10-15 02:00:00+00:00,0.1267112
2025-10-15 03:00:00+00:00,0.136136
2025-10-15 04:00:00+00:00,0.1808324
2025-10-15 05:00:00+00:00,0.33170059999999996
2025-10-15 06:00:00+00:00,0.32867799999999997
2025-10-15 07:00:00+00:00,0.21544950000000002
2025-10-15 08:00:00+00:00,0.16940840000000001
2025-10-15 09:00:00+00:00,0.15007089999999998
2025-10-15 10:00:00+00:00,0.14212170000000002
2025-10-15 11:00:00+00:00,0.13432719999999998
2025-10-15 12:00:00+00:00,0.1373141
2025-10-15 13:00:00+00:00,0.1459416
2025-10-15 14:00:00+00:00,0.1614711
2025-10-15 15:00:00+00:00,0.2023
2025-10-15 16:00:00+00:00,0.26403719999999997
2025-10-15 17:00:00+00:00,0.2618
2025-10-15 18:00:00+00:00,0.18189149999999998
2025-10-15 19:00:00+00:00,0.1479646
2025-10-15 20:00:00+00:00,0.11686989999999998
2025-10-15 21:00:00+00:00,0.1049223
2025-10-15 22:00:00+00:00,0.1049223
2025-10-15 23:00:00+00:00,0.1021139
2025-10-16 00:00:00+00:00,0.10472
2025-10-16 01:00:00+00:00,0.10312539999999999
2025-10-16 02:00:00+00:00,0.1051246
2025-10-16 03:00:00+00:00,0.1012095
2025-10-16 04:00:00+00:00,0.11446609999999999
2025-10-16 05:00:00+00:00,0.1381828
2025-10-16 06:00:00+00:00,0.15799629999999998
2025-10-16 07:00:00+00:00,0.1427167
2025-10-16 08:00:00+00:00,0.10976559999999998
2025-10-16 09:00:00+00:00,0.1050889
2025-10-16 10:00:00+00:00,0.099246
2025-10-16 11:00:00+00:00,0.09696120000000001
2025-10-16 12:00:00+00:00,0.09874619999999999
2025-10-16 13:00:00+00:00,0.09880570000000001
2025-10-16 14:00:00+00:00,0.10594569999999999
2025-10-16 15:00:00+00:00,0.1438948
2025-10-16 16:00:00+00:00,0.1547
2025-10-16 17:00:00+00:00,0.16730209999999998
2025-10-16 18:00:00+00:00,0.14946399999999999
2025-10-16 19:00:00+00:00,0.12165369999999999
2025-10-16 20:00:00+00:00,0.1188334
2025-10-16 21:00:00+00:00,0.1110984
2025-10-16 22:00:00+00:00,0.1048985
2025-10-16 23:00:00+00:00,0.1050889
2025-10-17 00:00:00+00:00,0.10598139999999999
2025-10-17 01:00:00+00:00,0.1052674
2025-10-17 02:00:00+00:00,0.1078021
2025-10-17 03:00:00+00:00,0.11246690000000001
2025-10-17 04:00:00+00:00,0.1284129
2025-10-17 05:00:00+00:00,0.1540931
2025-10-17 06:00:00+00:00,0.1723596
2025-10-17 07:00:00+00:00,0.15353380000000003
2025-10-17 08:00:00+00:00,0.1394442
2025-10-17 09:00:00+00:00,0.11785759999999999
2025-10-17 10:00:00+00:00,0.1048866
2025-10-17 11:00:00+00:00,0.1031968
2025-10-17 12:00:00+00:00,0.1044939
2025-10-17 13:00:00+00:00,0.1054816
2025-10-17 14:00:00+00:00,0.11305
2025-10-17 15:00:00+00:00,0.13943229999999998
2025-10-17 16:00:00+00:00,0.1538789
2025-10-17 17:00:00+00:00,0.1555211
2025-10-17 18:00:00+00:00,0.13921809999999998
2025-10-17 19:00:00+00:00,0.1238314
2025-10-17 20:00:00+00:00,0.1215942
2025-10-17 21:00:00+00:00,0.11007499999999999
2025-10-17 22:00:00+00:00,0.11259780000000001
2025-10-17 23:00:00+00:00,0.10693339999999998
2025-10-18 00:00:00+00:00,0.1068739
2025-10-18 01:00:00+00:00,0.1051246
2025-10-18 02:00:00+00:00,0.1051365
2025-10-18 03:00:00+00:00,0.1051008
2025-10-18 04:00:00+00:00,0.1094324
2025-10-18 05:00:00+00:00,0.1302693
2025-10-18 06:00:00+00:00,0.1363145
2025-10-18 07:00:00+00:00,0.12166559999999998
2025-10-18 08:00:00+00:00,0.1088493
2025-10-18 09:00:00+00:00,0.09614009999999999
2025-10-18 10:00:00+00:00,0.08798859999999999
2025-10-18 11:00:00+00:00,0.08036070000000001
2025-10-18 12:00:00+00:00,0.086037
2025-10-18 13:00:00+00:00,0.099365
2025-10-18 14:00:00+00:00,0.1148945
2025-10-18 15:00:00+00:00,0.14356159999999998
2025-10-18 16:00:00+00:00,0.1585556
2025-10-18 17:00:00+00:00,0.14853579999999997
2025-10-18 18:00:00+00:00,0.13447
2025-10-18 19:00:00+00:00,0.11013449999999998
2025-10-18 20:00:00+00:00,0.1137402
2025-10-18 21:00:00+00:00,0.1122884
2025-10-18 22:00:00+00:00,0.1098846
2025-10-18 23:00:00+00:00,0.1042321
2025-10-19 00:00:00+00:00,0.0979251
2025-10-19 01:00:00+00:00,0.0977466
2025-10-19 02:00:00+00:00,0.09901989999999998
2025-10-19 03:00:00+00:00,0.099365
2025-10-19 04:00:00+00:00,0.10144750000000001
2025-10-19 05:00:00+00:00,0.1014594
2025-10-19 06:00:00+00:00,0.10372039999999999
2025-10-19 07:00:00+00:00,0.09333170000000002
2025-10-19 08:00:00+00:00,0.0828716
2025-10-19 09:00:00+00:00,0.071757
2025-10-19 10:00:00+00:00,0.0411383
2025-10-19 11:00:00+00:00,0.024157
2025-10-19 12:00:00+00:00,0.0431018
2025-10-19 13:00:00+00:00,0.0794563
2025-10-19 14:00:00+00:00,0.1070167
2025-10-19 15:00:00+00:00,0.12622329999999998
2025-10-19 16:00:00+00:00,0.1281511
2025-10-19 17:00:00+00:00,0.1018878
2025-10-19 18:00:00+00:00,0.089845
2025-10-19 19:00:00+00:00,0.0870485
2025-10-19 20:00:00+00:00,0.0889406
2025-10-19 21:00:00+00:00,0.0724234
2025-10-19 22:00:00+00:00,0.08334760000000001
2025-10-19 23:00:00+00:00,0.07613619999999999
2025-10-20 00:00:00+00:00,0.0725662
2025-10-20 01:00:00+00:00,0.07139999999999999
2025-10-20 02:00:00+00:00,0.072114
2025-10-20 03:00:00+00:00,0.0890239
2025-10-20 04:00:00+00:00,0.0907375
2025-10-20 05:00:00+00:00,0.1093253
2025-10-20 06:00:00+00:00,0.14886899999999997
2025-10-20 07:00:00+00:00,0.10970609999999999
2025-10-20 08:00:00+00:00,0.0870485
2025-10-20 09:00:00+00:00,0.0832286
2025-10-20 10:00:00+00:00,0.07174509999999999
2025-10-20 11:00:00+00:00,0.07767129999999998
2025-10-20 12:00:00+00:00,0.0905471
2025-10-20 13:00:00+00:00,0.1155966
2025-10-20 14:00:00+00:00,0.1422169
2025-10-20 15:00:00+00:00,0.1560328
2025-10-20 16:00:00+00:00,0.1488571
2025-10-20 17:00:00+00:00,0.12256999999999998
2025-10-20 18:00:00+00:00,0.0979251
2025-10-20 19:00:00+00:00,0.0907375
2025-10-20 20:00:00+00:00,0.08137219999999999
2025-10-20 21:00:00+00:00,0.060689999999999994
2025-10-20 22:00:00+00:00,0.0731612
2025-10-20 23:00:00+00:00,0.0521577
2025-10-21 00:00:00+00:00,0.0393533
2025-10-21 01:00:00+00:00,0.0265132
2025-10-21 02:00:00+00:00,0.030832899999999996
2025-10-21 03:00:00+00:00,0.0564774
2025-10-21 04:00:00+00:00,0.08936899999999999
2025-10-21 05:00:00+00:00,0.1048628
2025-10-21 06:00:00+00:00,0.10898019999999999
2025-10-21 07:00:00+00:00,0.1008168
2025-10-21 08:00:00+00:00,0.0883813
2025-10-21 09:00:00+00:00,0.07748089999999999
2025-10-21 10:00:00+00:00,0.0564774
2025-10-21 11:00:00+00:00,0.037580199999999994
2025-10-21 12:00:00+00:00,0.0393414
2025-10-21 13:00:00+00:00,0.07167369999999999
2025-10-21 14:00:00+00:00,0.081158
2025-10-21 15:00:00+00:00,0.119
2025-10-21 16:00:00+00:00,0.144942
2025-10-21 17:00:00+00:00,0.1373141
2025-10-21 18:00:00+00:00,0.1186073
2025-10-21 19:00:00+00:00,0.0964614
2025-10-21 20:00:00+00:00,0.0971992
2025-10-21 21:00:00+00:00,0.08845269999999998
2025-10-21 22:00:00+00:00,0.1045296
2025-10-21 23:00:00+00:00,0.1041131
2025-10-22 00:00:00+00:00,0.10163789999999999
2025-10-22 01:00:00+00:00,0.10632649999999999
2025-10-22 02:00:00+00:00,0.10650499999999999
2025-10-22 03:00:00+00:00,0.10731420000000001
2025-10-22 04:00:00+00:00,0.11827410000000001
2025-10-22 05:00:00+00:00,0.1192142
2025-10-22 06:00:00+00:00,0.1353744
2025-10-22 07:00:00+00:00,0.14960679999999998
2025-10-22 08:00:00+00:00,0.1258187
2025-10-22 09:00:00+00:00,0.10855179999999999
2025-10-22 10:00:00+00:00,0.10364899999999999
2025-10-22 11:00:00+00:00,0.10233999999999999
2025-10-22 12:00:00+00:00,0.11121739999999998
2025-10-22 13:00:00+00:00,0.13168539999999998
2025-10-22 14:00:00+00:00,0.16065000000000002
2025-10-22 15:00:00+00:00,0.2356795
2025-10-22 16:00:00+00:00,0.3528112
2025-10-22 17:00:00+00:00,0.3329144
2025-10-22 18:00:00+00:00,0.2205189
2025-10-22 19:00:00+00:00,0.15940049999999997
2025-10-22 20:00:00+00:00,0.14526329999999998
2025-10-22 21:00:00+00:00,0.1286271
2025-10-22 22:00:00+00:00,0.12064219999999999
2025-10-22 23:00:00+00:00,0.1175125
2025-10-23 00:00:00+00:00,0.11313329999999998
2025-10-23 01:00:00+00:00,0.0951048
2025-10-23 02:00:00+00:00,0.08448999999999998
2025-10-23 03:00:00+00:00,0.0803488
2025-10-23 04:00:00+00:00,0.08597749999999998
2025-10-23 05:00:00+00:00,0.0979132
2025-10-23 06:00:00+00:00,0.10709999999999999
2025-10-23 07:00:00+00:00,0.09879379999999999
2025-10-23 08:00:00+00:00,0.09484300000000001
2025-10-23 09:00:00+00:00,0.082824
2025-10-23 10:00:00+00:00,0.07865899999999999
2025-10-23 11:00:00+00:00,0.0762909
2025-10-23 12:00:00+00:00,0.0756126
2025-10-23 13:00:00+00:00,0.0899759
2025-10-23 14:00:00+00:00,0.101745
2025-10-23 15:00:00+00:00,0.1167628
2025-10-23 16:00:00+00:00,0.1367667
2025-10-23 17:00:00+00:00,0.1284129
2025-10-23 18:00:00+00:00,0.10437489999999999
2025-10-23 19:00:00+00:00,0.0985439
2025-10-23 20:00:00+00:00,0.09241539999999998
2025-10-23 21:00:00+00:00,0.0714952
2025-10-23 22:00:00+00:00,0.0170646
2025-10-23 23:00:00+00:00,0.011709599999999999
2025-10-24 00:00:00+00:00,0.0077707
2025-10-24 01:00:00+00:00,0.0012257000000000001
2025-10-24 02:00:00+00:00,0.0026061
2025-10-24 03:00:00+00:00,0.0089607
2025-10-24 04:00:00+00:00,0.0277032
2025-10-24 05:00:00+00:00,0.07733809999999999
2025-10-24 06:00:00+00:00,0.1009953
2025-10-24 07:00:00+00:00,0.09109449999999998
2025-10-24 08:00:00+00:00,0.069377
2025-10-24 09:00:00+00:00,0.03927
2025-10-24 10:00:00+00:00,0.0014874999999999999
2025-10-24 11:00:00+00:00,-1.1900000000000001e-05
2025-10-24 12:00:00+00:00,-1.1900000000000001e-05
2025-10-24 13:00:00+00:00,0.0021539
2025-10-24 14:00:00+00:00,0.0444108
2025-10-24 15:00:00+00:00,0.0788494
2025-10-24 16:00:00+00:00,0.08878589999999999
2025-10-24 17:00:00+00:00,0.08878589999999999
2025-10-24 18:00:00+00:00,0.06788949999999999
2025-10-24 19:00:00+00:00,0.049396899999999994
2025-10-24 20:00:00+00:00,0.0344148
2025-10-24 21:00:00+00:00,0.011864300000000001
2025-10-24 22:00:00+00:00,0.004200699999999999
2025-10-24 23:00:00+00:00,0.0015708
2025-10-25 00:00:00+00:00,0.0011067
2025-10-25 01:00:00+00:00,0.0
2025-10-25 02:00:00+00:00,-1.1900000000000001e-05
2025-10-25 03:00:00+00:00,0.0002023
2025-10-25 04:00:00+00:00,0.0006188000000000001
2025-10-25 05:00:00+00:00,0.0011780999999999999
2025-10-25 06:00:00+00:00,0.0047599999999999995
2025-10-25 07:00:00+00:00,0.009020199999999999
2025-10-25 08:00:00+00:00,0.0080087
2025-10-25 09:00:00+00:00,0.0056763
2025-10-25 10:00:00+00:00,0.007258999999999999
2025-10-25 11:00:00+00:00,0.0052003
2025-10-25 12:00:00+00:00,0.004795700000000001
2025-10-25 13:00:00+00:00,0.0047005
2025-10-25 14:00:00+00:00,0.0066164
2025-10-25 15:00:00+00:00,0.030118899999999997
2025-10-25 16:00:00+00:00,0.0657475
2025-10-25 17:00:00+00:00,0.0729113
2025-10-25 18:00:00+00:00,0.04046
2025-10-25 19:00:00+00:00,0.016790899999999997
2025-10-25 20:00:00+00:00,0.0198492
2025-10-25 21:00:00+00:00,0.0097223
2025-10-25 22:00:00+00:00,0.0066283
2025-10-25 23:00:00+00:00,0.004403
2025-10-26 00:00:00+00:00,0.0037961
2025-10-26 01:00:00+00:00,0.0024038
2025-10-26 02:00:00+00:00,0.0004046
2025-10-26 03:00:00+00:00,0.000119
2025-10-26 04:00:00+00:00,0.0001309
2025-10-26 05:00:00+00:00,0.0001309
2025-10-26 06:00:00+00:00,0.000119
2025-10-26 07:00:00+00:00,-1.1900000000000001e-05
2025-10-26 08:00:00+00:00,-0.00036889999999999997
2025-10-26 09:00:00+00:00,-8.33e-05
2025-10-26 10:00:00+00:00,-9.520000000000001e-05
2025-10-26 11:00:00+00:00,-8.33e-05
2025-10-26 12:00:00+00:00,-0.0006545
2025-10-26 13:00:00+00:00,-0.0008686999999999999
2025-10-26 14:00:00+00:00,-1.1900000000000001e-05
2025-10-26 15:00:00+00:00,0.0036176
2025-10-26 16:00:00+00:00,0.035699999999999996
2025-10-26 17:00:00+00:00,0.0500038
2025-10-26 18:00:00+00:00,0.041328699999999996
2025-10-26 19:00:00+00:00,0.019801600000000003
2025-10-26 20:00:00+00:00,0.0036532999999999995
2025-10-26 21:00:00+00:00,0.0177429
2025-10-26 22:00:00+00:00,0.006021399999999999
2025-10-26 23:00:00+00:00,0.0015946
2025-10-27 00:00:00+00:00,0.0021777
2025-10-27 01:00:00+00:00,0.0014874999999999999
2025-10-27 02:00:00+00:00,0.0
2025-10-27 03:00:00+00:00,0.0015588999999999998
2025-10-27 04:00:00+00:00,0.0128282
2025-10-27 05:00:00+00:00,0.06545
2025-10-27 06:00:00+00:00,0.10242329999999998
2025-10-27 07:00:00+00:00,0.11917849999999999
2025-10-27 08:00:00+00:00,0.1212134
2025-10-27 09:00:00+00:00,0.11512059999999999
2025-10-27 10:00:00+00:00,0.11260969999999998
2025-10-27 11:00:00+00:00,0.098413
2025-10-27 12:00:00+00:00,0.09653279999999999
2025-10-27 13:00:00+00:00,0.09918649999999998
2025-10-27 14:00:00+00:00,0.09956730000000001
2025-10-27 15:00:00+00:00,0.1180837
2025-10-27 16:00:00+00:00,0.13174489999999997
2025-10-27 17:00:00+00:00,0.1505826
2025-10-27 18:00:00+00:00,0.135065
2025-10-27 19:00:00+00:00,0.11309759999999999
2025-10-27 20:00:00+00:00,0.09274859999999999
2025-10-27 21:00:00+00:00,0.08863120000000001
2025-10-27 22:00:00+00:00,0.0742917
2025-10-27 23:00:00+00:00,0.05249089999999999
2025-10-28 00:00:00+00:00,0.0343672
2025-10-28 01:00:00+00:00,0.022062599999999995
2025-10-28 02:00:00+00:00,0.012161799999999999
2025-10-28 03:00:00+00:00,0.013030499999999999
2025-10-28 04:00:00+00:00,0.036187899999999995
2025-10-28 05:00:00+00:00,0.0708288
2025-10-28 06:00:00+00:00,0.09565219999999999
2025-10-28 07:00:00+00:00,0.10638600000000001
2025-10-28 08:00:00+00:00,0.1039703
2025-10-28 09:00:00+00:00,0.09639
2025-10-28 10:00:00+00:00,0.08974979999999999
2025-10-28 11:00:00+00:00,0.0803964
2025-10-28 12:00:00+00:00,0.074137
2025-10-28 13:00:00+00:00,0.0766598
2025-10-28 14:00:00+00:00,0.086989
2025-10-28 15:00:00+00:00,0.09528329999999999
2025-10-28 16:00:00+00:00,0.11165769999999998
2025-10-28 17:00:00+00:00,0.1311737
2025-10-28 18:00:00+00:00,0.12722289999999997
2025-10-28 19:00:00+00:00,0.10939670000000001
2025-10-28 20:00:00+00:00,0.09619960000000001
2025-10-28 21:00:00+00:00,0.0947002
2025-10-28 22:00:00+00:00,0.08713179999999998
2025-10-28 23:00:00+00:00,0.06997199999999999
2025-10-29 00:00:00+00:00,0.06430759999999999
2025-10-29 01:00:00+00:00,0.06445039999999999
2025-10-29 02:00:00+00:00,0.0670565
2025-10-29 03:00:00+00:00,0.06512869999999998
2025-10-29 04:00:00+00:00,0.0792778
2025-10-29 05:00:00+00:00,0.1135617
2025-10-29 06:00:00+00:00,0.12796069999999998
2025-10-29 07:00:00+00:00,0.11932129999999999
2025-10-29 08:00:00+00:00,0.1021139
2025-10-29 09:00:00+00:00,0.0856205
2025-10-29 10:00:00+00:00,0.0835499
2025-10-29 11:00:00+00:00,0.0842996
2025-10-29 12:00:00+00:00,0.09176089999999999
2025-10-29 13:00:00+00:00,0.10573149999999999
2025-10-29 14:00:00+00:00,0.1384684
2025-10-29 15:00:00+00:00,0.1502137
2025-10-29 16:00:00+00:00,0.1511062
2025-10-29 17:00:00+00:00,0.15320060000000002
2025-10-29 18:00:00+00:00,0.1351126
2025-10-29 19:00:00+00:00,0.1221535
2025-10-29 20:00:00+00:00,0.11483499999999999
2025-10-29 21:00:00+00:00,0.1123598
2025-10-29 22:00:00+00:00,0.10369659999999999
2025-10-29 23:00:00+00:00,0.08954749999999999
2025-10-30 00:00:00+00:00,0.0834309
2025-10-30 01:00:00+00:00,0.0779807
2025-10-30 02:00:00+00:00,0.0718998
2025-10-30 03:00:00+00:00,0.0680085
2025-10-30 04:00:00+00:00,0.0714119
2025-10-30 05:00:00+00:00,0.0823242
2025-10-30 06:00:00+00:00,0.0951286
2025-10-30 07:00:00+00:00,0.101507
2025-10-30 08:00:00+00:00,0.0793968
2025-10-30 09:00:00+00:00,0.051051
2025-10-30 10:00:00+00:00,0.0084252
2025-10-30 11:00:00+00:00,0.0
2025-10-30 12:00:00+00:00,0.0
2025-10-30 13:00:00+00:00,0.03723509999999999
2025-10-30 14:00:00+00:00,0.083062
2025-10-30 15:00:00+00:00,0.101507
2025-10-30 16:00:00+00:00,0.1403367
2025-10-30 17:00:00+00:00,0.140063
2025-10-30 18:00:00+00:00,0.1400273
2025-10-30 19:00:00+00:00,0.1252951
2025-10-30 20:00:00+00:00,0.1166676
2025-10-30 21:00:00+00:00,0.1171436
2025-10-30 22:00:00+00:00,0.1009477
2025-10-30 23:00:00+00:00,0.10441059999999999
2025-10-31 00:00:00+00:00,0.0930104
2025-10-31 01:00:00+00:00,0.0889406
2025-10-31 02:00:00+00:00,0.0900592
2025-10-31 03:00:00+00:00,0.09491440000000001
2025-10-31 04:00:00+00:00,0.10927769999999999
2025-10-31 05:00:00+00:00,0.14326409999999998
2025-10-31 06:00:00+00:00,0.14228829999999998
2025-10-31 07:00:00+00:00,0.12943629999999998
2025-10-31 08:00:00+00:00,0.09878189999999999
2025-10-31 09:00:00+00:00,0.0900473
2025-10-31 10:00:00+00:00,0.0881671
2025-10-31 11:00:00+00:00,0.09042809999999998
2025-10-31 12:00:00+00:00,0.10020989999999999
2025-10-31 13:00:00+00:00,0.126973
2025-10-31 14:00:00+00:00,0.1512252
2025-10-31 15:00:00+00:00,0.1571395
2025-10-31 16:00:00+00:00,0.1453942
2025-10-31 17:00:00+00:00,0.1276632
2025-10-31 18:00:00+00:00,0.10711190000000001
2025-10-31 19:00:00+00:00,0.10239949999999999
2025-10-31 20:00:00+00:00,0.10408929999999998
2025-10-31 21:00:00+00:00,0.09740149999999999
2025-10-31 22:00:00+00:00,0.08044399999999999
2025-10-31 23:00:00+00:00,0.0651049
2025-11-01 00:00:00+00:00,0.04536279999999999
2025-11-01 01:00:00+00:00,0.0336413
2025-11-01 02:00:00+00:00,0.0356524
2025-11-01 03:00:00+00:00,0.023680999999999997
2025-11-01 04:00:00+00:00,0.0182427
2025-11-01 05:00:00+00:00,0.013839700000000002
2025-11-01 06:00:00+00:00,0.0209559
2025-11-01 07:00:00+00:00,0.0356405
2025-11-01 08:00:00+00:00,0.0321895
2025-11-01 09:00:00+00:00,0.021776999999999998
2025-11-01 10:00:00+00:00,0.018754399999999997
2025-11-01 11:00:00+00:00,0.0250138
2025-11-01 12:00:00+00:00,0.037770599999999994
2025-11-01 13:00:00+00:00,0.06426
2025-11-01 14:00:00+00:00,0.07029329999999999
2025-11-01 15:00:00+00:00,0.0911421
2025-11-01 16:00:00+00:00,0.1056601
2025-11-01 17:00:00+00:00,0.10598139999999999
2025-11-01 18:00:00+00:00,0.102816
2025-11-01 19:00:00+00:00,0.10257799999999999
2025-11-01 20:00:00+00:00,0.0991032
2025-11-01 21:00:00+00:00,0.0986867
2025-11-01 22:00:00+00:00,0.09223690000000001
2025-11-01 23:00:00+00:00,0.07650509999999999
2025-11-02 00:00:00+00:00,0.0717927
2025-11-02 01:00:00+00:00,0.0725662
2025-11-02 02:00:00+00:00,0.07464869999999998
2025-11-02 03:00:00+00:00,0.07975379999999999
2025-11-02 04:00:00+00:00,0.0818839
2025-11-02 05:00:00+00:00,0.08371649999999999
2025-11-02 06:00:00+00:00,0.0898807
2025-11-02 07:00:00+00:00,0.0917728
2025-11-02 08:00:00+00:00,0.09336739999999998
2025-11-02 09:00:00+00:00,0.0892381
2025-11-02 10:00:00+00:00,0.0892262
2025-11-02 11:00:00+00:00,0.0894999
2025-11-02 12:00:00+00:00,0.09896039999999999
2025-11-02 13:00:00+00:00,0.11013449999999998
2025-11-02 14:00:00+00:00,0.1316735
2025-11-02 15:00:00+00:00,0.138635
2025-11-02 16:00:00+00:00,0.15716329999999998
2025-11-02 17:00:00+00:00,0.1551879
2025-11-02 18:00:00+00:00,0.1351959
2025-11-02 19:00:00+00:00,0.11733399999999998
2025-11-02 20:00:00+00:00,0.1134427
2025-11-02 21:00:00+00:00,0.11088420000000002
2025-11-02 22:00:00+00:00,0.1011976
2025-11-02 23:00:00+00:00,0.0981036
2025-11-03 00:00:00+00:00,0.0953309
2025-11-03 01:00:00+00:00,0.08925
2025-11-03 02:00:00+00:00,0.08703659999999999
2025-11-03 03:00:00+00:00,0.0892143
2025-11-03 04:00:00+00:00,0.08925
2025-11-03 05:00:00+00:00,0.1134427
2025-11-03 06:00:00+00:00,0.1395394
2025-11-03 07:00:00+00:00,0.12494999999999999
2025-11-03 08:00:00+00:00,0.1020544
2025-11-03 09:00:00+00:00,0.0897855
2025-11-03 10:00:00+00:00,0.0852992
2025-11-03 11:00:00+00:00,0.0809081
2025-11-03 12:00:00+00:00,0.08559670000000001
2025-11-03 13:00:00+00:00,0.0892262
2025-11-03 14:00:00+00:00,0.0983059
2025-11-03 15:00:00+00:00,0.11036059999999998
2025-11-03 16:00:00+00:00,0.11009879999999998
2025-11-03 17:00:00+00:00,0.1077664
2025-11-03 18:00:00+00:00,0.09708019999999999
2025-11-03 19:00:00+00:00,0.0852397
2025-11-03 20:00:00+00:00,0.0714119
2025-11-03 21:00:00+00:00,0.0627249
2025-11-03 22:00:00+00:00,0.0341768
2025-11-03 23:00:00+00:00,0.0196707
2025-11-04 00:00:00+00:00,0.0086394
2025-11-04 01:00:00+00:00,0.005866699999999999
2025-11-04 02:00:00+00:00,0.007508899999999999
2025-11-04 03:00:00+00:00,0.025228
2025-11-04 04:00:00+00:00,0.0695317
2025-11-04 05:00:00+00:00,0.0964376
2025-11-04 06:00:00+00:00,0.1360289
2025-11-04 07:00:00+00:00,0.1309
2025-11-04 08:00:00+00:00,0.09621149999999999
2025-11-04 09:00:00+00:00,0.07217349999999999
2025-11-04 10:00:00+00:00,0.0629153
2025-11-04 11:00:00+00:00,0.059678499999999995
2025-11-04 12:00:00+00:00,0.0796586
2025-11-04 13:00:00+00:00,0.0964495
2025-11-04 14:00:00+00:00,0.1383613
2025-11-04 15:00:00+00:00,0.1517012
2025-11-04 16:00:00+00:00,0.153629
2025-11-04 17:00:00+00:00,0.1460844
2025-11-04 18:00:00+00:00,0.126973
2025-11-04 19:00:00+00:00,0.1151325
2025-11-04 20:00:00+00:00,0.1087303
2025-11-04 21:00:00+00:00,0.1026256
2025-11-04 22:00:00+00:00,0.0905828
2025-11-04 23:00:00+00:00,0.09202269999999999
2025-11-05 00:00:00+00:00,0.0902258
2025-11-05 01:00:00+00:00,0.0884884
2025-11-05 02:00:00+00:00,0.08886920000000001
2025-11-05 03:00:00+00:00,0.0938791
2025-11-05 04:00:00+00:00,0.10115
2025-11-05 05:00:00+00:00,0.10871839999999999
2025-11-05 06:00:00+00:00,0.137921
2025-11-05 07:00:00+00:00,0.1274728
2025-11-05 08:00:00+00:00,0.0887026
2025-11-05 09:00:00+00:00,0.0748272
2025-11-05 10:00:00+00:00,0.0737919
2025-11-05 11:00:00+00:00,0.07386329999999999
2025-11-05 12:00:00+00:00,0.09202269999999999
2025-11-05 13:00:00+00:00,0.11446609999999999
2025-11-05 14:00:00+00:00,0.137326
2025-11-05 15:00:00+00:00,0.1682422
2025-11-05 16:00:00+00:00,0.1754298
2025-11-05 17:00:00+00:00,0.1518202
2025-11-05 18:00:00+00:00,0.1365644
2025-11-05 19:00:00+00:00,0.12470010000000001
2025-11-05 20:00:00+00:00,0.11771480000000001
2025-11-05 21:00:00+00:00,0.10573149999999999
2025-11-05 22:00:00+00:00,0.104363
2025-11-05 23:00:00+00:00,0.11111030000000001
2025-11-06 00:00:00+00:00,0.1080877
2025-11-06 01:00:00+00:00,0.108766
2025-11-06 02:00:00+00:00,0.10770690000000001
2025-11-06 03:00:00+00:00,0.109361
2025-11-06 04:00:00+00:00,0.1096823
2025-11-06 05:00:00+00:00,0.1408365
2025-11-06 06:00:00+00:00,0.15497369999999996
2025-11-06 07:00:00+00:00,0.1424192
2025-11-06 08:00:00+00:00,0.11091989999999997
2025-11-06 09:00:00+00:00,0.1013404
2025-11-06 10:00:00+00:00,0.099603
2025-11-06 11:00:00+00:00,0.09994809999999998
2025-11-06 12:00:00+00:00,0.10374420000000001
2025-11-06 13:00:00+00:00,0.11839309999999999
2025-11-06 14:00:00+00:00,0.1526056
2025-11-06 15:00:00+00:00,0.175525
2025-11-06 16:00:00+00:00,0.18356939999999997
2025-11-06 17:00:00+00:00,0.16356549999999997
2025-11-06 18:00:00+00:00,0.1504874
2025-11-06 19:00:00+00:00,0.1368143
2025-11-06 20:00:00+00:00,0.1201662
2025-11-06 21:00:00+00:00,0.11601309999999998
2025-11-06 22:00:00+00:00,0.10775449999999999
2025-11-06 23:00:00+00:00,0.10731420000000001
2025-11-07 00:00:00+00:00,0.10569579999999999
2025-11-07 01:00:00+00:00,0.106624
2025-11-07 02:00:00+00:00,0.10663589999999999
2025-11-07 03:00:00+00:00,0.10758789999999999
2025-11-07 04:00:00+00:00,0.11210989999999998
2025-11-07 05:00:00+00:00,0.13360129999999998
2025-11-07 06:00:00+00:00,0.1593172
2025-11-07 07:00:00+00:00,0.15237950000000003
2025-11-07 08:00:00+00:00,0.12865089999999998
2025-11-07 09:00:00+00:00,0.11112219999999999
2025-11-07 10:00:00+00:00,0.10708809999999999
2025-11-07 11:00:00+00:00,0.105672
2025-11-07 12:00:00+00:00,0.10953949999999998
2025-11-07 13:00:00+00:00,0.12268899999999999
2025-11-07 14:00:00+00:00,0.15424780000000002
2025-11-07 15:00:00+00:00,0.19649280000000002
2025-11-07 16:00:00+00:00,0.2124626
2025-11-07 17:00:00+00:00,0.1733592
2025-11-07 18:00:00+00:00,0.15646119999999997
2025-11-07 19:00:00+00:00,0.14212170000000002
2025-11-07 20:00:00+00:00,0.1269135
2025-11-07 21:00:00+00:00,0.11695320000000001
2025-11-07 22:00:00+00:00,0.10953949999999998
2025-11-07 23:00:00+00:00,0.1148707
2025-11-08 00:00:00+00:00,0.11463269999999999
2025-11-08 01:00:00+00:00,0.11186
2025-11-08 02:00:00+00:00,0.11182429999999999
2025-11-08 03:00:00+00:00,0.11309759999999999
2025-11-08 04:00:00+00:00,0.112098
2025-11-08 05:00:00+00:00,0.1133832
2025-11-08 06:00:00+00:00,0.1235696
2025-11-08 07:00:00+00:00,0.125545
2025-11-08 08:00:00+00:00,0.1233078
2025-11-08 09:00:00+00:00,0.1215942
2025-11-08 10:00:00+00:00,0.1153705
2025-11-08 11:00:00+00:00,0.11324039999999999
2025-11-08 12:00:00+00:00,0.1141329
2025-11-08 13:00:00+00:00,0.1208326
2025-11-08 14:00:00+00:00,0.1399678
2025-11-08 15:00:00+00:00,0.1483216
2025-11-08 16:00:00+00:00,0.16055479999999997
2025-11-08 17:00:00+00:00,0.1624707
2025-11-08 18:00:00+00:00,0.15705619999999998
2025-11-08 19:00:00+00:00,0.1463343
2025-11-08 20:00:00+00:00,0.1348389
2025-11-08 21:00:00+00:00,0.1264494
2025-11-08 22:00:00+00:00,0.11532289999999999
2025-11-08 23:00:00+00:00,0.11465649999999998
2025-11-09 00:00:00+00:00,0.1125264
2025-11-09 01:00:00+00:00,0.11046769999999999
2025-11-09 02:00:00+00:00,0.10844469999999998
2025-11-09 03:00:00+00:00,0.10906350000000001
2025-11-09 04:00:00+00:00,0.10911109999999999
2025-11-09 05:00:00+00:00,0.10702859999999999
2025-11-09 06:00:00+00:00,0.1054578
2025-11-09 07:00:00+00:00,0.11575129999999999
2025-11-09 08:00:00+00:00,0.11616779999999999
2025-11-09 09:00:00+00:00,0.1154657
2025-11-09 10:00:00+00:00,0.11579890000000001
2025-11-09 11:00:00+00:00,0.11642960000000001
2025-11-09 12:00:00+00:00,0.114716
2025-11-09 13:00:00+00:00,0.11581079999999998
2025-11-09 14:00:00+00:00,0.116382
2025-11-09 15:00:00+00:00,0.1307215
2025-11-09 16:00:00+00:00,0.14886899999999997
2025-11-09 17:00:00+00:00,0.15005899999999997
2025-11-09 18:00:00+00:00,0.14037239999999998
2025-11-09 19:00:00+00:00,0.12614
2025-11-09 20:00:00+00:00,0.11131260000000001
2025-11-09 21:00:00+00:00,0.1098608
2025-11-09 22:00:00+00:00,0.1070167
2025-11-09 23:00:00+00:00,0.1058862
2025-11-10 00:00:00+00:00,0.10429159999999998
2025-11-10 01:00:00+00:00,0.10579100000000001
2025-11-10 02:00:00+00:00,0.1041488
2025-11-10 03:00:00+00:00,0.10374420000000001
2025-11-10 04:00:00+00:00,0.1098489
2025-11-10 05:00:00+00:00,0.1350055
2025-11-10 06:00:00+00:00,0.17017
2025-11-10 07:00:00+00:00,0.1878772
2025-11-10 08:00:00+00:00,0.171717
2025-11-10 09:00:00+00:00,0.1502613
2025-11-10 10:00:00+00:00,0.1371475
2025-11-10 11:00:00+00:00,0.12604479999999998
2025-11-10 12:00:00+00:00,0.12900789999999998
2025-11-10 13:00:00+00:00,0.1375283
2025-11-10 14:00:00+00:00,0.1502375
2025-11-10 15:00:00+00:00,0.1586984
2025-11-10 16:00:00+00:00,0.16588599999999998
2025-11-10 17:00:00+00:00,0.1436687
2025-11-10 18:00:00+00:00,0.1233554
2025-11-10 19:00:00+00:00,0.10723089999999999
2025-11-10 20:00:00+00:00,0.1058981
2025-11-10 21:00:00+00:00,0.10518409999999999
2025-11-10 22:00:00+00:00,0.0998053
2025-11-10 23:00:00+00:00,0.09899609999999999
2025-11-11 00:00:00+00:00,0.0951762
2025-11-11 01:00:00+00:00,0.09020199999999999
2025-11-11 02:00:00+00:00,0.0890953
2025-11-11 03:00:00+00:00,0.089845
2025-11-11 04:00:00+00:00,0.0917133
2025-11-11 05:00:00+00:00,0.1032801
2025-11-11 06:00:00+00:00,0.1251999
2025-11-11 07:00:00+00:00,0.135422
2025-11-11 08:00:00+00:00,0.1227128
2025-11-11 09:00:00+00:00,0.1088493
2025-11-11 10:00:00+00:00,0.10462479999999999
2025-11-11 11:00:00+00:00,0.10312539999999999
2025-11-11 12:00:00+00:00,0.1070167
2025-11-11 13:00:00+00:00,0.12047559999999999
2025-11-11 14:00:00+00:00,0.1478932
2025-11-11 15:00:00+00:00,0.1702533
2025-11-11 16:00:00+00:00,0.1704794
2025-11-11 17:00:00+00:00,0.13685
2025-11-11 18:00:00+00:00,0.12498569999999999
2025-11-11 19:00:00+00:00,0.1168342
2025-11-11 20:00:00+00:00,0.11469219999999998
2025-11-11 21:00:00+00:00,0.1095514
2025-11-11 22:00:00+00:00,0.089845
2025-11-11 23:00:00+00:00,0.0892262
2025-11-12 00:00:00+00:00,0.08130079999999999
2025-11-12 01:00:00+00:00,0.07664789999999999
2025-11-12 02:00:00+00:00,0.07425599999999999
2025-11-12 03:00:00+00:00,0.074137
2025-11-12 04:00:00+00:00,0.082467
2025-11-12 05:00:00+00:00,0.09162999999999999
2025-11-12 06:00:00+00:00,0.12763940000000001
2025-11-12 07:00:00+00:00,0.1198568
2025-11-12 08:00:00+00:00,0.09295089999999999
2025-11-12 09:00:00+00:00,0.0851207
2025-11-12 10:00:00+00:00,0.0714119
2025-11-12 11:00:00+00:00,0.0703766
2025-11-12 12:00:00+00:00,0.0877863
2025-11-12 13:00:00+00:00,0.0957117
2025-11-12 14:00:00+00:00,0.12491429999999999
2025-11-12 15:00:00+00:00,0.1352197
2025-11-12 16:00:00+00:00,0.137326
2025-11-12 17:00:00+00:00,0.1247953
2025-11-12 18:00:00+00:00,0.10582670000000001
2025-11-12 19:00:00+00:00,0.0963305
2025-11-12 20:00:00+00:00,0.09152289999999999
2025-11-12 21:00:00+00:00,0.08990449999999998
2025-11-12 22:00:00+00:00,0.06775859999999999
2025-11-12 23:00:00+00:00,0.0391748
2025-11-13 00:00:00+00:00,0.022574299999999995
2025-11-13 01:00:00+00:00,0.013316099999999999
2025-11-13 02:00:00+00:00,0.0092582
2025-11-13 03:00:00+00:00,0.00714
2025-11-13 04:00:00+00:00,0.0309043
2025-11-13 05:00:00+00:00,0.0605591
2025-11-13 06:00:00+00:00,0.09145149999999998
2025-11-13 07:00:00+00:00,0.0786352
2025-11-13 08:00:00+00:00,0.06379589999999999
2025-11-13 09:00:00+00:00,0.059880800000000005
2025-11-13 10:00:00+00:00,0.0511224
2025-11-13 11:00:00+00:00,0.057227099999999996
2025-11-13 12:00:00+00:00,0.0720783
2025-11-13 13:00:00+00:00,0.09203460000000001
2025-11-13 14:00:00+00:00,0.12098729999999999
2025-11-13 15:00:00+00:00,0.1326969
2025-11-13 16:00:00+00:00,0.15481899999999998
2025-11-13 17:00:00+00:00,0.15684199999999998
2025-11-13 18:00:00+00:00,0.15456909999999996
2025-11-13 19:00:00+00:00,0.13310149999999998
2025-11-13 20:00:00+00:00,0.1387659
2025-11-13 21:00:00+00:00,0.1316021
2025-11-13 22:00:00+00:00,0.1222963
2025-11-13 23:00:00+00:00,0.1171436
2025-11-14 00:00:00+00:00,0.11400199999999999
2025-11-14 01:00:00+00:00,0.11296669999999999
2025-11-14 02:00:00+00:00,0.1089207
2025-11-14 03:00:00+00:00,0.10963469999999999
2025-11-14 04:00:00+00:00,0.10900399999999999
2025-11-14 05:00:00+00:00,0.1342082
2025-11-14 06:00:00+00:00,0.1646365
2025-11-14 07:00:00+00:00,0.16230409999999998
2025-11-14 08:00:00+00:00,0.143871
2025-11-14 09:00:00+00:00,0.1333157
2025-11-14 10:00:00+00:00,0.1261876
2025-11-14 11:00:00+00:00,0.12046369999999999
2025-11-14 12:00:00+00:00,0.1254498
2025-11-14 13:00:00+00:00,0.1274014
2025-11-14 14:00:00+00:00,0.1373141
2025-11-14 15:00:00+00:00,0.1380043
2025-11-14 16:00:00+00:00,0.1565683
2025-11-14 17:00:00+00:00,0.1425739
2025-11-14 18:00:00+00:00,0.1267231
2025-11-14 19:00:00+00:00,0.11771480000000001
2025-11-14 20:00:00+00:00,0.11086039999999998
2025-11-14 21:00:00+00:00,0.1154538
2025-11-14 22:00:00+00:00,0.09359350000000001
2025-11-14 23:00:00+00:00,0.09208219999999999
2025-11-15 00:00:00+00:00,0.0927605
2025-11-15 01:00:00+00:00,0.08891679999999999
2025-11-15 02:00:00+00:00,0.08690569999999999
2025-11-15 03:00:00+00:00,0.085918
2025-11-15 04:00:00+00:00,0.0840378
2025-11-15 05:00:00+00:00,0.0811104
2025-11-15 06:00:00+00:00,0.0917014
2025-11-15 07:00:00+00:00,0.09528329999999999
2025-11-15 08:00:00+00:00,0.10143559999999999
2025-11-15 09:00:00+00:00,0.1018759
2025-11-15 10:00:00+00:00,0.10164979999999998
2025-11-15 11:00:00+00:00,0.1001861
2025-11-15 12:00:00+00:00,0.1078973
2025-11-15 13:00:00+00:00,0.11263350000000001
2025-11-15 14:00:00+00:00,0.1204161
2025-11-15 15:00:00+00:00,0.13065010000000002
2025-11-15 16:00:00+00:00,0.144942
2025-11-15 17:00:00+00:00,0.14460879999999998
2025-11-15 18:00:00+00:00,0.13574329999999998
2025-11-15 19:00:00+00:00,0.12986469999999997
2025-11-15 20:00:00+00:00,0.1224391
2025-11-15 21:00:00+00:00,0.1210468
2025-11-15 22:00:00+00:00,0.1164653
2025-11-15 23:00:00+00:00,0.1115625
2025-11-16 00:00:00+00:00,0.11305
2025-11-16 01:00:00+00:00,0.11108649999999998
2025-11-16 02:00:00+00:00,0.1088255
2025-11-16 03:00:00+00:00,0.10498179999999999
2025-11-16 04:00:00+00:00,0.10844469999999998
2025-11-16 05:00:00+00:00,0.10194729999999999
2025-11-16 06:00:00+00:00,0.11006309999999998
2025-11-16 07:00:00+00:00,0.11720309999999999
2025-11-16 08:00:00+00:00,0.1204161
2025-11-16 09:00:00+00:00,0.1181432
2025-11-16 10:00:00+00:00,0.1220583
2025-11-16 11:00:00+00:00,0.1219393
2025-11-16 12:00:00+00:00,0.12376
2025-11-16 13:00:00+00:00,0.1300313
2025-11-16 14:00:00+00:00,0.1388968
2025-11-16 15:00:00+00:00,0.14815499999999998
2025-11-16 16:00:00+00:00,0.1539503
2025-11-16 17:00:00+00:00,0.1489999
2025-11-16 18:00:00+00:00,0.1372427
2025-11-16 19:00:00+00:00,0.1222368
2025-11-16 20:00:00+00:00,0.10877789999999998
2025-11-16 21:00:00+00:00,0.1123241
2025-11-16 22:00:00+00:00,0.10297069999999998
2025-11-16 23:00:00+00:00,0.10506510000000001
2025-11-17 00:00:00+00:00,0.0958664
2025-11-17 01:00:00+00:00,0.0881671
2025-11-17 02:00:00+00:00,0.0848708
2025-11-17 03:00:00+00:00,0.088179
2025-11-17 04:00:00+00:00,0.09948399999999999
2025-11-17 05:00:00+00:00,0.1066121
2025-11-17 06:00:00+00:00,0.1366953
2025-11-17 07:00:00+00:00,0.15111809999999998
2025-11-17 08:00:00+00:00,0.1448111
2025-11-17 09:00:00+00:00,0.12521179999999998
2025-11-17 10:00:00+00:00,0.1004241
2025-11-17 11:00:00+00:00,0.0925939
2025-11-17 12:00:00+00:00,0.09257010000000002
2025-11-17 13:00:00+00:00,0.1035776
2025-11-17 14:00:00+00:00,0.1160488
2025-11-17 15:00:00+00:00,0.12771079999999999
2025-11-17 16:00:00+00:00,0.1396584
2025-11-17 17:00:00+00:00,0.1386231
2025-11-17 18:00:00+00:00,0.131733
2025-11-17 19:00:00+00:00,0.1224391
2025-11-17 20:00:00+00:00,0.110313
2025-11-17 21:00:00+00:00,0.1067549
2025-11-17 22:00:00+00:00,0.0965566
2025-11-17 23:00:00+00:00,0.1010191
2025-11-18 00:00:00+00:00,0.0985677
2025-11-18 01:00:00+00:00,0.0940576
2025-11-18 02:00:00+00:00,0.0924868
2025-11-18 03:00:00+00:00,0.0958069
2025-11-18 04:00:00+00:00,0.0993293
2025-11-18 05:00:00+00:00,0.10834949999999999
2025-11-18 06:00:00+00:00,0.12464059999999999
2025-11-18 07:00:00+00:00,0.1426096
2025-11-18 08:00:00+00:00,0.1278655
2025-11-18 09:00:00+00:00,0.10963469999999999
2025-11-18 10:00:00+00:00,0.105672
2025-11-18 11:00:00+00:00,0.10614799999999999
2025-11-18 12:00:00+00:00,0.107814
2025-11-18 13:00:00+00:00,0.1149302
2025-11-18 14:00:00+00:00,0.143514
2025-11-18 15:00:00+00:00,0.1688729
2025-11-18 16:00:00+00:00,0.18047539999999998
2025-11-18 17:00:00+00:00,0.171122
2025-11-18 18:00:00+00:00,0.1560685
2025-11-18 19:00:00+00:00,0.12748469999999998
2025-11-18 20:00:00+00:00,0.1126216
2025-11-18 21:00:00+00:00,0.11600119999999998
2025-11-18 22:00:00+00:00,0.10705239999999999
2025-11-18 23:00:00+00:00,0.1039822
2025-11-19 00:00:00+00:00,0.1026137
2025-11-19 01:00:00+00:00,0.1001623
2025-11-19 02:00:00+00:00,0.09899609999999999
2025-11-19 03:00:00+00:00,0.1004241
2025-11-19 04:00:00+00:00,0.10352999999999998
2025-11-19 05:00:00+00:00,0.1178457
2025-11-19 06:00:00+00:00,0.1511657
2025-11-19 07:00:00+00:00,0.16263729999999998
2025-11-19 08:00:00+00:00,0.13704039999999998
2025-11-19 09:00:00+00:00,0.1160488
2025-11-19 10:00:00+00:00,0.10902780000000001
2025-11-19 11:00:00+00:00,0.1066121
2025-11-19 12:00:00+00:00,0.11138399999999998
2025-11-19 13:00:00+00:00,0.1244978
2025-11-19 14:00:00+00:00,0.1345295
2025-11-19 15:00:00+00:00,0.14019389999999998
2025-11-19 16:00:00+00:00,0.15180829999999998
2025-11-19 17:00:00+00:00,0.1418361
2025-11-19 18:00:00+00:00,0.1416695
2025-11-19 19:00:00+00:00,0.1257711
2025-11-19 20:00:00+00:00,0.1192737
2025-11-19 21:00:00+00:00,0.1180123
2025-11-19 22:00:00+00:00,0.10934909999999999
2025-11-19 23:00:00+00:00,0.10784969999999999
2025-11-20 00:00:00+00:00,0.10482709999999999
2025-11-20 01:00:00+00:00,0.1035657
2025-11-20 02:00:00+00:00,0.103292
2025-11-20 03:00:00+00:00,0.10368469999999999
2025-11-20 04:00:00+00:00,0.10769499999999999
2025-11-20 05:00:00+00:00,0.12337920000000001
2025-11-20 06:00:00+00:00,0.17184789999999997
2025-11-20 07:00:00+00:00,0.1853068
2025-11-20 08:00:00+00:00,0.18285539999999997
2025-11-20 09:00:00+00:00,0.1681113
2025-11-20 10:00:00+00:00,0.153867
2025-11-20 11:00:00+00:00,0.1488214
2025-11-20 12:00:00+00:00,0.15005899999999997
2025-11-20 13:00:00+00:00,0.15969799999999998
2025-11-20 14:00:00+00:00,0.1781311
2025-11-20 15:00:00+00:00,0.2092377
2025-11-20 16:00:00+00:00,0.20880929999999998
2025-11-20 17:00:00+00:00,0.1942675
2025-11-20 18:00:00+00:00,0.18566380000000002
2025-11-20 19:00:00+00:00,0.163149
2025-11-20 20:00:00+00:00,0.1436925
2025-11-20 21:00:00+00:00,0.1288056
2025-11-20 22:00:00+00:00,0.1115744
2025-11-20 23:00:00+00:00,0.1208445
2025-11-21 00:00:00+00:00,0.11202659999999999
2025-11-21 01:00:00+00:00,0.10743319999999999
2025-11-21 02:00:00+00:00,0.10732609999999998
2025-11-21 03:00:00+00:00,0.11141969999999998
2025-11-21 04:00:00+00:00,0.1212253
2025-11-21 05:00:00+00:00,0.1589007
2025-11-21 06:00:00+00:00,0.2146998
2025-11-21 07:00:00+00:00,0.2444022
2025-11-21 08:00:00+00:00,0.2163777
2025-11-21 09:00:00+00:00,0.1797138
2025-11-21 10:00:00+00:00,0.1638868
2025-11-21 11:00:00+00:00,0.1551046
2025-11-21 12:00:00+00:00,0.1613402
2025-11-21 13:00:00+00:00,0.1829625
2025-11-21 14:00:00+00:00,0.23423960000000002
2025-11-21 15:00:00+00:00,0.2997253
2025-11-21 16:00:00+00:00,0.2975119
2025-11-21 17:00:00+00:00,0.24405709999999997
2025-11-21 18:00:00+00:00,0.20393029999999998
2025-11-21 19:00:00+00:00,0.16892049999999997
2025-11-21 20:00:00+00:00,0.1395989
2025-11-21 21:00:00+00:00,0.124831
2025-11-21 22:00:00+00:00,0.1130857
2025-11-21 23:00:00+00:00,0.12167749999999998
2025-11-22 00:00:00+00:00,0.11257399999999998
2025-11-22 01:00:00+00:00,0.10524359999999998
2025-11-22 02:00:00+00:00,0.1014832
2025-11-22 03:00:00+00:00,0.102459
2025-11-22 04:00:00+00:00,0.1014832
2025-11-22 05:00:00+00:00,0.10771879999999998
2025-11-22 06:00:00+00:00,0.1270325
2025-11-22 07:00:00+00:00,0.12400989999999999
2025-11-22 08:00:00+00:00,0.1060528
2025-11-22 09:00:00+00:00,0.0975919
2025-11-22 10:00:00+00:00,0.09351019999999999
2025-11-22 11:00:00+00:00,0.0907732
2025-11-22 12:00:00+00:00,0.0896903
2025-11-22 13:00:00+00:00,0.0971635
2025-11-22 14:00:00+00:00,0.10587429999999999
2025-11-22 15:00:00+00:00,0.12494999999999999
2025-11-22 16:00:00+00:00,0.13620739999999998
2025-11-22 17:00:00+00:00,0.1300075
2025-11-22 18:00:00+00:00,0.1170127
2025-11-22 19:00:00+00:00,0.10306589999999999
2025-11-22 20:00:00+00:00,0.1062075
2025-11-22 21:00:00+00:00,0.10642170000000001
2025-11-22 22:00:00+00:00,0.09785369999999999
2025-11-22 23:00:00+00:00,0.0970207
2025-11-23 00:00:00+00:00,0.0884765
2025-11-23 01:00:00+00:00,0.0838236
2025-11-23 02:00:00+00:00,0.0752437
2025-11-23 03:00:00+00:00,0.0724591
2025-11-23 04:00:00+00:00,0.07640989999999999
2025-11-23 05:00:00+00:00,0.0738157
2025-11-23 06:00:00+00:00,0.0808962
2025-11-23 07:00:00+00:00,0.0807177
2025-11-23 08:00:00+00:00,0.07849239999999999
2025-11-23 09:00:00+00:00,0.07852809999999999
2025-11-23 10:00:00+00:00,0.07936109999999999
2025-11-23 11:00:00+00:00,0.0807534
2025-11-23 12:00:00+00:00,0.07789739999999999
2025-11-23 13:00:00+00:00,0.0826217
2025-11-23 14:00:00+00:00,0.0919751
2025-11-23 15:00:00+00:00,0.0926891
2025-11-23 16:00:00+00:00,0.09619960000000001
2025-11-23 17:00:00+00:00,0.0982226
2025-11-23 18:00:00+00:00,0.09972199999999999
2025-11-23 19:00:00+00:00,0.09211789999999999
2025-11-23 20:00:00+00:00,0.08825039999999998
2025-11-23 21:00:00+00:00,0.0894523
2025-11-23 22:00:00+00:00,0.0847994
2025-11-23 23:00:00+00:00,0.0862274
2025-11-24 00:00:00+00:00,0.0833714
2025-11-24 01:00:00+00:00,0.08598940000000001
2025-11-24 02:00:00+00:00,0.0872032
2025-11-24 03:00:00+00:00,0.0877744
2025-11-24 04:00:00+00:00,0.09528329999999999
2025-11-24 05:00:00+00:00,0.10746889999999999
2025-11-24 06:00:00+00:00,0.12422409999999999
2025-11-24 07:00:00+00:00,0.1282701
2025-11-24 08:00:00+00:00,0.1312094
2025-11-24 09:00:00+00:00,0.1397655
2025-11-24 10:00:00+00:00,0.15236759999999996
2025-11-24 11:00:00+00:00,0.1597456
2025-11-24 12:00:00+00:00,0.1784881
2025-11-24 13:00:00+00:00,0.2065126
2025-11-24 14:00:00+00:00,0.2330139
2025-11-24 15:00:00+00:00,0.2686782
2025-11-24 16:00:00+00:00,0.31354119999999996
2025-11-24 17:00:00+00:00,0.2744021
2025-11-24 18:00:00+00:00,0.2240889
2025-11-24 19:00:00+00:00,0.17991609999999997
2025-11-24 20:00:00+00:00,0.16093559999999998
2025-11-24 21:00:00+00:00,0.1464176
2025-11-24 22:00:00+00:00,0.1254379
2025-11-24 23:00:00+00:00,0.120071
2025-11-25 00:00:00+00:00,0.1179885
2025-11-25 01:00:00+00:00,0.1161321
2025-11-25 02:00:00+00:00,0.11435899999999999
2025-11-25 03:00:00+00:00,0.11841689999999999
2025-11-25 04:00:00+00:00,0.1270087
2025-11-25 05:00:00+00:00,0.1456679
2025-11-25 06:00:00+00:00,0.3463138
2025-11-25 07:00:00+00:00,0.39660319999999993
2025-11-25 08:00:00+00:00,0.34825349999999994
2025-11-25 09:00:00+00:00,0.32497709999999996
2025-11-25 10:00:00+00:00,0.38868969999999997
2025-11-25 11:00:00+00:00,0.41768999999999995
2025-11-25 12:00:00+00:00,0.3780035
2025-11-25 13:00:00+00:00,0.357
2025-11-25 14:00:00+00:00,0.3689
2025-11-25 15:00:00+00:00,0.38684519999999994
2025-11-25 16:00:00+00:00,0.44423889999999994
2025-11-25 17:00:00+00:00,0.3545129
2025-11-25 18:00:00+00:00,0.2967503
2025-11-25 19:00:00+00:00,0.2056796
2025-11-25 20:00:00+00:00,0.1606738
2025-11-25 21:00:00+00:00,0.1418004
2025-11-25 22:00:00+00:00,0.1214276
2025-11-25 23:00:00+00:00,0.11050339999999999
2025-11-26 00:00:00+00:00,0.1070405
2025-11-26 01:00:00+00:00,0.10511269999999999
2025-11-26 02:00:00+00:00,0.10643359999999999
2025-11-26 03:00:00+00:00,0.10686199999999998
2025-11-26 04:00:00+00:00,0.1157275
2025-11-26 05:00:00+00:00,0.15448579999999998
2025-11-26 06:00:00+00:00,0.22749229999999995
2025-11-26 07:00:00+00:00,0.2822918
2025-11-26 08:00:00+00:00,0.2521015
2025-11-26 09:00:00+00:00,0.23459659999999996
2025-11-26 10:00:00+00:00,0.20289500000000002
2025-11-26 11:00:00+00:00,0.19596919999999998
2025-11-26 12:00:00+00:00,0.20020559999999998
2025-11-26 13:00:00+00:00,0.21954310000000002
2025-11-26 14:00:00+00:00,0.2662268
2025-11-26 15:00:00+00:00,0.35031219999999996
2025-11-26 16:00:00+00:00,0.3505859
2025-11-26 17:00:00+00:00,0.27242669999999997
2025-11-26 18:00:00+00:00,0.2185792
2025-11-26 19:00:00+00:00,0.16809939999999998
2025-11-26 20:00:00+00:00,0.13679049999999998
2025-11-26 21:00:00+00:00,0.12136809999999999
2025-11-26 22:00:00+00:00,0.10732609999999998
2025-11-26 23:00:00+00:00,0.1070405
2025-11-27 00:00:00+00:00,0.1002932
2025-11-27 01:00:00+00:00,0.0951405
2025-11-27 02:00:00+00:00,0.09203460000000001
2025-11-27 03:00:00+00:00,0.0951405
2025-11-27 04:00:00+00:00,0.09767519999999999
2025-11-27 05:00:00+00:00,0.1335418
2025-11-27 06:00:00+00:00,0.14518
2025-11-27 07:00:00+00:00,0.1465009
2025-11-27 08:00:00+00:00,0.1272705
2025-11-27 09:00:00+00:00,0.1082305
2025-11-27 10:00:00+00:00,0.1055173
2025-11-27 11:00:00+00:00,0.1036014
2025-11-27 12:00:00+00:00,0.1020544
2025-11-27 13:00:00+00:00,0.1062075
2025-11-27 14:00:00+00:00,0.107814
2025-11-27 15:00:00+00:00,0.1076117
2025-11-27 16:00:00+00:00,0.1160369
2025-11-27 17:00:00+00:00,0.12065409999999999
2025-11-27 18:00:00+00:00,0.10504129999999999
2025-11-27 19:00:00+00:00,0.101626
2025-11-27 20:00:00+00:00,0.09594969999999999
2025-11-27 21:00:00+00:00,0.10128090000000001
2025-11-27 22:00:00+00:00,0.08265739999999999
2025-11-27 23:00:00+00:00,0.07239960000000001
2025-11-28 00:00:00+00:00,0.06545
2025-11-28 01:00:00+00:00,0.06298669999999999
2025-11-28 02:00:00+00:00,0.056977200000000006
2025-11-28 03:00:00+00:00,0.0694722
2025-11-28 04:00:00+00:00,0.0726376
2025-11-28 05:00:00+00:00,0.0986034
2025-11-28 06:00:00+00:00,0.1045058
2025-11-28 07:00:00+00:00,0.11957119999999999
2025-11-28 08:00:00+00:00,0.123046
2025-11-28 09:00:00+00:00,0.11644149999999999
2025-11-28 10:00:00+00:00,0.12235579999999999
2025-11-28 11:00:00+00:00,0.11746489999999998
2025-11-28 12:00:00+00:00,0.11834549999999999
2025-11-28 13:00:00+00:00,0.1175601
2025-11-28 14:00:00+00:00,0.1245573
2025-11-28 15:00:00+00:00,0.123046
2025-11-28 16:00:00+00:00,0.11443039999999999
2025-11-28 17:00:00+00:00,0.1167747
2025-11-28 18:00:00+00:00,0.11105079999999998
2025-11-28 19:00:00+00:00,0.1052674
2025-11-28 20:00:00+00:00,0.10163789999999999
2025-11-28 21:00:00+00:00,0.10180449999999999
2025-11-28 22:00:00+00:00,0.0926177
2025-11-28 23:00:00+00:00,0.09725869999999999
2025-11-29 00:00:00+00:00,0.096271
2025-11-29 01:00:00+00:00,0.09679460000000001
2025-11-29 02:00:00+00:00,0.09824640000000001
2025-11-29 03:00:00+00:00,0.10198299999999999
2025-11-29 04:00:00+00:00,0.10709999999999999
2025-11-29 05:00:00+00:00,0.1081591
2025-11-29 06:00:00+00:00,0.11445419999999999
2025-11-29 07:00:00+00:00,0.1060885
2025-11-29 08:00:00+00:00,0.1208802
2025-11-29 09:00:00+00:00,0.1207136
2025-11-29 10:00:00+00:00,0.11335940000000001
2025-11-29 11:00:00+00:00,0.102459
2025-11-29 12:00:00+00:00,0.10467239999999998
2025-11-29 13:00:00+00:00,0.1091587
2025-11-29 14:00:00+00:00,0.1222368
2025-11-29 15:00:00+00:00,0.1221535
2025-11-29 16:00:00+00:00,0.1274371
2025-11-29 17:00:00+00:00,0.1167747
2025-11-29 18:00:00+00:00,0.10523170000000001
2025-11-29 19:00:00+00:00,0.09652089999999999
2025-11-29 20:00:00+00:00,0.09615199999999999
2025-11-29 21:00:00+00:00,0.09935309999999999
2025-11-29 22:00:00+00:00,0.0924987
2025-11-29 23:00:00+00:00,0.09040429999999999
2025-11-30 00:00:00+00:00,0.08303819999999999
2025-11-30 01:00:00+00:00,0.0802536
2025-11-30 02:00:00+00:00,0.0777784
2025-11-30 03:00:00+00:00,0.07973
2025-11-30 04:00:00+00:00,0.0884051
2025-11-30 05:00:00+00:00,0.08994019999999998
2025-11-30 06:00:00+00:00,0.0904162
2025-11-30 07:00:00+00:00,0.0950096
2025-11-30 08:00:00+00:00,0.09597349999999999
2025-11-30 09:00:00+00:00,0.10045979999999999
2025-11-30 10:00:00+00:00,0.0970326
2025-11-30 11:00:00+00:00,0.09603300000000001
2025-11-30 12:00:00+00:00,0.09819879999999999
2025-11-30 13:00:00+00:00,0.1041845
2025-11-30 14:00:00+00:00,0.11136019999999999
2025-11-30 15:00:00+00:00,0.1104439
2025-11-30 16:00:00+00:00,0.1238195
2025-11-30 17:00:00+00:00,0.1263899
2025-11-30 18:00:00+00:00,0.12391469999999999
2025-11-30 19:00:00+00:00,0.1160607
2025-11-30 20:00:00+00:00,0.11058670000000001
2025-11-30 21:00:00+00:00,0.11019399999999999
2025-11-30 22:00:00+00:00,0.10368469999999999
2025-11-30 23:00:00+00:00,0.10472
2025-12-01 00:00:00+00:00,0.10236379999999999
2025-12-01 01:00:00+00:00,0.09679460000000001
2025-12-01 02:00:00+00:00,0.1013166
2025-12-01 03:00:00+00:00,0.09550940000000001
2025-12-01 04:00:00+00:00,0.10561249999999998
2025-12-01 05:00:00+00:00,0.1054697
2025-12-01 06:00:00+00:00,0.1521534
2025-12-01 07:00:00+00:00,0.1658027
2025-12-01 08:00:00+00:00,0.12506899999999999
2025-12-01 09:00:00+00:00,0.1115387
2025-12-01 10:00:00+00:00,0.10229239999999999
2025-12-01 11:00:00+00:00,0.1011738
2025-12-01 12:00:00+00:00,0.1071833
2025-12-01 13:00:00+00:00,0.12759179999999998
2025-12-01 14:00:00+00:00,0.1431808
2025-12-01 15:00:00+00:00,0.1344343
2025-12-01 16:00:00+00:00,0.11234789999999999
2025-12-01 17:00:00+00:00,0.1058981
2025-12-01 18:00:00+00:00,0.1032563
2025-12-01 19:00:00+00:00,0.097937
2025-12-01 20:00:00+00:00,0.0903805
2025-12-01 21:00:00+00:00,0.09095170000000001
2025-12-01 22:00:00+00:00,0.085442
2025-12-01 23:00:00+00:00,0.0782782
2025-12-02 00:00:00+00:00,0.0699958
2025-12-02 01:00:00+00:00,0.0653786
2025-12-02 02:00:00+00:00,0.0639387
2025-12-02 03:00:00+00:00,0.060059299999999996
2025-12-02 04:00:00+00:00,0.0768621
2025-12-02 05:00:00+00:00,0.09342690000000001
2025-12-02 06:00:00+00:00,0.10447010000000001
2025-12-02 07:00:00+00:00,0.10430350000000001
2025-12-02 08:00:00+00:00,0.10505319999999999
2025-12-02 09:00:00+00:00,0.1021377
2025-12-02 10:00:00+00:00,0.1031968
2025-12-02 11:00:00+00:00,0.10406549999999999
2025-12-02 12:00:00+00:00,0.1154776
2025-12-02 13:00:00+00:00,0.1249619
2025-12-02 14:00:00+00:00,0.16704029999999997
2025-12-02 15:00:00+00:00,0.16224460000000002
2025-12-02 16:00:00+00:00,0.1804516
2025-12-02 17:00:00+00:00,0.19294659999999997
2025-12-02 18:00:00+00:00,0.19420799999999996
2025-12-02 19:00:00+00:00,0.18431909999999999
2025-12-02 20:00:00+00:00,0.1539265
2025-12-02 21:00:00+00:00,0.1418718
2025-12-02 22:00:00+00:00,0.1179766
2025-12-02 23:00:00+00:00,0.1080996
2025-12-03 00:00:00+00:00,0.10599329999999998
2025-12-03 01:00:00+00:00,0.1074094
2025-12-03 02:00:00+00:00,0.1069572
2025-12-03 03:00:00+00:00,0.1071238
2025-12-03 04:00:00+00:00,0.1177862
2025-12-03 05:00:00+00:00,0.1796305
2025-12-03 06:00:00+00:00,0.238
2025-12-03 07:00:00+00:00,0.2975
2025-12-03 08:00:00+00:00,0.26166909999999993
2025-12-03 09:00:00+00:00,0.2227442
2025-12-03 10:00:00+00:00,0.20631029999999997
2025-12-03 11:00:00+00:00,0.1995987
2025-12-03 12:00:00+00:00,0.21587789999999998
2025-12-03 13:00:00+00:00,0.2379286
2025-12-03 14:00:00+00:00,0.28864639999999997
2025-12-03 15:00:00+00:00,0.3669365
2025-12-03 16:00:00+00:00,0.308924
2025-12-03 17:00:00+00:00,0.24290279999999997
2025-12-03 18:00:00+00:00,0.2054297
2025-12-03 19:00:00+00:00,0.1740256
2025-12-03 20:00:00+00:00,0.14854769999999998
2025-12-03 21:00:00+00:00,0.1349579
2025-12-03 22:00:00+00:00,0.12392659999999998
2025-12-03 23:00:00+00:00,0.11588219999999999
2025-12-04 00:00:00+00:00,0.11171719999999999
2025-12-04 01:00:00+00:00,0.1080877
2025-12-04 02:00:00+00:00,0.1075284
2025-12-04 03:00:00+00:00,0.10987269999999999
2025-12-04 04:00:00+00:00,0.1151444
2025-12-04 05:00:00+00:00,0.1485953
2025-12-04 06:00:00+00:00,0.1528079
2025-12-04 07:00:00+00:00,0.17219299999999998
2025-12-04 08:00:00+00:00,0.1951481
2025-12-04 09:00:00+00:00,0.1647079
2025-12-04 10:00:00+00:00,0.1762271
2025-12-04 11:00:00+00:00,0.16893239999999998
2025-12-04 12:00:00+00:00,0.1727642
2025-12-04 13:00:00+00:00,0.18096329999999997
2025-12-04 14:00:00+00:00,0.1796781
2025-12-04 15:00:00+00:00,0.172788
2025-12-04 16:00:00+00:00,0.17219299999999998
2025-12-04 17:00:00+00:00,0.16937270000000001
2025-12-04 18:00:00+00:00,0.16063809999999998
2025-12-04 19:00:00+00:00,0.14113399999999998
2025-12-04 20:00:00+00:00,0.12298649999999998
2025-12-04 21:00:00+00:00,0.1297576
2025-12-04 22:00:00+00:00,0.11692939999999999
2025-12-04 23:00:00+00:00,0.11393059999999998
2025-12-05 00:00:00+00:00,0.1116934
2025-12-05 01:00:00+00:00,0.1081948
2025-12-05 02:00:00+00:00,0.1077783
2025-12-05 03:00:00+00:00,0.1118957
2025-12-05 04:00:00+00:00,0.1200353
2025-12-05 05:00:00+00:00,0.1475481
2025-12-05 06:00:00+00:00,0.19327979999999997
2025-12-05 07:00:00+00:00,0.2194717
2025-12-05 08:00:00+00:00,0.21913849999999999
2025-12-05 09:00:00+00:00,0.2039065
2025-12-05 10:00:00+00:00,0.1993488
2025-12-05 11:00:00+00:00,0.1922564
2025-12-05 12:00:00+00:00,0.18736549999999996
2025-12-05 13:00:00+00:00,0.1918042
2025-12-05 14:00:00+00:00,0.1931965
2025-12-05 15:00:00+00:00,0.201705
2025-12-05 16:00:00+00:00,0.1883889
2025-12-05 17:00:00+00:00,0.17522749999999998
2025-12-05 18:00:00+00:00,0.1565326
2025-12-05 19:00:00+00:00,0.1370285
2025-12-05 20:00:00+00:00,0.1160964
2025-12-05 21:00:00+00:00,0.1107652
2025-12-05 22:00:00+00:00,0.10010279999999999
2025-12-05 23:00:00+00:00,0.09767519999999999
2025-12-06 00:00:00+00:00,0.09159429999999999
2025-12-06 01:00:00+00:00,0.0876197
2025-12-06 02:00:00+00:00,0.0833119
2025-12-06 03:00:00+00:00,0.0802417
2025-12-06 04:00:00+00:00,0.0773143
2025-12-06 05:00:00+00:00,0.0768621
2025-12-06 06:00:00+00:00,0.0807653
2025-12-06 07:00:00+00:00,0.0935459
2025-12-06 08:00:00+00:00,0.09631859999999999
2025-12-06 09:00:00+00:00,0.097937
2025-12-06 10:00:00+00:00,0.0959259
2025-12-06 11:00:00+00:00,0.0959378
2025-12-06 12:00:00+00:00,0.0967827
2025-12-06 13:00:00+00:00,0.10254229999999999
2025-12-06 14:00:00+00:00,0.10831379999999999
2025-12-06 15:00:00+00:00,0.11375210000000001
2025-12-06 16:00:00+00:00,0.11319280000000001
2025-12-06 17:00:00+00:00,0.1061242
2025-12-06 18:00:00+00:00,0.10669539999999998
2025-12-06 19:00:00+00:00,0.0992341
2025-12-06 20:00:00+00:00,0.0959259
2025-12-06 21:00:00+00:00,0.09103499999999999
2025-12-06 22:00:00+00:00,0.08516829999999999
2025-12-06 23:00:00+00:00,0.08011079999999998
2025-12-07 00:00:00+00:00,0.07259
2025-12-07 01:00:00+00:00,0.0707098
2025-12-07 02:00:00+00:00,0.0696864
2025-12-07 03:00:00+00:00,0.07387519999999999
2025-12-07 04:00:00+00:00,0.0737919
2025-12-07 05:00:00+00:00,0.0758268
2025-12-07 06:00:00+00:00,0.0854896
2025-12-07 07:00:00+00:00,0.09282
2025-12-07 08:00:00+00:00,0.10181639999999999
2025-12-07 09:00:00+00:00,0.1077307
2025-12-07 10:00:00+00:00,0.10938479999999999
2025-12-07 11:00:00+00:00,0.11595359999999999
2025-12-07 12:00:00+00:00,0.11848829999999999
2025-12-07 13:00:00+00:00,0.12393850000000001
2025-12-07 14:00:00+00:00,0.1258306
2025-12-07 15:00:00+00:00,0.1304359
2025-12-07 16:00:00+00:00,0.13306579999999998
2025-12-07 17:00:00+00:00,0.11528719999999999
2025-12-07 18:00:00+00:00,0.10407739999999999
2025-12-07 19:00:00+00:00,0.0996744
2025-12-07 20:00:00+00:00,0.0877268
2025-12-07 21:00:00+00:00,0.07806399999999998
2025-12-07 22:00:00+00:00,0.049670599999999995
2025-12-07 23:00:00+00:00,0.022931299999999998
2025-12-08 00:00:00+00:00,0.013197099999999998
2025-12-08 01:00:00+00:00,0.0138754
2025-12-08 02:00:00+00:00,0.006652099999999999
2025-12-08 03:00:00+00:00,0.0153391
2025-12-08 04:00:00+00:00,0.0341054
2025-12-08 05:00:00+00:00,0.07654079999999998
2025-12-08 06:00:00+00:00,0.09857959999999999
2025-12-08 07:00:00+00:00,0.119
2025-12-08 08:00:00+00:00,0.11702459999999999
2025-12-08 09:00:00+00:00,0.1023876
2025-12-08 10:00:00+00:00,0.09518809999999998
2025-12-08 11:00:00+00:00,0.09442649999999998
2025-12-08 12:00:00+00:00,0.10335149999999999
2025-12-08 13:00:00+00:00,0.11195519999999999
2025-12-08 14:00:00+00:00,0.11917849999999999
2025-12-08 15:00:00+00:00,0.1202852
2025-12-08 16:00:00+00:00,0.1307215
2025-12-08 17:00:00+00:00,0.1193094
2025-12-08 18:00:00+00:00,0.1150016
2025-12-08 19:00:00+00:00,0.10632649999999999
2025-12-08 20:00:00+00:00,0.09938879999999999
2025-12-08 21:00:00+00:00,0.09544989999999999
2025-12-08 22:00:00+00:00,0.0871675
2025-12-08 23:00:00+00:00,0.087703
2025-12-09 00:00:00+00:00,0.0866201
2025-12-09 01:00:00+00:00,0.0877149
2025-12-09 02:00:00+00:00,0.0890715
2025-12-09 03:00:00+00:00,0.0877268
2025-12-09 04:00:00+00:00,0.09544989999999999
2025-12-09 05:00:00+00:00,0.11763149999999999
2025-12-09 06:00:00+00:00,0.1258901
2025-12-09 07:00:00+00:00,0.1544025
2025-12-09 08:00:00+00:00,0.13249460000000002
2025-12-09 09:00:00+00:00,0.1226414
2025-12-09 10:00:00+00:00,0.12297459999999999
2025-12-09 11:00:00+00:00,0.1164177
2025-12-09 12:00:00+00:00,0.12030899999999999
2025-12-09 13:00:00+00:00,0.1192618
2025-12-09 14:00:00+00:00,0.1319591
2025-12-09 15:00:00+00:00,0.128877
2025-12-09 16:00:00+00:00,0.12443829999999999
2025-12-09 17:00:00+00:00,0.11532289999999999
2025-12-09 18:00:00+00:00,0.10126899999999998
2025-12-09 19:00:00+00:00,0.09956730000000001
2025-12-09 20:00:00+00:00,0.09443839999999999
2025-12-09 21:00:00+00:00,0.08726269999999998
2025-12-09 22:00:00+00:00,0.0659498
2025-12-09 23:00:00+00:00,0.052241
2025-12-10 00:00:00+00:00,0.0434112
2025-12-10 01:00:00+00:00,0.03689
2025-12-10 02:00:00+00:00,0.0417809
2025-12-10 03:00:00+00:00,0.057227099999999996
2025-12-10 04:00:00+00:00,0.0828835
2025-12-10 05:00:00+00:00,0.09415280000000001
2025-12-10 06:00:00+00:00,0.1041369
2025-12-10 07:00:00+00:00,0.1122527
2025-12-10 08:00:00+00:00,0.1121337
2025-12-10 09:00:00+00:00,0.1043987
2025-12-10 10:00:00+00:00,0.09639
2025-12-10 11:00:00+00:00,0.094605
2025-12-10 12:00:00+00:00,0.09691359999999999
2025-12-10 13:00:00+00:00,0.1073618
2025-12-10 14:00:00+00:00,0.1197973
2025-12-10 15:00:00+00:00,0.12376
2025-12-10 16:00:00+00:00,0.1257473
2025-12-10 17:00:00+00:00,0.124593
2025-12-10 18:00:00+00:00,0.11515629999999999
2025-12-10 19:00:00+00:00,0.10442249999999999
2025-12-10 20:00:00+00:00,0.10270889999999999
2025-12-10 21:00:00+00:00,0.09816309999999999
2025-12-10 22:00:00+00:00,0.09095170000000001
2025-12-10 23:00:00+00:00,0.0880362
2025-12-11 00:00:00+00:00,0.0873698
2025-12-11 01:00:00+00:00,0.0862988
2025-12-11 02:00:00+00:00,0.0894999
2025-12-11 03:00:00+00:00,0.09152289999999999
2025-12-11 04:00:00+00:00,0.0959021
2025-12-11 05:00:00+00:00,0.1072071
2025-12-11 06:00:00+00:00,0.1167509
2025-12-11 07:00:00+00:00,0.13132839999999998
2025-12-11 08:00:00+00:00,0.1263423
2025-12-11 09:00:00+00:00,0.11088420000000002
2025-12-11 10:00:00+00:00,0.10938479999999999
2025-12-11 11:00:00+00:00,0.10638600000000001
2025-12-11 12:00:00+00:00,0.1073618
2025-12-11 13:00:00+00:00,0.11637009999999999
2025-12-11 14:00:00+00:00,0.13241129999999998
2025-12-11 15:00:00+00:00,0.136493
2025-12-11 16:00:00+00:00,0.13733789999999998
2025-12-11 17:00:00+00:00,0.13395829999999997
2025-12-11 18:00:00+00:00,0.1282701
2025-12-11 19:00:00+00:00,0.12333159999999999
2025-12-11 20:00:00+00:00,0.1123241
2025-12-11 21:00:00+00:00,0.1113721
2025-12-11 22:00:00+00:00,0.11155059999999999
2025-12-11 23:00:00+00:00,0.0996982
2025-12-12 00:00:00+00:00,0.1026018
2025-12-12 01:00:00+00:00,0.104601
2025-12-12 02:00:00+00:00,0.10731420000000001
2025-12-12 03:00:00+00:00,0.1079449
2025-12-12 04:00:00+00:00,0.10972989999999999
2025-12-12 05:00:00+00:00,0.12046369999999999
2025-12-12 06:00:00+00:00,0.14438269999999997
2025-12-12 07:00:00+00:00,0.15571149999999997
2025-12-12 08:00:00+00:00,0.151011
2025-12-12 09:00:00+00:00,0.1451324
2025-12-12 10:00:00+00:00,0.1407889
2025-12-12 11:00:00+00:00,0.1345533
2025-12-12 12:00:00+00:00,0.1407294
2025-12-12 13:00:00+00:00,0.1509158
2025-12-12 14:00:00+00:00,0.15702049999999998
2025-12-12 15:00:00+00:00,0.1731331
2025-12-12 16:00:00+00:00,0.1747277
2025-12-12 17:00:00+00:00,0.158389
2025-12-12 18:00:00+00:00,0.1523914
2025-12-12 19:00:00+00:00,0.13923
2025-12-12 20:00:00+00:00,0.1367667
2025-12-12 21:00:00+00:00,0.12354579999999998
2025-12-12 22:00:00+00:00,0.10918249999999999
2025-12-12 23:00:00+00:00,0.1098132
2025-12-13 00:00:00+00:00,0.10769499999999999
2025-12-13 01:00:00+00:00,0.10399409999999999
2025-12-13 02:00:00+00:00,0.1035776
2025-12-13 03:00:00+00:00,0.10115
2025-12-13 04:00:00+00:00,0.1007573
2025-12-13 05:00:00+00:00,0.0941766
2025-12-13 06:00:00+00:00,0.0965566
2025-12-13 07:00:00+00:00,0.1141805
2025-12-13 08:00:00+00:00,0.12705629999999998
2025-12-13 09:00:00+00:00,0.1220821
2025-12-13 10:00:00+00:00,0.11672709999999999
2025-12-13 11:00:00+00:00,0.1115744
2025-12-13 12:00:00+00:00,0.11059859999999999
2025-12-13 13:00:00+00:00,0.11395440000000001
2025-12-13 14:00:00+00:00,0.1364454
2025-12-13 15:00:00+00:00,0.1424549
2025-12-13 16:00:00+00:00,0.14095549999999998
2025-12-13 17:00:00+00:00,0.1335894
2025-12-13 18:00:00+00:00,0.12331969999999999
2025-12-13 19:00:00+00:00,0.10913489999999999
2025-12-13 20:00:00+00:00,0.1077664
2025-12-13 21:00:00+00:00,0.1114911
2025-12-13 22:00:00+00:00,0.1004241
2025-12-13 23:00:00+00:00,0.108528
2025-12-14 00:00:00+00:00,0.10771879999999998
2025-12-14 01:00:00+00:00,0.09746099999999999
2025-12-14 02:00:00+00:00,0.0951405
2025-12-14 03:00:00+00:00,0.0919989
2025-12-14 04:00:00+00:00,0.09372440000000001
2025-12-14 05:00:00+00:00,0.09184420000000001
2025-12-14 06:00:00+00:00,0.09218929999999999
2025-12-14 07:00:00+00:00,0.09729439999999999
2025-12-14 08:00:00+00:00,0.09799649999999999
2025-12-14 09:00:00+00:00,0.09521190000000002
2025-12-14 10:00:00+00:00,0.1000552
2025-12-14 11:00:00+00:00,0.1038513
2025-12-14 12:00:00+00:00,0.10348239999999999
2025-12-14 13:00:00+00:00,0.1054935
2025-12-14 14:00:00+00:00,0.10959899999999997
2025-12-14 15:00:00+00:00,0.1181432
2025-12-14 16:00:00+00:00,0.1223201
2025-12-14 17:00:00+00:00,0.1229151
2025-12-14 18:00:00+00:00,0.11065809999999998
2025-12-14 19:00:00+00:00,0.107576
2025-12-14 20:00:00+00:00,0.100436
2025-12-14 21:00:00+00:00,0.0983535
2025-12-14 22:00:00+00:00,0.09014249999999999
2025-12-14 23:00:00+00:00,0.08627499999999999
2025-12-15 00:00:00+00:00,0.0855372
2025-12-15 01:00:00+00:00,0.0845376
2025-12-15 02:00:00+00:00,0.08409729999999999
2025-12-15 03:00:00+00:00,0.0895832
2025-12-15 04:00:00+00:00,0.09139199999999999
2025-12-15 05:00:00+00:00,0.10297069999999998
2025-12-15 06:00:00+00:00,0.1175601
2025-12-15 07:00:00+00:00,0.12034469999999999
2025-12-15 08:00:00+00:00,0.11501349999999999
2025-12-15 09:00:00+00:00,0.1066478
2025-12-15 10:00:00+00:00,0.0948668
2025-12-15 11:00:00+00:00,0.09492629999999999
2025-12-15 12:00:00+00:00,0.1050294
2025-12-15 13:00:00+00:00,0.1135736
2025-12-15 14:00:00+00:00,0.127687
2025-12-15 15:00:00+00:00,0.1293054
2025-12-15 16:00:00+00:00,0.12400989999999999
2025-12-15 17:00:00+00:00,0.1168104
2025-12-15 18:00:00+00:00,0.1075998
2025-12-15 19:00:00+00:00,0.1002575
2025-12-15 20:00:00+00:00,0.10135229999999999
2025-12-15 21:00:00+00:00,0.1011262
2025-12-15 22:00:00+00:00,0.09574739999999998
2025-12-15 23:00:00+00:00,0.09599730000000001
2025-12-16 00:00:00+00:00,0.09406949999999999
2025-12-16 01:00:00+00:00,0.09174899999999998
2025-12-16 02:00:00+00:00,0.09406949999999999
2025-12-16 03:00:00+00:00,0.0956641
2025-12-16 04:00:00+00:00,0.0979489
2025-12-16 05:00:00+00:00,0.105196
2025-12-16 06:00:00+00:00,0.10875409999999999
2025-12-16 07:00:00+00:00,0.1195593
2025-12-16 08:00:00+00:00,0.12051129999999999
2025-12-16 09:00:00+00:00,0.10989649999999998
2025-12-16 10:00:00+00:00,0.10782589999999999
2025-12-16 11:00:00+00:00,0.1088969
2025-12-16 12:00:00+00:00,0.1188691
2025-12-16 13:00:00+00:00,0.148036
2025-12-16 14:00:00+00:00,0.1658622
2025-12-16 15:00:00+00:00,0.1848189
2025-12-16 16:00:00+00:00,0.1930299
2025-12-16 17:00:00+00:00,0.16927749999999997
2025-12-16 18:00:00+00:00,0.163149
2025-12-16 19:00:00+00:00,0.15333149999999998
2025-12-16 20:00:00+00:00,0.1415386
2025-12-16 21:00:00+00:00,0.1375402
2025-12-16 22:00:00+00:00,0.1230698
2025-12-16 23:00:00+00:00,0.10590999999999999
2025-12-17 00:00:00+00:00,0.1068501
2025-12-17 01:00:00+00:00,0.10292309999999999
2025-12-17 02:00:00+00:00,0.10118569999999999
2025-12-17 03:00:00+00:00,0.10481519999999998
2025-12-17 04:00:00+00:00,0.10769499999999999
2025-12-17 05:00:00+00:00,0.11363309999999999
2025-12-17 06:00:00+00:00,0.1295077
2025-12-17 07:00:00+00:00,0.1588174
2025-12-17 08:00:00+00:00,0.150297
2025-12-17 09:00:00+00:00,0.14820260000000002
2025-12-17 10:00:00+00:00,0.1405985
2025-12-17 11:00:00+00:00,0.133161
2025-12-17 12:00:00+00:00,0.1459654
2025-12-17 13:00:00+00:00,0.1546643
2025-12-17 14:00:00+00:00,0.151725
2025-12-17 15:00:00+00:00,0.150535
2025-12-17 16:00:00+00:00,0.14616769999999998
2025-12-17 17:00:00+00:00,0.132566
2025-12-17 18:00:00+00:00,0.1160369
2025-12-17 19:00:00+00:00,0.11270489999999998
2025-12-17 20:00:00+00:00,0.112693
2025-12-17 21:00:00+00:00,0.1109318
2025-12-17 22:00:00+00:00,0.10115
2025-12-17 23:00:00+00:00,0.0925344
2025-12-18 00:00:00+00:00,0.08219329999999998
2025-12-18 01:00:00+00:00,0.0715547
2025-12-18 02:00:00+00:00,0.0581791
2025-12-18 03:00:00+00:00,0.053335799999999996
2025-12-18 04:00:00+00:00,0.0604877
2025-12-18 05:00:00+00:00,0.0752556
2025-12-18 06:00:00+00:00,0.0970207
2025-12-18 07:00:00+00:00,0.1079806
2025-12-18 08:00:00+00:00,0.10538639999999999
2025-12-18 09:00:00+00:00,0.0931532
2025-12-18 10:00:00+00:00,0.09316510000000001
2025-12-18 11:00:00+00:00,0.0921298
2025-12-18 12:00:00+00:00,0.0945812
2025-12-18 13:00:00+00:00,0.1234744
2025-12-18 14:00:00+00:00,0.13624309999999998
2025-12-18 15:00:00+00:00,0.1319472
2025-12-18 16:00:00+00:00,0.1230698
2025-12-18 17:00:00+00:00,0.1050294
2025-12-18 18:00:00+00:00,0.0953666
2025-12-18 19:00:00+00:00,0.0805392
2025-12-18 20:00:00+00:00,0.06337939999999999
2025-12-18 21:00:00+00:00,0.061641999999999995
2025-12-18 22:00:00+00:00,0.022193499999999998
2025-12-18 23:00:00+00:00,0.011709599999999999
2025-12-19 00:00:00+00:00,0.0069734
2025-12-19 01:00:00+00:00,0.0051527
2025-12-19 02:00:00+00:00,0.0041888
2025-12-19 03:00:00+00:00,0.0049028000000000006
2025-12-19 04:00:00+00:00,0.0128282
2025-12-19 05:00:00+00:00,0.0479332
2025-12-19 06:00:00+00:00,0.0912849
2025-12-19 07:00:00+00:00,0.10655260000000001
2025-12-19 08:00:00+00:00,0.10637409999999999
2025-12-19 09:00:00+00:00,0.1061837
2025-12-19 10:00:00+00:00,0.1041131
2025-12-19 11:00:00+00:00,0.10063829999999999
2025-12-19 12:00:00+00:00,0.10427969999999999
2025-12-19 13:00:00+00:00,0.11108649999999998
2025-12-19 14:00:00+00:00,0.115906
2025-12-19 15:00:00+00:00,0.1193927
2025-12-19 16:00:00+00:00,0.12722289999999997
2025-12-19 17:00:00+00:00,0.1279012
2025-12-19 18:00:00+00:00,0.1250928
2025-12-19 19:00:00+00:00,0.1224629
2025-12-19 20:00:00+00:00,0.11716739999999999
2025-12-19 21:00:00+00:00,0.1145732
2025-12-19 22:00:00+00:00,0.10731420000000001
2025-12-19 23:00:00+00:00,0.1009239
2025-12-20 00:00:00+00:00,0.099246
2025-12-20 01:00:00+00:00,0.10115
2025-12-20 02:00:00+00:00,0.1041131
2025-12-20 03:00:00+00:00,0.1052674
2025-12-20 04:00:00+00:00,0.1070048
2025-12-20 05:00:00+00:00,0.1142162
2025-12-20 06:00:00+00:00,0.12376
2025-12-20 07:00:00+00:00,0.13471989999999998
2025-12-20 08:00:00+00:00,0.13661199999999998
2025-12-20 09:00:00+00:00,0.1340773
2025-12-20 10:00:00+00:00,0.13207809999999998
2025-12-20 11:00:00+00:00,0.13122129999999999
2025-12-20 12:00:00+00:00,0.13682619999999998
2025-12-20 13:00:00+00:00,0.1421812
2025-12-20 14:00:00+00:00,0.14356159999999998
2025-12-20 15:00:00+00:00,0.14304989999999998
2025-12-20 16:00:00+00:00,0.1456441
2025-12-20 17:00:00+00:00,0.14074129999999999
2025-12-20 18:00:00+00:00,0.12389089999999998
2025-12-20 19:00:00+00:00,0.11469219999999998
2025-12-20 20:00:00+00:00,0.1106819
2025-12-20 21:00:00+00:00,0.1097775
2025-12-20 22:00:00+00:00,0.1078973
2025-12-20 23:00:00+00:00,0.113883
2025-12-21 00:00:00+00:00,0.10715949999999999
2025-12-21 01:00:00+00:00,0.10292309999999999
2025-12-21 02:00:00+00:00,0.101626
2025-12-21 03:00:00+00:00,0.1018997
2025-12-21 04:00:00+00:00,0.1033277
2025-12-21 05:00:00+00:00,0.1048866
2025-12-21 06:00:00+00:00,0.11049149999999998
2025-12-21 07:00:00+00:00,0.1215585
2025-12-21 08:00:00+00:00,0.1273419
2025-12-21 09:00:00+00:00,0.1220702
2025-12-21 10:00:00+00:00,0.120547
2025-12-21 11:00:00+00:00,0.1171912
2025-12-21 12:00:00+00:00,0.1128953
2025-12-21 13:00:00+00:00,0.1176791
2025-12-21 14:00:00+00:00,0.1200353
2025-12-21 15:00:00+00:00,0.1160488
2025-12-21 16:00:00+00:00,0.11551329999999999
2025-12-21 17:00:00+00:00,0.10805199999999998
2025-12-21 18:00:00+00:00,0.10250659999999999
2025-12-21 19:00:00+00:00,0.0971754
2025-12-21 20:00:00+00:00,0.0938434
2025-12-21 21:00:00+00:00,0.092225
2025-12-21 22:00:00+00:00,0.0843829
2025-12-21 23:00:00+00:00,0.0835737
2025-12-22 00:00:00+00:00,0.0819077
2025-12-22 01:00:00+00:00,0.0806701
2025-12-22 02:00:00+00:00,0.0789089
2025-12-22 03:00:00+00:00,0.0851088
2025-12-22 04:00:00+00:00,0.08819089999999999
2025-12-22 05:00:00+00:00,0.09304609999999999
2025-12-22 06:00:00+00:00,0.1076355
2025-12-22 07:00:00+00:00,0.11107460000000001
2025-12-22 08:00:00+00:00,0.1080401
2025-12-22 09:00:00+00:00,0.1062075
2025-12-22 10:00:00+00:00,0.10115
2025-12-22 11:00:00+00:00,0.10274459999999999
2025-12-22 12:00:00+00:00,0.1054578
2025-12-22 13:00:00+00:00,0.1096228
2025-12-22 14:00:00+00:00,0.1184526
2025-12-22 15:00:00+00:00,0.1204042
2025-12-22 16:00:00+00:00,0.1283891
2025-12-22 17:00:00+00:00,0.120071
2025-12-22 18:00:00+00:00,0.1116101
2025-12-22 19:00:00+00:00,0.1064812
2025-12-22 20:00:00+00:00,0.1009834
2025-12-22 21:00:00+00:00,0.10093579999999999
2025-12-22 22:00:00+00:00,0.09278429999999999
2025-12-22 23:00:00+00:00,0.0859537
2025-12-23 00:00:00+00:00,0.0773857
2025-12-23 01:00:00+00:00,0.0737919
2025-12-23 02:00:00+00:00,0.0702814
2025-12-23 03:00:00+00:00,0.0691509
2025-12-23 04:00:00+00:00,0.0702338
2025-12-23 05:00:00+00:00,0.0807415
2025-12-23 06:00:00+00:00,0.09284379999999999
2025-12-23 07:00:00+00:00,0.0998172
2025-12-23 08:00:00+00:00,0.1017093
2025-12-23 09:00:00+00:00,0.09976959999999999
2025-12-23 10:00:00+00:00,0.09742529999999999
2025-12-23 11:00:00+00:00,0.09578309999999998
2025-12-23 12:00:00+00:00,0.09425989999999998
2025-12-23 13:00:00+00:00,0.09427179999999999
2025-12-23 14:00:00+00:00,0.0973777
2025-12-23 15:00:00+00:00,0.0995911
2025-12-23 16:00:00+00:00,0.0981393
2025-12-23 17:00:00+00:00,0.09990049999999999
2025-12-23 18:00:00+00:00,0.0981393
2025-12-23 19:00:00+00:00,0.09283190000000001
2025-12-23 20:00:00+00:00,0.0832167
2025-12-23 21:00:00+00:00,0.0854896
2025-12-23 22:00:00+00:00,0.0762671
2025-12-23 23:00:00+00:00,0.0716975
2025-12-24 00:00:00+00:00,0.0664734
2025-12-24 01:00:00+00:00,0.067592
2025-12-24 02:00:00+00:00,0.0664496
2025-12-24 03:00:00+00:00,0.0664615
2025-12-24 04:00:00+00:00,0.0664615
2025-12-24 05:00:00+00:00,0.0680918
2025-12-24 06:00:00+00:00,0.08026549999999999
2025-12-24 07:00:00+00:00,0.09639
2025-12-24 08:00:00+00:00,0.0981393
2025-12-24 09:00:00+00:00,0.09046379999999998
2025-12-24 10:00:00+00:00,0.0824551
2025-12-24 11:00:00+00:00,0.0815269
2025-12-24 12:00:00+00:00,0.0809081
2025-12-24 13:00:00+00:00,0.0877744
2025-12-24 14:00:00+00:00,0.0988295
2025-12-24 15:00:00+00:00,0.104601
2025-12-24 16:00:00+00:00,0.1060647
2025-12-24 17:00:00+00:00,0.09390289999999998
2025-12-24 18:00:00+00:00,0.08540629999999999
2025-12-24 19:00:00+00:00,0.0811104
2025-12-24 20:00:00+00:00,0.0809081
2025-12-24 21:00:00+00:00,0.0821219
2025-12-24 22:00:00+00:00,0.0775404
2025-12-24 23:00:00+00:00,0.0752318
2025-12-25 00:00:00+00:00,0.0695436
2025-12-25 01:00:00+00:00,0.0676634
2025-12-25 02:00:00+00:00,0.0664615
2025-12-25 03:00:00+00:00,0.0648907
2025-12-25 04:00:00+00:00,0.06260589999999999
2025-12-25 05:00:00+00:00,0.058512299999999996
2025-12-25 06:00:00+00:00,0.0642957
2025-12-25 07:00:00+00:00,0.07640989999999999
2025-12-25 08:00:00+00:00,0.07700489999999999
2025-12-25 09:00:00+00:00,0.06398630000000001
2025-12-25 10:00:00+00:00,0.05828619999999999
2025-12-25 11:00:00+00:00,0.05770310000000001
2025-12-25 12:00:00+00:00,0.05696529999999999
2025-12-25 13:00:00+00:00,0.0815745
2025-12-25 14:00:00+00:00,0.1064098
2025-12-25 15:00:00+00:00,0.10976559999999998
2025-12-25 16:00:00+00:00,0.11187190000000001
2025-12-25 17:00:00+00:00,0.1119314
2025-12-25 18:00:00+00:00,0.10914679999999999
2025-12-25 19:00:00+00:00,0.1083257
2025-12-25 20:00:00+00:00,0.110313
2025-12-25 21:00:00+00:00,0.11441849999999999
2025-12-25 22:00:00+00:00,0.1088493
2025-12-25 23:00:00+00:00,0.11554899999999999
2025-12-26 00:00:00+00:00,0.10834949999999999
2025-12-26 01:00:00+00:00,0.10212579999999999
2025-12-26 02:00:00+00:00,0.0988295
2025-12-26 03:00:00+00:00,0.0980441
2025-12-26 04:00:00+00:00,0.09857959999999999
2025-12-26 05:00:00+00:00,0.1011738
2025-12-26 06:00:00+00:00,0.1108128
2025-12-26 07:00:00+00:00,0.11769099999999999
2025-12-26 08:00:00+00:00,0.11510870000000001
2025-12-26 09:00:00+00:00,0.1062075
2025-12-26 10:00:00+00:00,0.1011381
2025-12-26 11:00:00+00:00,0.0979489
2025-12-26 12:00:00+00:00,0.09888899999999999
2025-12-26 13:00:00+00:00,0.110313
2025-12-26 14:00:00+00:00,0.1298766
2025-12-26 15:00:00+00:00,0.1389563
2025-12-26 16:00:00+00:00,0.1433593
2025-12-26 17:00:00+00:00,0.1391943
2025-12-26 18:00:00+00:00,0.13834939999999998
2025-12-26 19:00:00+00:00,0.13533869999999998
2025-12-26 20:00:00+00:00,0.132685
2025-12-26 21:00:00+00:00,0.1288294
2025-12-26 22:00:00+00:00,0.11825029999999999
2025-12-26 23:00:00+00:00,0.1150611
2025-12-27 00:00:00+00:00,0.1091587
2025-12-27 01:00:00+00:00,0.10080489999999999
2025-12-27 02:00:00+00:00,0.09843679999999999
2025-12-27 03:00:00+00:00,0.09996000000000001
2025-12-27 04:00:00+00:00,0.0989723
2025-12-27 05:00:00+00:00,0.1047438
2025-12-27 06:00:00+00:00,0.11841689999999999
2025-12-27 07:00:00+00:00,0.12176079999999999
2025-12-27 08:00:00+00:00,0.1116339
2025-12-27 09:00:00+00:00,0.0952357
2025-12-27 10:00:00+00:00,0.089726
2025-12-27 11:00:00+00:00,0.0887026
2025-12-27 12:00:00+00:00,0.09132059999999999
2025-12-27 13:00:00+00:00,0.096628
2025-12-27 14:00:00+00:00,0.11250260000000001
2025-12-27 15:00:00+00:00,0.1225819
2025-12-27 16:00:00+00:00,0.1260567
2025-12-27 17:00:00+00:00,0.1290317
2025-12-27 18:00:00+00:00,0.12494999999999999
2025-12-27 19:00:00+00:00,0.1220821
2025-12-27 20:00:00+00:00,0.11174100000000001
2025-12-27 21:00:00+00:00,0.1135498
2025-12-27 22:00:00+00:00,0.10864699999999998
2025-12-27 23:00:00+00:00,0.1003646
2025-12-28 00:00:00+00:00,0.0992103
2025-12-28 01:00:00+00:00,0.09515239999999998
2025-12-28 02:00:00+00:00,0.09379579999999998
2025-12-28 03:00:00+00:00,0.0957355
2025-12-28 04:00:00+00:00,0.0994959
2025-12-28 05:00:00+00:00,0.1029112
2025-12-28 06:00:00+00:00,0.1096585
2025-12-28 07:00:00+00:00,0.1158584
2025-12-28 08:00:00+00:00,0.11491829999999999
2025-12-28 09:00:00+00:00,0.10496989999999999
2025-12-28 10:00:00+00:00,0.1051603
2025-12-28 11:00:00+00:00,0.09522379999999998
2025-12-28 12:00:00+00:00,0.0952357
2025-12-28 13:00:00+00:00,0.10314920000000001
2025-12-28 14:00:00+00:00,0.1200353
2025-12-28 15:00:00+00:00,0.1319472
2025-12-28 16:00:00+00:00,0.135303
2025-12-28 17:00:00+00:00,0.13620739999999998
2025-12-28 18:00:00+00:00,0.1301027
2025-12-28 19:00:00+00:00,0.1249619
2025-12-28 20:00:00+00:00,0.1178457
2025-12-28 21:00:00+00:00,0.11695320000000001
2025-12-28 22:00:00+00:00,0.10524359999999998
2025-12-28 23:00:00+00:00,0.1069572
2025-12-29 00:00:00+00:00,0.1011262
2025-12-29 01:00:00+00:00,0.1001742
2025-12-29 02:00:00+00:00,0.09780609999999999
2025-12-29 03:00:00+00:00,0.0995078
2025-12-29 04:00:00+00:00,0.1080401
2025-12-29 05:00:00+00:00,0.11463269999999999
2025-12-29 06:00:00+00:00,0.12461679999999999
2025-12-29 07:00:00+00:00,0.13551719999999998
2025-12-29 08:00:00+00:00,0.1321019
2025-12-29 09:00:00+00:00,0.1162035
2025-12-29 10:00:00+00:00,0.1075165
2025-12-29 11:00:00+00:00,0.1043154
2025-12-29 12:00:00+00:00,0.1053388
2025-12-29 13:00:00+00:00,0.11435899999999999
2025-12-29 14:00:00+00:00,0.1231769
2025-12-29 15:00:00+00:00,0.1293054
2025-12-29 16:00:00+00:00,0.1273419
2025-12-29 17:00:00+00:00,0.12293889999999999
2025-12-29 18:00:00+00:00,0.11322850000000001
2025-12-29 19:00:00+00:00,0.1075403
2025-12-29 20:00:00+00:00,0.0990675
2025-12-29 21:00:00+00:00,0.10462479999999999
2025-12-29 22:00:00+00:00,0.09917459999999999
2025-12-29 23:00:00+00:00,0.0926534
2025-12-30 00:00:00+00:00,0.08713179999999998
2025-12-30 01:00:00+00:00,0.08551339999999999
2025-12-30 02:00:00+00:00,0.0825384
2025-12-30 03:00:00+00:00,0.0815626
2025-12-30 04:00:00+00:00,0.0856681
2025-12-30 05:00:00+00:00,0.09522379999999998
2025-12-30 06:00:00+00:00,0.10468429999999998
2025-12-30 07:00:00+00:00,0.11290719999999999
2025-12-30 08:00:00+00:00,0.1123241
2025-12-30 09:00:00+00:00,0.10212579999999999
2025-12-30 10:00:00+00:00,0.09446219999999998
2025-12-30 11:00:00+00:00,0.09063039999999999
2025-12-30 12:00:00+00:00,0.0913444
2025-12-30 13:00:00+00:00,0.10587429999999999
2025-12-30 14:00:00+00:00,0.1217727
2025-12-30 15:00:00+00:00,0.12982899999999997
2025-12-30 16:00:00+00:00,0.13175679999999998
2025-12-30 17:00:00+00:00,0.12985280000000002
2025-12-30 18:00:00+00:00,0.12567589999999998
2025-12-30 19:00:00+00:00,0.1202376
2025-12-30 20:00:00+00:00,0.11105079999999998
2025-12-30 21:00:00+00:00,0.10953949999999998
2025-12-30 22:00:00+00:00,0.1021139
2025-12-30 23:00:00+00:00,0.10481519999999998
2025-12-31 00:00:00+00:00,0.1003646
2025-12-31 01:00:00+00:00,0.09544989999999999
2025-12-31 02:00:00+00:00,0.0911302
2025-12-31 03:00:00+00:00,0.08916670000000002
2025-12-31 04:00:00+00:00,0.09208219999999999
2025-12-31 05:00:00+00:00,0.09742529999999999
2025-12-31 06:00:00+00:00,0.1014832
2025-12-31 07:00:00+00:00,0.1139901
2025-12-31 08:00:00+00:00,0.1134546
2025-12-31 09:00:00+00:00,0.1062194
2025-12-31 10:00:00+00:00,0.09934119999999999
2025-12-31 11:00:00+00:00,0.0988295
2025-12-31 12:00:00+00:00,0.10135229999999999
2025-12-31 13:00:00+00:00,0.1013642
2025-12-31 14:00:00+00:00,0.1080877
2025-12-31 15:00:00+00:00,0.11984489999999999
2025-12-31 16:00:00+00:00,0.13101899999999997
2025-12-31 17:00:00+00:00,0.12796069999999998
2025-12-31 18:00:00+00:00,0.11422809999999999
2025-12-31 19:00:00+00:00,0.103292
2025-12-31 20:00:00+00:00,0.09496199999999999
2025-12-31 21:00:00+00:00,0.0968541
2025-12-31 22:00:00+00:00,0.0909755
2025-12-31 23:00:00+00:00,0.06935319999999999
2026-01-01 00:00:00+00:00,0.050456
2026-01-01 01:00:00+00:00,0.0232883
2026-01-01 02:00:00+00:00,0.007485100000000001
2026-01-01 03:00:00+00:00,0.0036770999999999996
2026-01-01 04:00:00+00:00,0.0009877
2026-01-01 05:00:00+00:00,5.95e-05
2026-01-01 06:00:00+00:00,3.5699999999999994e-05
2026-01-01 07:00:00+00:00,7.139999999999999e-05
2026-01-01 08:00:00+00:00,0.0
2026-01-01 09:00:00+00:00,0.0
2026-01-01 10:00:00+00:00,0.0
2026-01-01 11:00:00+00:00,-1.1900000000000001e-05
2026-01-01 12:00:00+00:00,-1.1900000000000001e-05
2026-01-01 13:00:00+00:00,2.3800000000000003e-05
2026-01-01 14:00:00+00:00,0.004176899999999999
2026-01-01 15:00:00+00:00,0.0123165
2026-01-01 16:00:00+00:00,0.025942
2026-01-01 17:00:00+00:00,0.027524699999999996
2026-01-01 18:00:00+00:00,0.021527099999999997
2026-01-01 19:00:00+00:00,0.011947599999999997
2026-01-01 20:00:00+00:00,0.010650499999999999
2026-01-01 21:00:00+00:00,0.0087703
2026-01-01 22:00:00+00:00,0.0003451
2026-01-01 23:00:00+00:00,0.011519199999999999
2026-01-02 00:00:00+00:00,0.0035818999999999994
2026-01-02 01:00:00+00:00,0.0021539
2026-01-02 02:00:00+00:00,0.00029749999999999997
2026-01-02 03:00:00+00:00,0.0020586999999999997
2026-01-02 04:00:00+00:00,0.01428
2026-01-02 05:00:00+00:00,0.025942
2026-01-02 06:00:00+00:00,0.0606543
2026-01-02 07:00:00+00:00,0.0819553
2026-01-02 08:00:00+00:00,0.084728
2026-01-02 09:00:00+00:00,0.0688891
2026-01-02 10:00:00+00:00,0.0665567
2026-01-02 11:00:00+00:00,0.06902
2026-01-02 12:00:00+00:00,0.0796705
2026-01-02 13:00:00+00:00,0.0834428
2026-01-02 14:00:00+00:00,0.092225
2026-01-02 15:00:00+00:00,0.09812739999999999
2026-01-02 16:00:00+00:00,0.1016736
2026-01-02 17:00:00+00:00,0.1051246
2026-01-02 18:00:00+00:00,0.10539829999999999
2026-01-02 19:00:00+00:00,0.1060885
2026-01-02 20:00:00+00:00,0.09938879999999999
2026-01-02 21:00:00+00:00,0.1018521
2026-01-02 22:00:00+00:00,0.0973777
2026-01-02 23:00:00+00:00,0.0954023
2026-01-03 00:00:00+00:00,0.0932127
2026-01-03 01:00:00+00:00,0.0902258
2026-01-03 02:00:00+00:00,0.0890358
2026-01-03 03:00:00+00:00,0.0868938
2026-01-03 04:00:00+00:00,0.0892381
2026-01-03 05:00:00+00:00,0.09033289999999998
2026-01-03 06:00:00+00:00,0.0943789
2026-01-03 07:00:00+00:00,0.10792109999999999
2026-01-03 08:00:00+00:00,0.1119671
2026-01-03 09:00:00+00:00,0.1110389
2026-01-03 10:00:00+00:00,0.10556489999999999
2026-01-03 11:00:00+00:00,0.1040179
2026-01-03 12:00:00+00:00,0.10306589999999999
2026-01-03 13:00:00+00:00,0.1067192
2026-01-03 14:00:00+00:00,0.11257399999999998
2026-01-03 15:00:00+00:00,0.1188572
2026-01-03 16:00:00+00:00,0.13056679999999998
2026-01-03 17:00:00+00:00,0.1318877
2026-01-03 18:00:00+00:00,0.1246644
2026-01-03 19:00:00+00:00,0.11617969999999998
2026-01-03 20:00:00+00:00,0.10843280000000001
2026-01-03 21:00:00+00:00,0.1079449
2026-01-03 22:00:00+00:00,0.10236379999999999
2026-01-03 23:00:00+00:00,0.10569579999999999
2026-01-04 00:00:00+00:00,0.1015427
2026-01-04 01:00:00+00:00,0.1011976
2026-01-04 02:00:00+00:00,0.09965059999999999
2026-01-04 03:00:00+00:00,0.09824640000000001
2026-01-04 04:00:00+00:00,0.0992579
2026-01-04 05:00:00+00:00,0.09972199999999999
2026-01-04 06:00:00+00:00,0.1029112
2026-01-04 07:00:00+00:00,0.1048628
2026-01-04 08:00:00+00:00,0.11221699999999998
2026-01-04 09:00:00+00:00,0.11276440000000001
2026-01-04 10:00:00+00:00,0.10814719999999999
2026-01-04 11:00:00+00:00,0.10655260000000001
2026-01-04 12:00:00+00:00,0.10326819999999999
2026-01-04 13:00:00+00:00,0.1102892
2026-01-04 14:00:00+00:00,0.110908
2026-01-04 15:00:00+00:00,0.11970209999999999
2026-01-04 16:00:00+00:00,0.1409317
2026-01-04 17:00:00+00:00,0.1442042
2026-01-04 18:00:00+00:00,0.14246679999999998
2026-01-04 19:00:00+00:00,0.1338155
2026-01-04 20:00:00+00:00,0.11864299999999998
2026-01-04 21:00:00+00:00,0.11396629999999999
2026-01-04 22:00:00+00:00,0.10615989999999999
2026-01-04 23:00:00+00:00,0.1100155
2026-01-05 00:00:00+00:00,0.10573149999999999
2026-01-05 01:00:00+00:00,0.1029469
2026-01-05 02:00:00+00:00,0.10270889999999999
2026-01-05 03:00:00+00:00,0.104125
2026-01-05 04:00:00+00:00,0.1081234
2026-01-05 05:00:00+00:00,0.12973379999999998
2026-01-05 06:00:00+00:00,0.1538789
2026-01-05 07:00:00+00:00,0.17990420000000001
2026-01-05 08:00:00+00:00,0.1810585
2026-01-05 09:00:00+00:00,0.17329969999999997
2026-01-05 10:00:00+00:00,0.16251829999999998
2026-01-05 11:00:00+00:00,0.159817
2026-01-05 12:00:00+00:00,0.159817
2026-01-05 13:00:00+00:00,0.1667785
2026-01-05 14:00:00+00:00,0.17729810000000001
2026-01-05 15:00:00+00:00,0.2150449
2026-01-05 16:00:00+00:00,0.2658817
2026-01-05 17:00:00+00:00,0.2541721
2026-01-05 18:00:00+00:00,0.217532
2026-01-05 19:00:00+00:00,0.17496569999999997
2026-01-05 20:00:00+00:00,0.153629
2026-01-05 21:00:00+00:00,0.14738149999999997
2026-01-05 22:00:00+00:00,0.13244699999999998
2026-01-05 23:00:00+00:00,0.124593
2026-01-06 00:00:00+00:00,0.12447399999999999
2026-01-06 01:00:00+00:00,0.1208445
2026-01-06 02:00:00+00:00,0.1191071
2026-01-06 03:00:00+00:00,0.1219155
2026-01-06 04:00:00+00:00,0.12733
2026-01-06 05:00:00+00:00,0.1443351
2026-01-06 06:00:00+00:00,0.16481500000000002
2026-01-06 07:00:00+00:00,0.1953861
2026-01-06 08:00:00+00:00,0.20089579999999999
2026-01-06 09:00:00+00:00,0.1842596
2026-01-06 10:00:00+00:00,0.1752513
2026-01-06 11:00:00+00:00,0.1599717
2026-01-06 12:00:00+00:00,0.15493799999999996
2026-01-06 13:00:00+00:00,0.15553299999999998
2026-01-06 14:00:00+00:00,0.1630181
2026-01-06 15:00:00+00:00,0.1725619
2026-01-06 16:00:00+00:00,0.1820581
2026-01-06 17:00:00+00:00,0.1764413
2026-01-06 18:00:00+00:00,0.16555279999999997
2026-01-06 19:00:00+00:00,0.144704
2026-01-06 20:00:00+00:00,0.1291864
2026-01-06 21:00:00+00:00,0.1216418
2026-01-06 22:00:00+00:00,0.11045579999999999
2026-01-06 23:00:00+00:00,0.11184809999999998
2026-01-07 00:00:00+00:00,0.1054459
2026-01-07 01:00:00+00:00,0.1012095
2026-01-07 02:00:00+00:00,0.0971635
2026-01-07 03:00:00+00:00,0.0961282
2026-01-07 04:00:00+00:00,0.10100719999999999
2026-01-07 05:00:00+00:00,0.11039629999999999
2026-01-07 06:00:00+00:00,0.11804799999999999
2026-01-07 07:00:00+00:00,0.13012649999999998
2026-01-07 08:00:00+00:00,0.1334347
2026-01-07 09:00:00+00:00,0.1288889
2026-01-07 10:00:00+00:00,0.1189286
2026-01-07 11:00:00+00:00,0.1146446
2026-01-07 12:00:00+00:00,0.11086039999999998
2026-01-07 13:00:00+00:00,0.1133237
2026-01-07 14:00:00+00:00,0.1211896
2026-01-07 15:00:00+00:00,0.1266041
2026-01-07 16:00:00+00:00,0.1489761
2026-01-07 17:00:00+00:00,0.14767899999999998
2026-01-07 18:00:00+00:00,0.1389087
2026-01-07 19:00:00+00:00,0.1293887
2026-01-07 20:00:00+00:00,0.11716739999999999
2026-01-07 21:00:00+00:00,0.11181239999999998
2026-01-07 22:00:00+00:00,0.10562440000000001
2026-01-07 23:00:00+00:00,0.1000552
2026-01-08 00:00:00+00:00,0.0988652
2026-01-08 01:00:00+00:00,0.1005788
2026-01-08 02:00:00+00:00,0.0981393
2026-01-08 03:00:00+00:00,0.1014713
2026-01-08 04:00:00+00:00,0.10458909999999999
2026-01-08 05:00:00+00:00,0.11647719999999999
2026-01-08 06:00:00+00:00,0.15078489999999997
2026-01-08 07:00:00+00:00,0.2008839
2026-01-08 08:00:00+00:00,0.22933679999999998
2026-01-08 09:00:00+00:00,0.24743669999999998
2026-01-08 10:00:00+00:00,0.2536009
2026-01-08 11:00:00+00:00,0.2621213
2026-01-08 12:00:00+00:00,0.28110179999999996
2026-01-08 13:00:00+00:00,0.3148621
2026-01-08 14:00:00+00:00,0.3146598
2026-01-08 15:00:00+00:00,0.3087931
2026-01-08 16:00:00+00:00,0.2782815
2026-01-08 17:00:00+00:00,0.23728599999999997
2026-01-08 18:00:00+00:00,0.1657075
2026-01-08 19:00:00+00:00,0.1215347
2026-01-08 20:00:00+00:00,0.11243120000000001
2026-01-08 21:00:00+00:00,0.1086589
2026-01-08 22:00:00+00:00,0.0940576
2026-01-08 23:00:00+00:00,0.09396239999999999
2026-01-09 00:00:00+00:00,0.0841211
2026-01-09 01:00:00+00:00,0.0682465
2026-01-09 02:00:00+00:00,0.0604996
2026-01-09 03:00:00+00:00,0.0569415
2026-01-09 04:00:00+00:00,0.06733019999999999
2026-01-09 05:00:00+00:00,0.0864059
2026-01-09 06:00:00+00:00,0.10031699999999999
2026-01-09 07:00:00+00:00,0.1068144
2026-01-09 08:00:00+00:00,0.1060885
2026-01-09 09:00:00+00:00,0.1117767
2026-01-09 10:00:00+00:00,0.102102
2026-01-09 11:00:00+00:00,0.09879379999999999
2026-01-09 12:00:00+00:00,0.09859149999999998
2026-01-09 13:00:00+00:00,0.09857959999999999
2026-01-09 14:00:00+00:00,0.10144750000000001
2026-01-09 15:00:00+00:00,0.10420829999999999
2026-01-09 16:00:00+00:00,0.11009879999999998
2026-01-09 17:00:00+00:00,0.10907539999999999
2026-01-09 18:00:00+00:00,0.10386319999999999
2026-01-09 19:00:00+00:00,0.098532
2026-01-09 20:00:00+00:00,0.0956284
2026-01-09 21:00:00+00:00,0.09561649999999998
2026-01-09 22:00:00+00:00,0.0886669
2026-01-09 23:00:00+00:00,0.0866201
2026-01-10 00:00:00+00:00,0.08303819999999999
2026-01-10 01:00:00+00:00,0.07882559999999998
2026-01-10 02:00:00+00:00,0.07918259999999999
2026-01-10 03:00:00+00:00,0.07914689999999999
2026-01-10 04:00:00+00:00,0.08146739999999998
2026-01-10 05:00:00+00:00,0.08325239999999999
2026-01-10 06:00:00+00:00,0.0912373
2026-01-10 07:00:00+00:00,0.10118569999999999
2026-01-10 08:00:00+00:00,0.10990839999999999
2026-01-10 09:00:00+00:00,0.11614399999999998
2026-01-10 10:00:00+00:00,0.12085639999999999
2026-01-10 11:00:00+00:00,0.12086829999999998
2026-01-10 12:00:00+00:00,0.12474769999999999
2026-01-10 13:00:00+00:00,0.1326136
2026-01-10 14:00:00+00:00,0.1400868
2026-01-10 15:00:00+00:00,0.15233189999999996
2026-01-10 16:00:00+00:00,0.16604069999999999
2026-01-10 17:00:00+00:00,0.1629229
2026-01-10 18:00:00+00:00,0.1526889
2026-01-10 19:00:00+00:00,0.14338309999999999
2026-01-10 20:00:00+00:00,0.13471989999999998
2026-01-10 21:00:00+00:00,0.1281392
2026-01-10 22:00:00+00:00,0.116858
2026-01-10 23:00:00+00:00,0.115311
2026-01-11 00:00:00+00:00,0.1103725
2026-01-11 01:00:00+00:00,0.1047676
2026-01-11 02:00:00+00:00,0.1009834
2026-01-11 03:00:00+00:00,0.0983892
2026-01-11 04:00:00+00:00,0.0978894
2026-01-11 05:00:00+00:00,0.09710399999999998
2026-01-11 06:00:00+00:00,0.1002694
2026-01-11 07:00:00+00:00,0.1095514
2026-01-11 08:00:00+00:00,0.12268899999999999
2026-01-11 09:00:00+00:00,0.1198092
2026-01-11 10:00:00+00:00,0.11890479999999999
2026-01-11 11:00:00+00:00,0.1155371
2026-01-11 12:00:00+00:00,0.11485879999999998
2026-01-11 13:00:00+00:00,0.11766719999999999
2026-01-11 14:00:00+00:00,0.12052319999999998
2026-01-11 15:00:00+00:00,0.13299439999999998
2026-01-11 16:00:00+00:00,0.1383375
2026-01-11 17:00:00+00:00,0.1335775
2026-01-11 18:00:00+00:00,0.1263899
2026-01-11 19:00:00+00:00,0.11428759999999999
2026-01-11 20:00:00+00:00,0.1130619
2026-01-11 21:00:00+00:00,0.11069379999999998
2026-01-11 22:00:00+00:00,0.10142369999999999
2026-01-11 23:00:00+00:00,0.09669939999999999
2026-01-12 00:00:00+00:00,0.0966161
2026-01-12 01:00:00+00:00,0.0940576
2026-01-12 02:00:00+00:00,0.0919989
2026-01-12 03:00:00+00:00,0.0911421
2026-01-12 04:00:00+00:00,0.09539039999999999
2026-01-12 05:00:00+00:00,0.1034348
2026-01-12 06:00:00+00:00,0.1164653
2026-01-12 07:00:00+00:00,0.13758779999999998
2026-01-12 08:00:00+00:00,0.15452149999999998
2026-01-12 09:00:00+00:00,0.148036
2026-01-12 10:00:00+00:00,0.1545453
2026-01-12 11:00:00+00:00,0.15465240000000002
2026-01-12 12:00:00+00:00,0.15798439999999997
2026-01-12 13:00:00+00:00,0.15276030000000002
2026-01-12 14:00:00+00:00,0.1567349
2026-01-12 15:00:00+00:00,0.1423002
2026-01-12 16:00:00+00:00,0.14232399999999998
2026-01-12 17:00:00+00:00,0.138635
2026-01-12 18:00:00+00:00,0.12178459999999999
2026-01-12 19:00:00+00:00,0.1112412
2026-01-12 20:00:00+00:00,0.10924199999999999
2026-01-12 21:00:00+00:00,0.1096823
2026-01-12 22:00:00+00:00,0.10239949999999999
2026-01-12 23:00:00+00:00,0.10032889999999998
2026-01-13 00:00:00+00:00,0.09840109999999999
2026-01-13 01:00:00+00:00,0.09840109999999999
2026-01-13 02:00:00+00:00,0.10010279999999999
2026-01-13 03:00:00+00:00,0.10323249999999999
2026-01-13 04:00:00+00:00,0.1055887
2026-01-13 05:00:00+00:00,0.1160845
2026-01-13 06:00:00+00:00,0.1380757
2026-01-13 07:00:00+00:00,0.1544739
2026-01-13 08:00:00+00:00,0.1576988
2026-01-13 09:00:00+00:00,0.16921799999999998
2026-01-13 10:00:00+00:00,0.14738149999999997
2026-01-13 11:00:00+00:00,0.1400392
2026-01-13 12:00:00+00:00,0.1344462
2026-01-13 13:00:00+00:00,0.14544179999999998
2026-01-13 14:00:00+00:00,0.14341879999999999
2026-01-13 15:00:00+00:00,0.1453585
2026-01-13 16:00:00+00:00,0.1455727
2026-01-13 17:00:00+00:00,0.1348865
2026-01-13 18:00:00+00:00,0.11750059999999998
2026-01-13 19:00:00+00:00,0.1082305
2026-01-13 20:00:00+00:00,0.10972989999999999
2026-01-13 21:00:00+00:00,0.10709999999999999
2026-01-13 22:00:00+00:00,0.0983773
2026-01-13 23:00:00+00:00,0.10181639999999999
2026-01-14 00:00:00+00:00,0.10031699999999999
2026-01-14 01:00:00+00:00,0.10219719999999999
2026-01-14 02:00:00+00:00,0.1025304
2026-01-14 03:00:00+00:00,0.10430350000000001
2026-01-14 04:00:00+00:00,0.10693339999999998
2026-01-14 05:00:00+00:00,0.11322850000000001
2026-01-14 06:00:00+00:00,0.1251166
2026-01-14 07:00:00+00:00,0.15346240000000003
2026-01-14 08:00:00+00:00,0.1571157
2026-01-14 09:00:00+00:00,0.1385755
2026-01-14 10:00:00+00:00,0.12796069999999998
2026-01-14 11:00:00+00:00,0.12314119999999999
2026-01-14 12:00:00+00:00,0.12328399999999999
2026-01-14 13:00:00+00:00,0.1406818
2026-01-14 14:00:00+00:00,0.1721097
2026-01-14 15:00:00+00:00,0.18190340000000002
2026-01-14 16:00:00+00:00,0.23802379999999998
2026-01-14 17:00:00+00:00,0.21700840000000002
2026-01-14 18:00:00+00:00,0.18893630000000003
2026-01-14 19:00:00+00:00,0.15947189999999997
2026-01-14 20:00:00+00:00,0.1449301
2026-01-14 21:00:00+00:00,0.13549339999999999
2026-01-14 22:00:00+00:00,0.1155371
2026-01-14 23:00:00+00:00,0.11973779999999999
2026-01-15 00:00:00+00:00,0.11191949999999999
2026-01-15 01:00:00+00:00,0.1063146
2026-01-15 02:00:00+00:00,0.1009239
2026-01-15 03:00:00+00:00,0.0986867
2026-01-15 04:00:00+00:00,0.10233999999999999
2026-01-15 05:00:00+00:00,0.116858
2026-01-15 06:00:00+00:00,0.1250928
2026-01-15 07:00:00+00:00,0.1249262
2026-01-15 08:00:00+00:00,0.12068979999999999
2026-01-15 09:00:00+00:00,0.119476
2026-01-15 10:00:00+00:00,0.1164534
2026-01-15 11:00:00+00:00,0.1133832
2026-01-15 12:00:00+00:00,0.11973779999999999
2026-01-15 13:00:00+00:00,0.12572350000000002
2026-01-15 14:00:00+00:00,0.146489
2026-01-15 15:00:00+00:00,0.16109030000000002
2026-01-15 16:00:00+00:00,0.173145
2026-01-15 17:00:00+00:00,0.14250249999999998
2026-01-15 18:00:00+00:00,0.1255331
2026-01-15 19:00:00+00:00,0.1168104
2026-01-15 20:00:00+00:00,0.10829
2026-01-15 21:00:00+00:00,0.10518409999999999
2026-01-15 22:00:00+00:00,0.0965804
2026-01-15 23:00:00+00:00,0.0964495
2026-01-16 00:00:00+00:00,0.08925
2026-01-16 01:00:00+00:00,0.08397829999999999
2026-01-16 02:00:00+00:00,0.0800037
2026-01-16 03:00:00+00:00,0.0849422
2026-01-16 04:00:00+00:00,0.09763949999999999
2026-01-16 05:00:00+00:00,0.10795679999999999
2026-01-16 06:00:00+00:00,0.11733399999999998
2026-01-16 07:00:00+00:00,0.1300789
2026-01-16 08:00:00+00:00,0.1296267
2026-01-16 09:00:00+00:00,0.12260569999999998
2026-01-16 10:00:00+00:00,0.1187501
2026-01-16 11:00:00+00:00,0.11804799999999999
2026-01-16 12:00:00+00:00,0.11817889999999999
2026-01-16 13:00:00+00:00,0.134708
2026-01-16 14:00:00+00:00,0.16778999999999997
2026-01-16 15:00:00+00:00,0.19358920000000002
2026-01-16 16:00:00+00:00,0.2026927
2026-01-16 17:00:00+00:00,0.1933036
2026-01-16 18:00:00+00:00,0.1834742
2026-01-16 19:00:00+00:00,0.15946
2026-01-16 20:00:00+00:00,0.1399559
2026-01-16 21:00:00+00:00,0.14007489999999997
2026-01-16 22:00:00+00:00,0.1239623
2026-01-16 23:00:00+00:00,0.1245454
2026-01-17 00:00:00+00:00,0.1205351
2026-01-17 01:00:00+00:00,0.11690559999999998
2026-01-17 02:00:00+00:00,0.1144066
2026-01-17 03:00:00+00:00,0.11327609999999999
2026-01-17 04:00:00+00:00,0.11333559999999998
2026-01-17 05:00:00+00:00,0.11406149999999998
2026-01-17 06:00:00+00:00,0.11803609999999999
2026-01-17 07:00:00+00:00,0.12610429999999997
2026-01-17 08:00:00+00:00,0.1388254
2026-01-17 09:00:00+00:00,0.13696899999999998
2026-01-17 10:00:00+00:00,0.1328159
2026-01-17 11:00:00+00:00,0.1332205
2026-01-17 12:00:00+00:00,0.1292816
2026-01-17 13:00:00+00:00,0.13425579999999998
2026-01-17 14:00:00+00:00,0.14609629999999998
2026-01-17 15:00:00+00:00,0.1615782
2026-01-17 16:00:00+00:00,0.1676829
2026-01-17 17:00:00+00:00,0.1699915
2026-01-17 18:00:00+00:00,0.1649221
2026-01-17 19:00:00+00:00,0.1437401
2026-01-17 20:00:00+00:00,0.1282939
2026-01-17 21:00:00+00:00,0.12988850000000002
2026-01-17 22:00:00+00:00,0.1273538
2026-01-17 23:00:00+00:00,0.13175679999999998
2026-01-18 00:00:00+00:00,0.1299361
2026-01-18 01:00:00+00:00,0.1277941
2026-01-18 02:00:00+00:00,0.1220226
2026-01-18 03:00:00+00:00,0.12166559999999998
2026-01-18 04:00:00+00:00,0.1214752
2026-01-18 05:00:00+00:00,0.1202495
2026-01-18 06:00:00+00:00,0.1197259
2026-01-18 07:00:00+00:00,0.12575920000000002
2026-01-18 08:00:00+00:00,0.1278298
2026-01-18 09:00:00+00:00,0.12127289999999999
2026-01-18 10:00:00+00:00,0.1171912
2026-01-18 11:00:00+00:00,0.1152634
2026-01-18 12:00:00+00:00,0.11538239999999998
2026-01-18 13:00:00+00:00,0.1200115
2026-01-18 14:00:00+00:00,0.12560449999999998
2026-01-18 15:00:00+00:00,0.1367072
2026-01-18 16:00:00+00:00,0.15468810000000002
2026-01-18 17:00:00+00:00,0.16921799999999998
2026-01-18 18:00:00+00:00,0.16263729999999998
2026-01-18 19:00:00+00:00,0.1464295
2026-01-18 20:00:00+00:00,0.13164969999999998
2026-01-18 21:00:00+00:00,0.1359932
2026-01-18 22:00:00+00:00,0.1234387
2026-01-18 23:00:00+00:00,0.1203685
2026-01-19 00:00:00+00:00,0.1195236
2026-01-19 01:00:00+00:00,0.1199877
2026-01-19 02:00:00+00:00,0.1195236
2026-01-19 03:00:00+00:00,0.1191666
2026-01-19 04:00:00+00:00,0.12201069999999999
2026-01-19 05:00:00+00:00,0.15039219999999998
2026-01-19 06:00:00+00:00,0.1916852
2026-01-19 07:00:00+00:00,0.2094162
2026-01-19 08:00:00+00:00,0.19270859999999998
2026-01-19 09:00:00+00:00,0.16174479999999997
2026-01-19 10:00:00+00:00,0.1434307
2026-01-19 11:00:00+00:00,0.1398964
2026-01-19 12:00:00+00:00,0.14875
2026-01-19 13:00:00+00:00,0.1717765
2026-01-19 14:00:00+00:00,0.2023476
2026-01-19 15:00:00+00:00,0.23191909999999996
2026-01-19 16:00:00+00:00,0.24779369999999998
2026-01-19 17:00:00+00:00,0.23807140000000002
2026-01-19 18:00:00+00:00,0.2153424
2026-01-19 19:00:00+00:00,0.18729409999999996
2026-01-19 20:00:00+00:00,0.16085229999999998
2026-01-19 21:00:00+00:00,0.150416
2026-01-19 22:00:00+00:00,0.1338393
2026-01-19 23:00:00+00:00,0.1369214
2026-01-20 00:00:00+00:00,0.13606459999999998
2026-01-20 01:00:00+00:00,0.13132839999999998
2026-01-20 02:00:00+00:00,0.1307453
2026-01-20 03:00:00+00:00,0.1346723
2026-01-20 04:00:00+00:00,0.1490832
2026-01-20 05:00:00+00:00,0.22623089999999998
2026-01-20 06:00:00+00:00,0.2866472
2026-01-20 07:00:00+00:00,0.3127201
2026-01-20 08:00:00+00:00,0.2136526
2026-01-20 09:00:00+00:00,0.15728229999999996
2026-01-20 10:00:00+00:00,0.1284605
2026-01-20 11:00:00+00:00,0.1233078
2026-01-20 12:00:00+00:00,0.1258544
2026-01-20 13:00:00+00:00,0.1626968
2026-01-20 14:00:00+00:00,0.2121294
2026-01-20 15:00:00+00:00,0.32932059999999996
2026-01-20 16:00:00+00:00,0.2970597
2026-01-20 17:00:00+00:00,0.2307767
2026-01-20 18:00:00+00:00,0.21648479999999998
2026-01-20 19:00:00+00:00,0.18456899999999998
2026-01-20 20:00:00+00:00,0.16646909999999998
2026-01-20 21:00:00+00:00,0.1394561
2026-01-20 22:00:00+00:00,0.1283296
2026-01-20 23:00:00+00:00,0.1207731
2026-01-21 00:00:00+00:00,0.1210468
2026-01-21 01:00:00+00:00,0.1175244
2026-01-21 02:00:00+00:00,0.12008289999999999
2026-01-21 03:00:00+00:00,0.11763149999999999
2026-01-21 04:00:00+00:00,0.11744109999999999
2026-01-21 05:00:00+00:00,0.12836530000000002
2026-01-21 06:00:00+00:00,0.19039999999999999
2026-01-21 07:00:00+00:00,0.209916
2026-01-21 08:00:00+00:00,0.17003909999999997
2026-01-21 09:00:00+00:00,0.14077699999999999
2026-01-21 10:00:00+00:00,0.1201781
2026-01-21 11:00:00+00:00,0.11796469999999999
2026-01-21 12:00:00+00:00,0.12314119999999999
2026-01-21 13:00:00+00:00,0.1292578
2026-01-21 14:00:00+00:00,0.1510467
2026-01-21 15:00:00+00:00,0.1725976
2026-01-21 16:00:00+00:00,0.16554090000000002
2026-01-21 17:00:00+00:00,0.1653029
2026-01-21 18:00:00+00:00,0.1521177
2026-01-21 19:00:00+00:00,0.1254855
2026-01-21 20:00:00+00:00,0.1219036
2026-01-21 21:00:00+00:00,0.1246644
2026-01-21 22:00:00+00:00,0.11826219999999998
2026-01-21 23:00:00+00:00,0.11043199999999999
2026-01-22 00:00:00+00:00,0.11011069999999999
2026-01-22 01:00:00+00:00,0.1088255
2026-01-22 02:00:00+00:00,0.1092658
2026-01-22 03:00:00+00:00,0.11049149999999998
2026-01-22 04:00:00+00:00,0.11089609999999998
2026-01-22 05:00:00+00:00,0.1198092
2026-01-22 06:00:00+00:00,0.1493688
2026-01-22 07:00:00+00:00,0.16317279999999998
2026-01-22 08:00:00+00:00,0.1361598
2026-01-22 09:00:00+00:00,0.11335940000000001
2026-01-22 10:00:00+00:00,0.10600519999999998
2026-01-22 11:00:00+00:00,0.0997934
2026-01-22 12:00:00+00:00,0.10480329999999999
2026-01-22 13:00:00+00:00,0.11294289999999998
2026-01-22 14:00:00+00:00,0.1282582
2026-01-22 15:00:00+00:00,0.15577100000000002
2026-01-22 16:00:00+00:00,0.1622803
2026-01-22 17:00:00+00:00,0.15430729999999998
2026-01-22 18:00:00+00:00,0.1446683
2026-01-22 19:00:00+00:00,0.13012649999999998
2026-01-22 20:00:00+00:00,0.1272705
2026-01-22 21:00:00+00:00,0.12295079999999999
2026-01-22 22:00:00+00:00,0.11579890000000001
2026-01-22 23:00:00+00:00,0.1164891
2026-01-23 00:00:00+00:00,0.1157275
2026-01-23 01:00:00+00:00,0.1141805
2026-01-23 02:00:00+00:00,0.11305
2026-01-23 03:00:00+00:00,0.11378780000000001
2026-01-23 04:00:00+00:00,0.11543
2026-01-23 05:00:00+00:00,0.128758
2026-01-23 06:00:00+00:00,0.15827
2026-01-23 07:00:00+00:00,0.18199859999999998
2026-01-23 08:00:00+00:00,0.1695631
2026-01-23 09:00:00+00:00,0.13730219999999999
2026-01-23 10:00:00+00:00,0.11915469999999999
2026-01-23 11:00:00+00:00,0.11448989999999998
2026-01-23 12:00:00+00:00,0.11395440000000001
2026-01-23 13:00:00+00:00,0.1155252
2026-01-23 14:00:00+00:00,0.12943629999999998
2026-01-23 15:00:00+00:00,0.1476195
2026-01-23 16:00:00+00:00,0.1619471
2026-01-23 17:00:00+00:00,0.15289119999999998
2026-01-23 18:00:00+00:00,0.138992
2026-01-23 19:00:00+00:00,0.12759179999999998
2026-01-23 20:00:00+00:00,0.12371239999999999
2026-01-23 21:00:00+00:00,0.12470010000000001
2026-01-23 22:00:00+00:00,0.11543
2026-01-23 23:00:00+00:00,0.11876199999999999
2026-01-24 00:00:00+00:00,0.11785759999999999
2026-01-24 01:00:00+00:00,0.11700079999999999
2026-01-24 02:00:00+00:00,0.1164177
2026-01-24 03:00:00+00:00,0.1160845
2026-01-24 04:00:00+00:00,0.1177029
2026-01-24 05:00:00+00:00,0.119476
2026-01-24 06:00:00+00:00,0.1238314
2026-01-24 07:00:00+00:00,0.13208999999999999
2026-01-24 08:00:00+00:00,0.1464771
2026-01-24 09:00:00+00:00,0.14189559999999998
2026-01-24 10:00:00+00:00,0.13125699999999998
2026-01-24 11:00:00+00:00,0.12640179999999998
2026-01-24 12:00:00+00:00,0.1212253
2026-01-24 13:00:00+00:00,0.1250928
2026-01-24 14:00:00+00:00,0.1406937
2026-01-24 15:00:00+00:00,0.1569729
2026-01-24 16:00:00+00:00,0.17459679999999997
2026-01-24 17:00:00+00:00,0.16868249999999999
2026-01-24 18:00:00+00:00,0.15699670000000002
2026-01-24 19:00:00+00:00,0.1412173
2026-01-24 20:00:00+00:00,0.13154259999999998
2026-01-24 21:00:00+00:00,0.1312689
2026-01-24 22:00:00+00:00,0.12393850000000001
2026-01-24 23:00:00+00:00,0.1207136
2026-01-25 00:00:00+00:00,0.1210944
2026-01-25 01:00:00+00:00,0.12057079999999999
2026-01-25 02:00:00+00:00,0.1211063
2026-01-25 03:00:00+00:00,0.1200234
2026-01-25 04:00:00+00:00,0.1196069
2026-01-25 05:00:00+00:00,0.1189643
2026-01-25 06:00:00+00:00,0.12145139999999999
2026-01-25 07:00:00+00:00,0.1234744
2026-01-25 08:00:00+00:00,0.1295791
2026-01-25 09:00:00+00:00,0.13469609999999999
2026-01-25 10:00:00+00:00,0.1380638
2026-01-25 11:00:00+00:00,0.14283569999999998
2026-01-25 12:00:00+00:00,0.1381709
2026-01-25 13:00:00+00:00,0.1360408
2026-01-25 14:00:00+00:00,0.1329825
2026-01-25 15:00:00+00:00,0.13911099999999998
2026-01-25 16:00:00+00:00,0.15613990000000003
2026-01-25 17:00:00+00:00,0.1634822
2026-01-25 18:00:00+00:00,0.1577702
2026-01-25 19:00:00+00:00,0.1475838
2026-01-25 20:00:00+00:00,0.1356838
2026-01-25 21:00:00+00:00,0.13320859999999998
2026-01-25 22:00:00+00:00,0.1243431
2026-01-25 23:00:00+00:00,0.1236767
2026-01-26 00:00:00+00:00,0.1203209
2026-01-26 01:00:00+00:00,0.11748869999999999
2026-01-26 02:00:00+00:00,0.11406149999999998
2026-01-26 03:00:00+00:00,0.1130857
2026-01-26 04:00:00+00:00,0.1156561
2026-01-26 05:00:00+00:00,0.1359932
2026-01-26 06:00:00+00:00,0.18230799999999997
2026-01-26 07:00:00+00:00,0.2084047
2026-01-26 08:00:00+00:00,0.21178429999999998
2026-01-26 09:00:00+00:00,0.2118319
2026-01-26 10:00:00+00:00,0.20270459999999998
2026-01-26 11:00:00+00:00,0.1856757
2026-01-26 12:00:00+00:00,0.177786
2026-01-26 13:00:00+00:00,0.1758582
2026-01-26 14:00:00+00:00,0.1903643
2026-01-26 15:00:00+00:00,0.1979327
2026-01-26 16:00:00+00:00,0.21265299999999998
2026-01-26 17:00:00+00:00,0.2118438
2026-01-26 18:00:00+00:00,0.2022643
2026-01-26 19:00:00+00:00,0.18346229999999997
2026-01-26 20:00:00+00:00,0.1631609
2026-01-26 21:00:00+00:00,0.144585
2026-01-26 22:00:00+00:00,0.1329111
2026-01-26 23:00:00+00:00,0.1413363
2026-01-27 00:00:00+00:00,0.135303
2026-01-27 01:00:00+00:00,0.1334704
2026-01-27 02:00:00+00:00,0.1326731
2026-01-27 03:00:00+00:00,0.1315545
2026-01-27 04:00:00+00:00,0.1328635
2026-01-27 05:00:00+00:00,0.1589959
2026-01-27 06:00:00+00:00,0.1902572
2026-01-27 07:00:00+00:00,0.2102016
2026-01-27 08:00:00+00:00,0.203728
2026-01-27 09:00:00+00:00,0.1766674
2026-01-27 10:00:00+00:00,0.15861509999999998
2026-01-27 11:00:00+00:00,0.1464057
2026-01-27 12:00:00+00:00,0.13386309999999998
2026-01-27 13:00:00+00:00,0.1559852
2026-01-27 14:00:00+00:00,0.1516655
2026-01-27 15:00:00+00:00,0.15824619999999998
2026-01-27 16:00:00+00:00,0.1816178
2026-01-27 17:00:00+00:00,0.16795659999999998
2026-01-27 18:00:00+00:00,0.1652672
2026-01-27 19:00:00+00:00,0.1446921
2026-01-27 20:00:00+00:00,0.1420503
2026-01-27 21:00:00+00:00,0.14363299999999998
2026-01-27 22:00:00+00:00,0.13310149999999998
2026-01-27 23:00:00+00:00,0.1255212
2026-01-28 00:00:00+00:00,0.12431929999999998
2026-01-28 01:00:00+00:00,0.12431929999999998
2026-01-28 02:00:00+00:00,0.12166559999999998
2026-01-28 03:00:00+00:00,0.12460489999999999
2026-01-28 04:00:00+00:00,0.126854
2026-01-28 05:00:00+00:00,0.135303
2026-01-28 06:00:00+00:00,0.170884
2026-01-28 07:00:00+00:00,0.20349
2026-01-28 08:00:00+00:00,0.20664349999999998
2026-01-28 09:00:00+00:00,0.2050727
2026-01-28 10:00:00+00:00,0.1978256
2026-01-28 11:00:00+00:00,0.1869371
2026-01-28 12:00:00+00:00,0.17601289999999997
2026-01-28 13:00:00+00:00,0.1725976
2026-01-28 14:00:00+00:00,0.16795659999999998
2026-01-28 15:00:00+00:00,0.17508469999999998
2026-01-28 16:00:00+00:00,0.1954218
2026-01-28 17:00:00+00:00,0.20281169999999998
2026-01-28 18:00:00+00:00,0.19186369999999997
2026-01-28 19:00:00+00:00,0.1597813
2026-01-28 20:00:00+00:00,0.1416219
2026-01-28 21:00:00+00:00,0.13923
2026-01-28 22:00:00+00:00,0.13204239999999998
2026-01-28 23:00:00+00:00,0.1244145
2026-01-29 00:00:00+00:00,0.12376
2026-01-29 01:00:00+00:00,0.12123719999999999
2026-01-29 02:00:00+00:00,0.11902379999999999
2026-01-29 03:00:00+00:00,0.1201067
2026-01-29 04:00:00+00:00,0.1245216
2026-01-29 05:00:00+00:00,0.1381828
2026-01-29 06:00:00+00:00,0.17802399999999996
2026-01-29 07:00:00+00:00,0.19715919999999998
2026-01-29 08:00:00+00:00,0.1999676
2026-01-29 09:00:00+00:00,0.19120920000000002
2026-01-29 10:00:00+00:00,0.18182009999999996
2026-01-29 11:00:00+00:00,0.1702176
2026-01-29 12:00:00+00:00,0.1699558
2026-01-29 13:00:00+00:00,0.1701581
2026-01-29 14:00:00+00:00,0.1756559
2026-01-29 15:00:00+00:00,0.18218899999999996
2026-01-29 16:00:00+00:00,0.18978119999999998
2026-01-29 17:00:00+00:00,0.18711560000000002
2026-01-29 18:00:00+00:00,0.17854759999999997
2026-01-29 19:00:00+00:00,0.1506064
2026-01-29 20:00:00+00:00,0.13514829999999997
2026-01-29 21:00:00+00:00,0.13009079999999998
2026-01-29 22:00:00+00:00,0.1225462
2026-01-29 23:00:00+00:00,0.1321733
2026-01-30 00:00:00+00:00,0.12293889999999999
2026-01-30 01:00:00+00:00,0.1200115
2026-01-30 02:00:00+00:00,0.1158941
2026-01-30 03:00:00+00:00,0.11578699999999999
2026-01-30 04:00:00+00:00,0.1145732
2026-01-30 05:00:00+00:00,0.1322447
2026-01-30 06:00:00+00:00,0.1568182
2026-01-30 07:00:00+00:00,0.1710744
2026-01-30 08:00:00+00:00,0.17497759999999998
2026-01-30 09:00:00+00:00,0.1578297
2026-01-30 10:00:00+00:00,0.15005899999999997
2026-01-30 11:00:00+00:00,0.1406699
2026-01-30 12:00:00+00:00,0.13136409999999998
2026-01-30 13:00:00+00:00,0.13128079999999998
2026-01-30 14:00:00+00:00,0.132328
2026-01-30 15:00:00+00:00,0.1367786
2026-01-30 16:00:00+00:00,0.1485239
2026-01-30 17:00:00+00:00,0.14623909999999998
2026-01-30 18:00:00+00:00,0.1345771
2026-01-30 19:00:00+00:00,0.129234
2026-01-30 20:00:00+00:00,0.1209992
2026-01-30 21:00:00+00:00,0.12029709999999999
2026-01-30 22:00:00+00:00,0.110313
2026-01-30 23:00:00+00:00,0.1153705
2026-01-31 00:00:00+00:00,0.11588219999999999
2026-01-31 01:00:00+00:00,0.11246690000000001
2026-01-31 02:00:00+00:00,0.11195519999999999
2026-01-31 03:00:00+00:00,0.11106269999999999
2026-01-31 04:00:00+00:00,0.1119314
2026-01-31 05:00:00+00:00,0.1112055
2026-01-31 06:00:00+00:00,0.11055100000000001
2026-01-31 07:00:00+00:00,0.12371239999999999
2026-01-31 08:00:00+00:00,0.1297814
2026-01-31 09:00:00+00:00,0.1359218
2026-01-31 10:00:00+00:00,0.1350293
2026-01-31 11:00:00+00:00,0.1324232
2026-01-31 12:00:00+00:00,0.1277941
2026-01-31 13:00:00+00:00,0.1312689
2026-01-31 14:00:00+00:00,0.1346723
2026-01-31 15:00:00+00:00,0.14203839999999998
2026-01-31 16:00:00+00:00,0.1601859
2026-01-31 17:00:00+00:00,0.16426759999999999
2026-01-31 18:00:00+00:00,0.15940049999999997
2026-01-31 19:00:00+00:00,0.1495235
2026-01-31 20:00:00+00:00,0.13590989999999997
2026-01-31 21:00:00+00:00,0.1358385
2026-01-31 22:00:00+00:00,0.126021
2026-01-31 23:00:00+00:00,0.11434710000000001
2026-02-01 00:00:00+00:00,0.11187190000000001
2026-02-01 01:00:00+00:00,0.11709599999999999
2026-02-01 02:00:00+00:00,0.11431140000000001
2026-02-01 03:00:00+00:00,0.1169889
2026-02-01 04:00:00+00:00,0.1168818
2026-02-01 05:00:00+00:00,0.11426379999999998
2026-02-01 06:00:00+00:00,0.118405
2026-02-01 07:00:00+00:00,0.1252594
2026-02-01 08:00:00+00:00,0.1299956
2026-02-01 09:00:00+00:00,0.1307215
2026-02-01 10:00:00+00:00,0.12871039999999997
2026-02-01 11:00:00+00:00,0.12748469999999998
2026-02-01 12:00:00+00:00,0.1194641
2026-02-01 13:00:00+00:00,0.12166559999999998
2026-02-01 14:00:00+00:00,0.12966239999999998
2026-02-01 15:00:00+00:00,0.1364573
2026-02-01 16:00:00+00:00,0.1540931
2026-02-01 17:00:00+00:00,0.1628396
2026-02-01 18:00:00+00:00,0.16349409999999998
2026-02-01 19:00:00+00:00,0.1494521
2026-02-01 20:00:00+00:00,0.13549339999999999
2026-02-01 21:00:00+00:00,0.1355291
2026-02-01 22:00:00+00:00,0.12679449999999998
2026-02-01 23:00:00+00:00,0.1185121
2026-02-02 00:00:00+00:00,0.11660809999999999
2026-02-02 01:00:00+00:00,0.11315710000000001
2026-02-02 02:00:00+00:00,0.10829
2026-02-02 03:00:00+00:00,0.1091587
2026-02-02 04:00:00+00:00,0.11271679999999999
2026-02-02 05:00:00+00:00,0.12683019999999998
2026-02-02 06:00:00+00:00,0.14623909999999998
2026-02-02 07:00:00+00:00,0.16287529999999997
2026-02-02 08:00:00+00:00,0.1667904
2026-02-02 09:00:00+00:00,0.14820260000000002
2026-02-02 10:00:00+00:00,0.1364573
2026-02-02 11:00:00+00:00,0.1299599
2026-02-02 12:00:00+00:00,0.12376
2026-02-02 13:00:00+00:00,0.122451
2026-02-02 14:00:00+00:00,0.1250452
2026-02-02 15:00:00+00:00,0.1306382
2026-02-02 16:00:00+00:00,0.140658
2026-02-02 17:00:00+00:00,0.1415743
2026-02-02 18:00:00+00:00,0.12494999999999999
2026-02-02 19:00:00+00:00,0.1216894
2026-02-02 20:00:00+00:00,0.12140379999999999
2026-02-02 21:00:00+00:00,0.12046369999999999
2026-02-02 22:00:00+00:00,0.10875409999999999
2026-02-02 23:00:00+00:00,0.10914679999999999
2026-02-03 00:00:00+00:00,0.1063503
2026-02-03 01:00:00+00:00,0.0999719
2026-02-03 02:00:00+00:00,0.0951286
2026-02-03 03:00:00+00:00,0.0914396
2026-02-03 04:00:00+00:00,0.0977704
2026-02-03 05:00:00+00:00,0.10848039999999999
2026-02-03 06:00:00+00:00,0.1162511
2026-02-03 07:00:00+00:00,0.12646129999999997
2026-02-03 08:00:00+00:00,0.1287937
2026-02-03 09:00:00+00:00,0.1189286
2026-02-03 10:00:00+00:00,0.1080877
2026-02-03 11:00:00+00:00,0.10466049999999999
2026-02-03 12:00:00+00:00,0.10699289999999999
2026-02-03 13:00:00+00:00,0.1108485
2026-02-03 14:00:00+00:00,0.1194879
2026-02-03 15:00:00+00:00,0.1268778
2026-02-03 16:00:00+00:00,0.14966629999999997
2026-02-03 17:00:00+00:00,0.15035649999999998
2026-02-03 18:00:00+00:00,0.1466437
2026-02-03 19:00:00+00:00,0.134351
2026-02-03 20:00:00+00:00,0.1229151
2026-02-03 21:00:00+00:00,0.120071
2026-02-03 22:00:00+00:00,0.1128239
2026-02-03 23:00:00+00:00,0.11305
2026-02-04 00:00:00+00:00,0.11042010000000001
2026-02-04 01:00:00+00:00,0.11062239999999998
2026-02-04 02:00:00+00:00,0.11259780000000001
2026-02-04 03:00:00+00:00,0.11181239999999998
2026-02-04 04:00:00+00:00,0.1149421
2026-02-04 05:00:00+00:00,0.1252951
2026-02-04 06:00:00+00:00,0.14629859999999997
2026-02-04 07:00:00+00:00,0.1566159
2026-02-04 08:00:00+00:00,0.1459773
2026-02-04 09:00:00+00:00,0.1309
2026-02-04 10:00:00+00:00,0.11746489999999998
2026-02-04 11:00:00+00:00,0.10938479999999999
2026-02-04 12:00:00+00:00,0.10874219999999998
2026-02-04 13:00:00+00:00,0.1143352
2026-02-04 14:00:00+00:00,0.1224272
2026-02-04 15:00:00+00:00,0.13588609999999998
2026-02-04 16:00:00+00:00,0.1482978
2026-02-04 17:00:00+00:00,0.1392776
2026-02-04 18:00:00+00:00,0.1243788
2026-02-04 19:00:00+00:00,0.1145851
2026-02-04 20:00:00+00:00,0.11275249999999999
2026-02-04 21:00:00+00:00,0.11164579999999998
2026-02-04 22:00:00+00:00,0.10270889999999999
2026-02-04 23:00:00+00:00,0.10745699999999998
2026-02-05 00:00:00+00:00,0.10524359999999998
2026-02-05 01:00:00+00:00,0.1040417
2026-02-05 02:00:00+00:00,0.104482
2026-02-05 03:00:00+00:00,0.1065883
2026-02-05 04:00:00+00:00,0.1088969
2026-02-05 05:00:00+00:00,0.12239149999999999
2026-02-05 06:00:00+00:00,0.1348508
2026-02-05 07:00:00+00:00,0.1491903
2026-02-05 08:00:00+00:00,0.14460879999999998
2026-02-05 09:00:00+00:00,0.1406461
2026-02-05 10:00:00+00:00,0.1440733
2026-02-05 11:00:00+00:00,0.1288175
2026-02-05 12:00:00+00:00,0.13061440000000002
2026-02-05 13:00:00+00:00,0.13101899999999997
2026-02-05 14:00:00+00:00,0.1392062
2026-02-05 15:00:00+00:00,0.14994
2026-02-05 16:00:00+00:00,0.167195
2026-02-05 17:00:00+00:00,0.1626135
2026-02-05 18:00:00+00:00,0.1581629
2026-02-05 19:00:00+00:00,0.1437639
2026-02-05 20:00:00+00:00,0.1282582
2026-02-05 21:00:00+00:00,0.1259972
2026-02-05 22:00:00+00:00,0.1190476
2026-02-05 23:00:00+00:00,0.11817889999999999
2026-02-06 00:00:00+00:00,0.11796469999999999
2026-02-06 01:00:00+00:00,0.11672709999999999
2026-02-06 02:00:00+00:00,0.11689369999999999
2026-02-06 03:00:00+00:00,0.11750059999999998
2026-02-06 04:00:00+00:00,0.1217727
2026-02-06 05:00:00+00:00,0.1373498
2026-02-06 06:00:00+00:00,0.1659574
2026-02-06 07:00:00+00:00,0.1722406
2026-02-06 08:00:00+00:00,0.17159799999999997
2026-02-06 09:00:00+00:00,0.1690871
2026-02-06 10:00:00+00:00,0.1653029
2026-02-06 11:00:00+00:00,0.16208989999999998
2026-02-06 12:00:00+00:00,0.16170909999999997
2026-02-06 13:00:00+00:00,0.1614473
2026-02-06 14:00:00+00:00,0.16596930000000001
2026-02-06 15:00:00+00:00,0.15941239999999998
2026-02-06 16:00:00+00:00,0.1632561
2026-02-06 17:00:00+00:00,0.1573061
2026-02-06 18:00:00+00:00,0.14949969999999999
2026-02-06 19:00:00+00:00,0.1320662
2026-02-06 20:00:00+00:00,0.1295315
2026-02-06 21:00:00+00:00,0.1264494
2026-02-06 22:00:00+00:00,0.12166559999999998
2026-02-06 23:00:00+00:00,0.1207731
2026-02-07 00:00:00+00:00,0.119
2026-02-07 01:00:00+00:00,0.1166676
2026-02-07 02:00:00+00:00,0.1152991
2026-02-07 03:00:00+00:00,0.114716
2026-02-07 04:00:00+00:00,0.11510870000000001
2026-02-07 05:00:00+00:00,0.11554899999999999
2026-02-07 06:00:00+00:00,0.12560449999999998
2026-02-07 07:00:00+00:00,0.1357552
2026-02-07 08:00:00+00:00,0.1403962
2026-02-07 09:00:00+00:00,0.1309714
2026-02-07 10:00:00+00:00,0.12439069999999999
2026-02-07 11:00:00+00:00,0.1191428
2026-02-07 12:00:00+00:00,0.1158941
2026-02-07 13:00:00+00:00,0.1189167
2026-02-07 14:00:00+00:00,0.1265327
2026-02-07 15:00:00+00:00,0.1431451
2026-02-07 16:00:00+00:00,0.15950759999999997
2026-02-07 17:00:00+00:00,0.1610427
2026-02-07 18:00:00+00:00,0.151725
2026-02-07 19:00:00+00:00,0.13494599999999998
2026-02-07 20:00:00+00:00,0.12422409999999999
2026-02-07 21:00:00+00:00,0.12384329999999999
2026-02-07 22:00:00+00:00,0.1175244
2026-02-07 23:00:00+00:00,0.1214276
2026-02-08 00:00:00+00:00,0.11786949999999999
2026-02-08 01:00:00+00:00,0.11610829999999998
2026-02-08 02:00:00+00:00,0.1147517
2026-02-08 03:00:00+00:00,0.1128834
2026-02-08 04:00:00+00:00,0.1139425
2026-02-08 05:00:00+00:00,0.11305
2026-02-08 06:00:00+00:00,0.1140139
2026-02-08 07:00:00+00:00,0.1194165
2026-02-08 08:00:00+00:00,0.12136809999999999
2026-02-08 09:00:00+00:00,0.1221535
2026-02-08 10:00:00+00:00,0.11852399999999999
2026-02-08 11:00:00+00:00,0.11491829999999999
2026-02-08 12:00:00+00:00,0.1135855
2026-02-08 13:00:00+00:00,0.1156918
2026-02-08 14:00:00+00:00,0.12295079999999999
2026-02-08 15:00:00+00:00,0.13303009999999998
2026-02-08 16:00:00+00:00,0.15187969999999998
2026-02-08 17:00:00+00:00,0.1562113
2026-02-08 18:00:00+00:00,0.1510229
2026-02-08 19:00:00+00:00,0.1348032
2026-02-08 20:00:00+00:00,0.1280797
2026-02-08 21:00:00+00:00,0.1251166
2026-02-08 22:00:00+00:00,0.11897619999999999
2026-02-08 23:00:00+00:00,0.1151325
2026-02-09 00:00:00+00:00,0.1135855
2026-02-09 01:00:00+00:00,0.113883
2026-02-09 02:00:00+00:00,0.1136093
2026-02-09 03:00:00+00:00,0.11491829999999999
2026-02-09 04:00:00+00:00,0.12464059999999999
2026-02-09 05:00:00+00:00,0.1573656
2026-02-09 06:00:00+00:00,0.18873399999999999
2026-02-09 07:00:00+00:00,0.2174249
2026-02-09 08:00:00+00:00,0.20135989999999998
2026-02-09 09:00:00+00:00,0.18717509999999998
2026-02-09 10:00:00+00:00,0.1718122
2026-02-09 11:00:00+00:00,0.1631133
2026-02-09 12:00:00+00:00,0.16068570000000001
2026-02-09 13:00:00+00:00,0.1638154
2026-02-09 14:00:00+00:00,0.1774052
2026-02-09 15:00:00+00:00,0.2010862
2026-02-09 16:00:00+00:00,0.2703799
2026-02-09 17:00:00+00:00,0.21685369999999998
2026-02-09 18:00:00+00:00,0.19731390000000001
2026-02-09 19:00:00+00:00,0.1715147
2026-02-09 20:00:00+00:00,0.16017399999999998
2026-02-09 21:00:00+00:00,0.146251
2026-02-09 22:00:00+00:00,0.1296148
2026-02-09 23:00:00+00:00,0.1245216
2026-02-10 00:00:00+00:00,0.12346249999999999
2026-02-10 01:00:00+00:00,0.12227249999999999
2026-02-10 02:00:00+00:00,0.1219036
2026-02-10 03:00:00+00:00,0.1219036
2026-02-10 04:00:00+00:00,0.1254617
2026-02-10 05:00:00+00:00,0.1427048
2026-02-10 06:00:00+00:00,0.16051909999999997
2026-02-10 07:00:00+00:00,0.1711577
2026-02-10 08:00:00+00:00,0.1571752
2026-02-10 09:00:00+00:00,0.1536171
2026-02-10 10:00:00+00:00,0.1421336
2026-02-10 11:00:00+00:00,0.1299718
2026-02-10 12:00:00+00:00,0.1302693
2026-02-10 13:00:00+00:00,0.1383018
2026-02-10 14:00:00+00:00,0.1524628
2026-02-10 15:00:00+00:00,0.15191539999999998
2026-02-10 16:00:00+00:00,0.16093559999999998
2026-02-10 17:00:00+00:00,0.1567349
2026-02-10 18:00:00+00:00,0.14319269999999998
2026-02-10 19:00:00+00:00,0.1323875
2026-02-10 20:00:00+00:00,0.12752039999999998
2026-02-10 21:00:00+00:00,0.1269611
2026-02-10 22:00:00+00:00,0.11963069999999999
2026-02-10 23:00:00+00:00,0.1151682
2026-02-11 00:00:00+00:00,0.11498969999999999
2026-02-11 01:00:00+00:00,0.1137759
2026-02-11 02:00:00+00:00,0.1126692
2026-02-11 03:00:00+00:00,0.11287149999999999
2026-02-11 04:00:00+00:00,0.1179766
2026-02-11 05:00:00+00:00,0.1314712
2026-02-11 06:00:00+00:00,0.15351
2026-02-11 07:00:00+00:00,0.1631133
2026-02-11 08:00:00+00:00,0.15641359999999999
2026-02-11 09:00:00+00:00,0.151725
2026-02-11 10:00:00+00:00,0.1498686
2026-02-11 11:00:00+00:00,0.1378734
2026-02-11 12:00:00+00:00,0.138873
2026-02-11 13:00:00+00:00,0.138873
2026-02-11 14:00:00+00:00,0.1406461
2026-02-11 15:00:00+00:00,0.1455608
2026-02-11 16:00:00+00:00,0.152201
2026-02-11 17:00:00+00:00,0.14930929999999998
2026-02-11 18:00:00+00:00,0.1333038
2026-02-11 19:00:00+00:00,0.12486670000000001
2026-02-11 20:00:00+00:00,0.1242122
2026-02-11 21:00:00+00:00,0.12137999999999999
2026-02-11 22:00:00+00:00,0.1134189
2026-02-11 23:00:00+00:00,0.1049461
2026-02-12 00:00:00+00:00,0.1042202
2026-02-12 01:00:00+00:00,0.10257799999999999
2026-02-12 02:00:00+00:00,0.1010191
2026-02-12 03:00:00+00:00,0.1023519
2026-02-12 04:00:00+00:00,0.10642170000000001
2026-02-12 05:00:00+00:00,0.1188334
2026-02-12 06:00:00+00:00,0.1380519
2026-02-12 07:00:00+00:00,0.14645329999999998
2026-02-12 08:00:00+00:00,0.1442399
2026-02-12 09:00:00+00:00,0.1398488
2026-02-12 10:00:00+00:00,0.13226849999999998
2026-02-12 11:00:00+00:00,0.1255688
2026-02-12 12:00:00+00:00,0.1232364
2026-02-12 13:00:00+00:00,0.1251999
2026-02-12 14:00:00+00:00,0.1284962
2026-02-12 15:00:00+00:00,0.1318401
2026-02-12 16:00:00+00:00,0.1464295
2026-02-12 17:00:00+00:00,0.14953539999999998
2026-02-12 18:00:00+00:00,0.1438353
2026-02-12 19:00:00+00:00,0.12982899999999997
2026-02-12 20:00:00+00:00,0.11863109999999999
2026-02-12 21:00:00+00:00,0.1156442
2026-02-12 22:00:00+00:00,0.10630269999999999
2026-02-12 23:00:00+00:00,0.0997934
2026-02-13 00:00:00+00:00,0.09955539999999999
2026-02-13 01:00:00+00:00,0.09784179999999999
2026-02-13 02:00:00+00:00,0.0974134
2026-02-13 03:00:00+00:00,0.09918649999999998
2026-02-13 04:00:00+00:00,0.1037561
2026-02-13 05:00:00+00:00,0.11748869999999999
2026-02-13 06:00:00+00:00,0.1400987
2026-02-13 07:00:00+00:00,0.14738149999999997
2026-02-13 08:00:00+00:00,0.1417885
2026-02-13 09:00:00+00:00,0.1266041
2026-02-13 10:00:00+00:00,0.12022569999999999
2026-02-13 11:00:00+00:00,0.11578699999999999
2026-02-13 12:00:00+00:00,0.116025
2026-02-13 13:00:00+00:00,0.1214871
2026-02-13 14:00:00+00:00,0.140539
2026-02-13 15:00:00+00:00,0.1498329
2026-02-13 16:00:00+00:00,0.1570681
2026-02-13 17:00:00+00:00,0.1618638
2026-02-13 18:00:00+00:00,0.15694909999999998
2026-02-13 19:00:00+00:00,0.14994
2026-02-13 20:00:00+00:00,0.1399202
2026-02-13 21:00:00+00:00,0.1308405
2026-02-13 22:00:00+00:00,0.1200234
2026-02-13 23:00:00+00:00,0.11541809999999998
2026-02-14 00:00:00+00:00,0.10927769999999999
2026-02-14 01:00:00+00:00,0.1060171
2026-02-14 02:00:00+00:00,0.1055173
2026-02-14 03:00:00+00:00,0.1041369
2026-02-14 04:00:00+00:00,0.10561249999999998
2026-02-14 05:00:00+00:00,0.1073618
2026-02-14 06:00:00+00:00,0.1108128
2026-02-14 07:00:00+00:00,0.1211777
2026-02-14 08:00:00+00:00,0.12791309999999997
2026-02-14 09:00:00+00:00,0.12372429999999998
2026-02-14 10:00:00+00:00,0.1168104
2026-02-14 11:00:00+00:00,0.11324039999999999
2026-02-14 12:00:00+00:00,0.11182429999999999
2026-02-14 13:00:00+00:00,0.1155609
2026-02-14 14:00:00+00:00,0.1248905
2026-02-14 15:00:00+00:00,0.13909909999999998
2026-02-14 16:00:00+00:00,0.15005899999999997
2026-02-14 17:00:00+00:00,0.15699670000000002
2026-02-14 18:00:00+00:00,0.1531768
2026-02-14 19:00:00+00:00,0.14659609999999998
2026-02-14 20:00:00+00:00,0.1392062
2026-02-14 21:00:00+00:00,0.132328
2026-02-14 22:00:00+00:00,0.12030899999999999
2026-02-14 23:00:00+00:00,0.1211182
2026-02-15 00:00:00+00:00,0.11894049999999999
2026-02-15 01:00:00+00:00,0.1199044
2026-02-15 02:00:00+00:00,0.1166557
2026-02-15 03:00:00+00:00,0.11485879999999998
2026-02-15 04:00:00+00:00,0.1122884
2026-02-15 05:00:00+00:00,0.1120623
2026-02-15 06:00:00+00:00,0.1143828
2026-02-15 07:00:00+00:00,0.11519199999999999
2026-02-15 08:00:00+00:00,0.1107533
2026-02-15 09:00:00+00:00,0.09879379999999999
2026-02-15 10:00:00+00:00,0.08891679999999999
2026-02-15 11:00:00+00:00,0.0801703
2026-02-15 12:00:00+00:00,0.07664789999999999
2026-02-15 13:00:00+00:00,0.0766598
2026-02-15 14:00:00+00:00,0.0856205
2026-02-15 15:00:00+00:00,0.10020989999999999
2026-02-15 16:00:00+00:00,0.1147041
2026-02-15 17:00:00+00:00,0.116858
2026-02-15 18:00:00+00:00,0.0994959
2026-02-15 19:00:00+00:00,0.08448999999999998
2026-02-15 20:00:00+00:00,0.0800394
2026-02-15 21:00:00+00:00,0.0780878
2026-02-15 22:00:00+00:00,0.06906759999999999
2026-02-15 23:00:00+00:00,0.08202670000000001
2026-02-16 00:00:00+00:00,0.07780219999999999
2026-02-16 01:00:00+00:00,0.07664789999999999
2026-02-16 02:00:00+00:00,0.07664789999999999
2026-02-16 03:00:00+00:00,0.07859949999999999
2026-02-16 04:00:00+00:00,0.08328809999999999
2026-02-16 05:00:00+00:00,0.09440269999999999
2026-02-16 06:00:00+00:00,0.11194329999999998
2026-02-16 07:00:00+00:00,0.12022569999999999
2026-02-16 08:00:00+00:00,0.1242717
2026-02-16 09:00:00+00:00,0.1208326
2026-02-16 10:00:00+00:00,0.1128834
2026-02-16 11:00:00+00:00,0.10948
2026-02-16 12:00:00+00:00,0.112336
2026-02-16 13:00:00+00:00,0.1142519
2026-02-16 14:00:00+00:00,0.12385519999999998
2026-02-16 15:00:00+00:00,0.137207
2026-02-16 16:00:00+00:00,0.1551284
2026-02-16 17:00:00+00:00,0.1536528
2026-02-16 18:00:00+00:00,0.15036839999999999
2026-02-16 19:00:00+00:00,0.1375997
2026-02-16 20:00:00+00:00,0.123641
2026-02-16 21:00:00+00:00,0.12128479999999998
2026-02-16 22:00:00+00:00,0.11038440000000001
2026-02-16 23:00:00+00:00,0.1035538
2026-02-17 00:00:00+00:00,0.10128090000000001
2026-02-17 01:00:00+00:00,0.10088819999999998
2026-02-17 02:00:00+00:00,0.1019235
2026-02-17 03:00:00+00:00,0.10093579999999999
2026-02-17 04:00:00+00:00,0.1057196
2026-02-17 05:00:00+00:00,0.1222368
2026-02-17 06:00:00+00:00,0.1360527
2026-02-17 07:00:00+00:00,0.1366834
2026-02-17 08:00:00+00:00,0.1318996
2026-02-17 09:00:00+00:00,0.121856
2026-02-17 10:00:00+00:00,0.1107414
2026-02-17 11:00:00+00:00,0.0998886
2026-02-17 12:00:00+00:00,0.0979251
2026-02-17 13:00:00+00:00,0.09807980000000001
2026-02-17 14:00:00+00:00,0.1027922
2026-02-17 15:00:00+00:00,0.11195519999999999
2026-02-17 16:00:00+00:00,0.1318639
2026-02-17 17:00:00+00:00,0.1511062
2026-02-17 18:00:00+00:00,0.15065399999999998
2026-02-17 19:00:00+00:00,0.1323637
2026-02-17 20:00:00+00:00,0.11894049999999999
2026-02-17 21:00:00+00:00,0.1109437
2026-02-17 22:00:00+00:00,0.10663589999999999
2026-02-17 23:00:00+00:00,0.11379969999999999
2026-02-18 00:00:00+00:00,0.1113364
2026-02-18 01:00:00+00:00,0.1110151
2026-02-18 02:00:00+00:00,0.1102892
2026-02-18 03:00:00+00:00,0.1111698
2026-02-18 04:00:00+00:00,0.120428
2026-02-18 05:00:00+00:00,0.1457869
2026-02-18 06:00:00+00:00,0.20907109999999998
2026-02-18 07:00:00+00:00,0.2214471
2026-02-18 08:00:00+00:00,0.16141159999999996
2026-02-18 09:00:00+00:00,0.1378972
2026-02-18 10:00:00+00:00,0.12640179999999998
2026-02-18 11:00:00+00:00,0.1205827
2026-02-18 12:00:00+00:00,0.119595
2026-02-18 13:00:00+00:00,0.12333159999999999
2026-02-18 14:00:00+00:00,0.1357671
2026-02-18 15:00:00+00:00,0.1452752
2026-02-18 16:00:00+00:00,0.1670879
2026-02-18 17:00:00+00:00,0.169694
2026-02-18 18:00:00+00:00,0.1426096
2026-02-18 19:00:00+00:00,0.12217729999999999
2026-02-18 20:00:00+00:00,0.1144066
2026-02-18 21:00:00+00:00,0.11316899999999998
2026-02-18 22:00:00+00:00,0.10646929999999999
2026-02-18 23:00:00+00:00,0.0996982
2026-02-19 00:00:00+00:00,0.09740149999999999
2026-02-19 01:00:00+00:00,0.0974967
2026-02-19 02:00:00+00:00,0.09692550000000001
2026-02-19 03:00:00+00:00,0.09241539999999998
2026-02-19 04:00:00+00:00,0.1001385
2026-02-19 05:00:00+00:00,0.10366089999999999
2026-02-19 06:00:00+00:00,0.1061956
2026-02-19 07:00:00+00:00,0.1153705
2026-02-19 08:00:00+00:00,0.12329589999999999
2026-02-19 09:00:00+00:00,0.12019
2026-02-19 10:00:00+00:00,0.1131809
2026-02-19 11:00:00+00:00,0.10829
2026-02-19 12:00:00+00:00,0.107219
2026-02-19 13:00:00+00:00,0.10729039999999998
2026-02-19 14:00:00+00:00,0.1101821
2026-02-19 15:00:00+00:00,0.1147041
2026-02-19 16:00:00+00:00,0.1257711
2026-02-19 17:00:00+00:00,0.13508879999999998
2026-02-19 18:00:00+00:00,0.1325541
2026-02-19 19:00:00+00:00,0.11958309999999998
2026-02-19 20:00:00+00:00,0.1167628
2026-02-19 21:00:00+00:00,0.10959899999999997
2026-02-19 22:00:00+00:00,0.1013761
2026-02-19 23:00:00+00:00,0.10241139999999999
2026-02-20 00:00:00+00:00,0.1022567
2026-02-20 01:00:00+00:00,0.1016736
2026-02-20 02:00:00+00:00,0.10100719999999999
2026-02-20 03:00:00+00:00,0.10045979999999999
2026-02-20 04:00:00+00:00,0.10742129999999998
2026-02-20 05:00:00+00:00,0.12474769999999999
2026-02-20 06:00:00+00:00,0.1353982
2026-02-20 07:00:00+00:00,0.1382066
2026-02-20 08:00:00+00:00,0.12992420000000002
2026-02-20 09:00:00+00:00,0.10840899999999999
2026-02-20 10:00:00+00:00,0.0995792
2026-02-20 11:00:00+00:00,0.0964019
2026-02-20 12:00:00+00:00,0.09472399999999999
2026-02-20 13:00:00+00:00,0.09515239999999998
2026-02-20 14:00:00+00:00,0.0993293
2026-02-20 15:00:00+00:00,0.10931339999999999
2026-02-20 16:00:00+00:00,0.1207136
2026-02-20 17:00:00+00:00,0.1115982
2026-02-20 18:00:00+00:00,0.09875809999999999
2026-02-20 19:00:00+00:00,0.09367679999999999
2026-02-20 20:00:00+00:00,0.08092
2026-02-20 21:00:00+00:00,0.0769216
2026-02-20 22:00:00+00:00,0.0557039
2026-02-20 23:00:00+00:00,0.0624036
2026-02-21 00:00:00+00:00,0.05551349999999999
2026-02-21 01:00:00+00:00,0.0517174
2026-02-21 02:00:00+00:00,0.04957539999999999
2026-02-21 03:00:00+00:00,0.04638619999999999
2026-02-21 04:00:00+00:00,0.046981199999999994
2026-02-21 05:00:00+00:00,0.04267339999999999
2026-02-21 06:00:00+00:00,0.055918100000000005
2026-02-21 07:00:00+00:00,0.0666995
2026-02-21 08:00:00+00:00,0.06906759999999999
2026-02-21 09:00:00+00:00,0.07084069999999999
2026-02-21 10:00:00+00:00,0.0659141
2026-02-21 11:00:00+00:00,0.060130699999999995
2026-02-21 12:00:00+00:00,0.053740399999999994
2026-02-21 13:00:00+00:00,0.0666519
2026-02-21 14:00:00+00:00,0.0819791
2026-02-21 15:00:00+00:00,0.0975086
2026-02-21 16:00:00+00:00,0.1173816
2026-02-21 17:00:00+00:00,0.1288889
2026-02-21 18:00:00+00:00,0.1203923
2026-02-21 19:00:00+00:00,0.106029
2026-02-21 20:00:00+00:00,0.0985439
2026-02-21 21:00:00+00:00,0.0911421
2026-02-21 22:00:00+00:00,0.07938489999999998
2026-02-21 23:00:00+00:00,0.0674492
2026-02-22 00:00:00+00:00,0.0624869
2026-02-22 01:00:00+00:00,0.0524314
2026-02-22 02:00:00+00:00,0.048742400000000005
2026-02-22 03:00:00+00:00,0.046433800000000004
2026-02-22 04:00:00+00:00,0.0455651
2026-02-22 05:00:00+00:00,0.0415072
2026-02-22 06:00:00+00:00,0.049385
2026-02-22 07:00:00+00:00,0.056358399999999996
2026-02-22 08:00:00+00:00,0.0659974
2026-02-22 09:00:00+00:00,0.065569
2026-02-22 10:00:00+00:00,0.0642124
2026-02-22 11:00:00+00:00,0.0602021
2026-02-22 12:00:00+00:00,0.05364519999999999
2026-02-22 13:00:00+00:00,0.0515389
2026-02-22 14:00:00+00:00,0.05704859999999999
2026-02-22 15:00:00+00:00,0.06774669999999999
2026-02-22 16:00:00+00:00,0.0903805
2026-02-22 17:00:00+00:00,0.0945336
2026-02-22 18:00:00+00:00,0.08939280000000001
2026-02-22 19:00:00+00:00,0.0815388
2026-02-22 20:00:00+00:00,0.0805511
2026-02-22 21:00:00+00:00,0.0837879
2026-02-22 22:00:00+00:00,0.0618205
2026-02-22 23:00:00+00:00,0.0539665
2026-02-23 00:00:00+00:00,0.054156899999999994
2026-02-23 01:00:00+00:00,0.05233619999999999
2026-02-23 02:00:00+00:00,0.0534548
2026-02-23 03:00:00+00:00,0.05372849999999999
2026-02-23 04:00:00+00:00,0.0667233
2026-02-23 05:00:00+00:00,0.0925344
2026-02-23 06:00:00+00:00,0.11419239999999999
2026-02-23 07:00:00+00:00,0.11785759999999999
2026-02-23 08:00:00+00:00,0.10408929999999998
2026-02-23 09:00:00+00:00,0.07975379999999999
2026-02-23 10:00:00+00:00,0.0581315
2026-02-23 11:00:00+00:00,0.009377199999999999
2026-02-23 12:00:00+00:00,0.0034509999999999996
2026-02-23 13:00:00+00:00,0.041519099999999996
2026-02-23 14:00:00+00:00,0.06962689999999999
2026-02-23 15:00:00+00:00,0.0946169
2026-02-23 16:00:00+00:00,0.11434710000000001
2026-02-23 17:00:00+00:00,0.1276513
2026-02-23 18:00:00+00:00,0.131971
2026-02-23 19:00:00+00:00,0.1166557
2026-02-23 20:00:00+00:00,0.11571559999999999
2026-02-23 21:00:00+00:00,0.11407339999999999
2026-02-23 22:00:00+00:00,0.1038751
2026-02-23 23:00:00+00:00,0.0980084
2026-02-24 00:00:00+00:00,0.09991239999999998
2026-02-24 01:00:00+00:00,0.1023162
2026-02-24 02:00:00+00:00,0.1028755
2026-02-24 03:00:00+00:00,0.10496989999999999
2026-02-24 04:00:00+00:00,0.1120623
2026-02-24 05:00:00+00:00,0.1322328
2026-02-24 06:00:00+00:00,0.158389
2026-02-24 07:00:00+00:00,0.1755012
2026-02-24 08:00:00+00:00,0.16745680000000002
2026-02-24 09:00:00+00:00,0.15323630000000002
2026-02-24 10:00:00+00:00,0.132566
2026-02-24 11:00:00+00:00,0.1192261
2026-02-24 12:00:00+00:00,0.118167
2026-02-24 13:00:00+00:00,0.1130619
2026-02-24 14:00:00+00:00,0.12741329999999998
2026-02-24 15:00:00+00:00,0.1497139
2026-02-24 16:00:00+00:00,0.21684179999999997
2026-02-24 17:00:00+00:00,0.2190195
2026-02-24 18:00:00+00:00,0.17185979999999998
2026-02-24 19:00:00+00:00,0.14156239999999998
2026-02-24 20:00:00+00:00,0.1293887
2026-02-24 21:00:00+00:00,0.12103489999999999
2026-02-24 22:00:00+00:00,0.11174100000000001
2026-02-24 23:00:00+00:00,0.1096466
2026-02-25 00:00:00+00:00,0.104006
2026-02-25 01:00:00+00:00,0.1009477
2026-02-25 02:00:00+00:00,0.10483899999999999
2026-02-25 03:00:00+00:00,0.1054459
2026-02-25 04:00:00+00:00,0.1108723
2026-02-25 05:00:00+00:00,0.13544579999999998
2026-02-25 06:00:00+00:00,0.15556869999999998
2026-02-25 07:00:00+00:00,0.14262149999999998
2026-02-25 08:00:00+00:00,0.1275442
2026-02-25 09:00:00+00:00,0.1080877
2026-02-25 10:00:00+00:00,0.09502149999999998
2026-02-25 11:00:00+00:00,0.078302
2026-02-25 12:00:00+00:00,0.07163800000000001
2026-02-25 13:00:00+00:00,0.0807415
2026-02-25 14:00:00+00:00,0.09636620000000001
2026-02-25 15:00:00+00:00,0.1206303
2026-02-25 16:00:00+00:00,0.1411816
2026-02-25 17:00:00+00:00,0.1449063
2026-02-25 18:00:00+00:00,0.1275085
2026-02-25 19:00:00+00:00,0.1121694
2026-02-25 20:00:00+00:00,0.10386319999999999
2026-02-25 21:00:00+00:00,0.1033277
2026-02-25 22:00:00+00:00,0.09415280000000001
2026-02-25 23:00:00+00:00,0.0909398
2026-02-26 00:00:00+00:00,0.08614409999999999
2026-02-26 01:00:00+00:00,0.08180059999999999
2026-02-26 02:00:00+00:00,0.0808367
2026-02-26 03:00:00+00:00,0.0801822
2026-02-26 04:00:00+00:00,0.09027339999999999
2026-02-26 05:00:00+00:00,0.11997579999999998
2026-02-26 06:00:00+00:00,0.13101899999999997
2026-02-26 07:00:00+00:00,0.1159655
2026-02-26 08:00:00+00:00,0.0957117
2026-02-26 09:00:00+00:00,0.0807415
2026-02-26 10:00:00+00:00,0.0634865
2026-02-26 11:00:00+00:00,0.023847599999999997
2026-02-26 12:00:00+00:00,0.016719499999999998
2026-02-26 13:00:00+00:00,0.0531216
2026-02-26 14:00:00+00:00,0.0848589
2026-02-26 15:00:00+00:00,0.1127287
2026-02-26 16:00:00+00:00,0.1322566
2026-02-26 17:00:00+00:00,0.134589
2026-02-26 18:00:00+00:00,0.1285081
2026-02-26 19:00:00+00:00,0.1112055
2026-02-26 20:00:00+00:00,0.1000552
2026-02-26 21:00:00+00:00,0.09574739999999998
2026-02-26 22:00:00+00:00,0.0851802
2026-02-26 23:00:00+00:00,0.06562849999999999
2026-02-27 00:00:00+00:00,0.0666519
2026-02-27 01:00:00+00:00,0.068187
2026-02-27 02:00:00+00:00,0.07139999999999999
2026-02-27 03:00:00+00:00,0.073542
2026-02-27 04:00:00+00:00,0.07852809999999999
2026-02-27 05:00:00+00:00,0.0911183
2026-02-27 06:00:00+00:00,0.10535069999999999
2026-02-27 07:00:00+00:00,0.09440269999999999
2026-02-27 08:00:00+00:00,0.0766598
2026-02-27 09:00:00+00:00,0.0375445
2026-02-27 10:00:00+00:00,0.0011542999999999998
2026-02-27 11:00:00+00:00,-1.1900000000000001e-05
2026-02-27 12:00:00+00:00,-1.1900000000000001e-05
2026-02-27 13:00:00+00:00,0.0092106
2026-02-27 14:00:00+00:00,0.0711144
2026-02-27 15:00:00+00:00,0.10948
2026-02-27 16:00:00+00:00,0.137088
2026-02-27 17:00:00+00:00,0.140539
2026-02-27 18:00:00+00:00,0.1300075
2026-02-27 19:00:00+00:00,0.11903570000000001
2026-02-27 20:00:00+00:00,0.10824239999999999
2026-02-27 21:00:00+00:00,0.1041369
2026-02-27 22:00:00+00:00,0.09519999999999999
2026-02-27 23:00:00+00:00,0.09522379999999998
2026-02-28 00:00:00+00:00,0.0908089
2026-02-28 01:00:00+00:00,0.0889287
2026-02-28 02:00:00+00:00,0.08541819999999999
2026-02-28 03:00:00+00:00,0.08554909999999999
2026-02-28 04:00:00+00:00,0.08597749999999998
2026-02-28 05:00:00+00:00,0.0867748
2026-02-28 06:00:00+00:00,0.09078510000000001
2026-02-28 07:00:00+00:00,0.0679728
2026-02-28 08:00:00+00:00,0.021182
2026-02-28 09:00:00+00:00,-1.1900000000000001e-05
2026-02-28 10:00:00+00:00,-3.5699999999999994e-05
2026-02-28 11:00:00+00:00,-0.00029749999999999997
2026-02-28 12:00:00+00:00,-0.0002618
2026-02-28 13:00:00+00:00,-1.1900000000000001e-05
2026-02-28 14:00:00+00:00,0.0176834
2026-02-28 15:00:00+00:00,0.0781235
2026-02-28 16:00:00+00:00,0.10702859999999999
2026-02-28 17:00:00+00:00,0.11327609999999999
2026-02-28 18:00:00+00:00,0.10135229999999999
2026-02-28 19:00:00+00:00,0.0822528
2026-02-28 20:00:00+00:00,0.0769573
2026-02-28 21:00:00+00:00,0.0769454
2026-02-28 22:00:00+00:00,0.07219729999999999
2026-02-28 23:00:00+00:00,0.0567035
2026-03-01 00:00:00+00:00,0.061344499999999996
2026-03-01 01:00:00+00:00,0.06455749999999999
2026-03-01 02:00:00+00:00,0.0679133
2026-03-01 03:00:00+00:00,0.0726971
2026-03-01 04:00:00+00:00,0.0775642
2026-03-01 05:00:00+00:00,0.0785519
2026-03-01 06:00:00+00:00,0.07735
2026-03-01 07:00:00+00:00,0.0625226
2026-03-01 08:00:00+00:00,0.0237762
2026-03-01 09:00:00+00:00,0.0
2026-03-01 10:00:00+00:00,-3.5699999999999994e-05
2026-03-01 11:00:00+00:00,-0.00044029999999999997
2026-03-01 12:00:00+00:00,-0.0009400999999999999
2026-03-01 13:00:00+00:00,-1.1900000000000001e-05
2026-03-01 14:00:00+00:00,0.030880499999999998
2026-03-01 15:00:00+00:00,0.0890596
2026-03-01 16:00:00+00:00,0.1234744
2026-03-01 17:00:00+00:00,0.131138
2026-03-01 18:00:00+00:00,0.1210111
2026-03-01 19:00:00+00:00,0.1079806
2026-03-01 20:00:00+00:00,0.09677079999999998
2026-03-01 21:00:00+00:00,0.0888573
2026-03-01 22:00:00+00:00,0.0810985
2026-03-01 23:00:00+00:00,0.07750469999999998
2026-03-02 00:00:00+00:00,0.0796705
2026-03-02 01:00:00+00:00,0.0821219
2026-03-02 02:00:00+00:00,0.08278829999999998
2026-03-02 03:00:00+00:00,0.0880957
2026-03-02 04:00:00+00:00,0.10118569999999999
2026-03-02 05:00:00+00:00,0.11920229999999998
2026-03-02 06:00:00+00:00,0.1649935
2026-03-02 07:00:00+00:00,0.1485834
2026-03-02 08:00:00+00:00,0.1064574
2026-03-02 09:00:00+00:00,0.083181
2026-03-02 10:00:00+00:00,0.0637364
2026-03-02 11:00:00+00:00,0.034593299999999993
2026-03-02 12:00:00+00:00,0.0478975
2026-03-02 13:00:00+00:00,0.0761957
2026-03-02 14:00:00+00:00,0.1011381
2026-03-02 15:00:00+00:00,0.12988850000000002
2026-03-02 16:00:00+00:00,0.20646499999999998
2026-03-02 17:00:00+00:00,0.22372
2026-03-02 18:00:00+00:00,0.17089590000000002
2026-03-02 19:00:00+00:00,0.1281511
2026-03-02 20:00:00+00:00,0.11479929999999999
2026-03-02 21:00:00+00:00,0.11519199999999999
2026-03-02 22:00:00+00:00,0.10579100000000001
2026-03-02 23:00:00+00:00,0.10598139999999999
2026-03-03 00:00:00+00:00,0.1072428
2026-03-03 01:00:00+00:00,0.10642170000000001
2026-03-03 02:00:00+00:00,0.11045579999999999
2026-03-03 03:00:00+00:00,0.11390679999999999
2026-03-03 04:00:00+00:00,0.12295079999999999
2026-03-03 05:00:00+00:00,0.1618995
2026-03-03 06:00:00+00:00,0.186116
2026-03-03 07:00:00+00:00,0.1627682
2026-03-03 08:00:00+00:00,0.11842879999999999
2026-03-03 09:00:00+00:00,0.0930223
2026-03-03 10:00:00+00:00,0.0665448
2026-03-03 11:00:00+00:00,0.03852029999999999
2026-03-03 12:00:00+00:00,0.0424354
2026-03-03 13:00:00+00:00,0.07633850000000002
2026-03-03 14:00:00+00:00,0.1032563
2026-03-03 15:00:00+00:00,0.1358742
2026-03-03 16:00:00+00:00,0.1887578
2026-03-03 17:00:00+00:00,0.2430694
2026-03-03 18:00:00+00:00,0.20631029999999997
2026-03-03 19:00:00+00:00,0.15675869999999997
2026-03-03 20:00:00+00:00,0.1382542
2026-03-03 21:00:00+00:00,0.13247079999999997
2026-03-03 22:00:00+00:00,0.124593
2026-03-03 23:00:00+00:00,0.1535219
2026-03-04 00:00:00+00:00,0.15210579999999999
2026-03-04 01:00:00+00:00,0.14913079999999998
2026-03-04 02:00:00+00:00,0.14844059999999998
2026-03-04 03:00:00+00:00,0.15255799999999997
2026-03-04 04:00:00+00:00,0.1679804
2026-03-04 05:00:00+00:00,0.23835699999999999
2026-03-04 06:00:00+00:00,0.3183131
2026-03-04 07:00:00+00:00,0.23008649999999997
2026-03-04 08:00:00+00:00,0.17940439999999996
2026-03-04 09:00:00+00:00,0.1313998
2026-03-04 10:00:00+00:00,0.093177
2026-03-04 11:00:00+00:00,0.050575
2026-03-04 12:00:00+00:00,0.039246199999999995
2026-03-04 13:00:00+00:00,0.07783789999999999
2026-03-04 14:00:00+00:00,0.1179409
2026-03-04 15:00:00+00:00,0.16327989999999998
2026-03-04 16:00:00+00:00,0.29068130000000003
2026-03-04 17:00:00+00:00,0.3699234
2026-03-04 18:00:00+00:00,0.28515969999999996
2026-03-04 19:00:00+00:00,0.2021334
2026-03-04 20:00:00+00:00,0.1807372
2026-03-04 21:00:00+00:00,0.1692656
2026-03-04 22:00:00+00:00,0.1485239
2026-03-04 23:00:00+00:00,0.1386231
2026-03-05 00:00:00+00:00,0.13081669999999998
2026-03-05 01:00:00+00:00,0.1300194
2026-03-05 02:00:00+00:00,0.1294601
2026-03-05 03:00:00+00:00,0.1321614
2026-03-05 04:00:00+00:00,0.1510467
2026-03-05 05:00:00+00:00,0.1837241
2026-03-05 06:00:00+00:00,0.2089045
2026-03-05 07:00:00+00:00,0.1658027
2026-03-05 08:00:00+00:00,0.1155371
2026-03-05 09:00:00+00:00,0.07633850000000002
2026-03-05 10:00:00+00:00,0.0273224
2026-03-05 11:00:00+00:00,0.0025228
2026-03-05 12:00:00+00:00,0.0033677
2026-03-05 13:00:00+00:00,0.046219600000000007
2026-03-05 14:00:00+00:00,0.10709999999999999
2026-03-05 15:00:00+00:00,0.1639225
2026-03-05 16:00:00+00:00,0.21465219999999996
2026-03-05 17:00:00+00:00,0.2285038
2026-03-05 18:00:00+00:00,0.19635
2026-03-05 19:00:00+00:00,0.1609475
2026-03-05 20:00:00+00:00,0.15540210000000002
2026-03-05 21:00:00+00:00,0.15486659999999997
2026-03-05 22:00:00+00:00,0.142443
2026-03-05 23:00:00+00:00,0.12391469999999999
2026-03-06 00:00:00+00:00,0.12614
2026-03-06 01:00:00+00:00,0.12913879999999997
2026-03-06 02:00:00+00:00,0.1303407
2026-03-06 03:00:00+00:00,0.137445
2026-03-06 04:00:00+00:00,0.1542954
2026-03-06 05:00:00+00:00,0.18717509999999998
2026-03-06 06:00:00+00:00,0.21066569999999998
2026-03-06 07:00:00+00:00,0.1645651
2026-03-06 08:00:00+00:00,0.13323239999999997
2026-03-06 09:00:00+00:00,0.11483499999999999
2026-03-06 10:00:00+00:00,0.07938489999999998
2026-03-06 11:00:00+00:00,0.06264159999999999
2026-03-06 12:00:00+00:00,0.057893499999999994
2026-03-06 13:00:00+00:00,0.08798859999999999
2026-03-06 14:00:00+00:00,0.12741329999999998
2026-03-06 15:00:00+00:00,0.155176
2026-03-06 16:00:00+00:00,0.21115359999999997
2026-03-06 17:00:00+00:00,0.2731645
2026-03-06 18:00:00+00:00,0.2258263
2026-03-06 19:00:00+00:00,0.18220090000000003
2026-03-06 20:00:00+00:00,0.1596861
2026-03-06 21:00:00+00:00,0.1514275
2026-03-06 22:00:00+00:00,0.15003519999999998
2026-03-06 23:00:00+00:00,0.1608404
2026-03-07 00:00:00+00:00,0.15550920000000001
2026-03-07 01:00:00+00:00,0.1495473
2026-03-07 02:00:00+00:00,0.1480241
2026-03-07 03:00:00+00:00,0.1484525
2026-03-07 04:00:00+00:00,0.15420019999999998
2026-03-07 05:00:00+00:00,0.16138780000000003
2026-03-07 06:00:00+00:00,0.1541764
2026-03-07 07:00:00+00:00,0.134351
2026-03-07 08:00:00+00:00,0.1223201
2026-03-07 09:00:00+00:00,0.0885955
2026-03-07 10:00:00+00:00,0.036342599999999996
2026-03-07 11:00:00+00:00,0.015505699999999999
2026-03-07 12:00:00+00:00,0.0016897999999999998
2026-03-07 13:00:00+00:00,0.021634199999999996
2026-03-07 14:00:00+00:00,0.0991151
2026-03-07 15:00:00+00:00,0.15032079999999998
2026-03-07 16:00:00+00:00,0.1753703
2026-03-07 17:00:00+00:00,0.2152353
2026-03-07 18:00:00+00:00,0.19840869999999997
2026-03-07 19:00:00+00:00,0.176358
2026-03-07 20:00:00+00:00,0.1637559
2026-03-07 21:00:00+00:00,0.15969799999999998
2026-03-07 22:00:00+00:00,0.15547350000000001
2026-03-07 23:00:00+00:00,0.1618281
2026-03-08 00:00:00+00:00,0.15794869999999997
2026-03-08 01:00:00+00:00,0.1561161
2026-03-08 02:00:00+00:00,0.1548071
2026-03-08 03:00:00+00:00,0.1539146
2026-03-08 04:00:00+00:00,0.15427159999999995
2026-03-08 05:00:00+00:00,0.15600899999999998
2026-03-08 06:00:00+00:00,0.13921809999999998
2026-03-08 07:00:00+00:00,0.1291864
2026-03-08 08:00:00+00:00,0.10795679999999999
2026-03-08 09:00:00+00:00,0.0748986
2026-03-08 10:00:00+00:00,0.0214557
2026-03-08 11:00:00+00:00,0.0099127
2026-03-08 12:00:00+00:00,-1.1900000000000001e-05
2026-03-08 13:00:00+00:00,0.0077112000000000005
2026-03-08 14:00:00+00:00,0.0764694
2026-03-08 15:00:00+00:00,0.13946799999999998
2026-03-08 16:00:00+00:00,0.17410889999999998
2026-03-08 17:00:00+00:00,0.19070939999999997
2026-03-08 18:00:00+00:00,0.18331950000000002
2026-03-08 19:00:00+00:00,0.16516009999999998
2026-03-08 20:00:00+00:00,0.1516536
2026-03-08 21:00:00+00:00,0.1441328
2026-03-08 22:00:00+00:00,0.13514829999999997
2026-03-08 23:00:00+00:00,0.1357671
2026-03-09 00:00:00+00:00,0.1300313
2026-03-09 01:00:00+00:00,0.12985280000000002
2026-03-09 02:00:00+00:00,0.1314712
2026-03-09 03:00:00+00:00,0.1385041
2026-03-09 04:00:00+00:00,0.16303
2026-03-09 05:00:00+00:00,0.19507670000000002
2026-03-09 06:00:00+00:00,0.2279802
2026-03-09 07:00:00+00:00,0.1935059
2026-03-09 08:00:00+00:00,0.15121329999999997
2026-03-09 09:00:00+00:00,0.12033279999999999
2026-03-09 10:00:00+00:00,0.0964495
2026-03-09 11:00:00+00:00,0.0805511
2026-03-09 12:00:00+00:00,0.0800751
2026-03-09 13:00:00+00:00,0.09684219999999999
2026-03-09 14:00:00+00:00,0.1344581
2026-03-09 15:00:00+00:00,0.17069359999999997
2026-03-09 16:00:00+00:00,0.2225657
2026-03-09 17:00:00+00:00,0.2903243
2026-03-09 18:00:00+00:00,0.2646679
2026-03-09 19:00:00+00:00,0.21525909999999998
2026-03-09 20:00:00+00:00,0.1810704
2026-03-09 21:00:00+00:00,0.1704913
2026-03-09 22:00:00+00:00,0.15791299999999997
2026-03-09 23:00:00+00:00,0.1649102
2026-03-10 00:00:00+00:00,0.1552236
2026-03-10 01:00:00+00:00,0.1518559
2026-03-10 02:00:00+00:00,0.151011
2026-03-10 03:00:00+00:00,0.15289119999999998
2026-03-10 04:00:00+00:00,0.1674449
2026-03-10 05:00:00+00:00,0.200039
2026-03-10 06:00:00+00:00,0.2144023
2026-03-10 07:00:00+00:00,0.20625079999999998
2026-03-10 08:00:00+00:00,0.1672426
2026-03-10 09:00:00+00:00,0.1407175
2026-03-10 10:00:00+00:00,0.1235101
2026-03-10 11:00:00+00:00,0.10881359999999998
2026-03-10 12:00:00+00:00,0.1154776
2026-03-10 13:00:00+00:00,0.1275323
2026-03-10 14:00:00+00:00,0.14457309999999998
2026-03-10 15:00:00+00:00,0.17182409999999998
2026-03-10 16:00:00+00:00,0.21300999999999998
2026-03-10 17:00:00+00:00,0.25969369999999997
2026-03-10 18:00:00+00:00,0.2393447
2026-03-10 19:00:00+00:00,0.18986450000000002
2026-03-10 20:00:00+00:00,0.1665643
2026-03-10 21:00:00+00:00,0.14667940000000002
2026-03-10 22:00:00+00:00,0.11731019999999999
2026-03-10 23:00:00+00:00,0.09991239999999998
2026-03-11 00:00:00+00:00,0.08426389999999999
2026-03-11 01:00:00+00:00,0.07786169999999999
2026-03-11 02:00:00+00:00,0.0756483
2026-03-11 03:00:00+00:00,0.0667233
2026-03-11 04:00:00+00:00,0.0768026
2026-03-11 05:00:00+00:00,0.0843353
2026-03-11 06:00:00+00:00,0.09623530000000001
2026-03-11 07:00:00+00:00,0.089845
2026-03-11 08:00:00+00:00,0.0689605
2026-03-11 09:00:00+00:00,0.031213699999999997
2026-03-11 10:00:00+00:00,0.014517999999999998
2026-03-11 11:00:00+00:00,0.0117929
2026-03-11 12:00:00+00:00,0.0192066
2026-03-11 13:00:00+00:00,0.056251300000000004
2026-03-11 14:00:00+00:00,0.09440269999999999
2026-03-11 15:00:00+00:00,0.12389089999999998
2026-03-11 16:00:00+00:00,0.1532482
2026-03-11 17:00:00+00:00,0.1822366
2026-03-11 18:00:00+00:00,0.1864968
2026-03-11 19:00:00+00:00,0.1573061
2026-03-11 20:00:00+00:00,0.1464057
2026-03-11 21:00:00+00:00,0.141967
2026-03-11 22:00:00+00:00,0.12376
2026-03-11 23:00:00+00:00,0.1192261
2026-03-12 00:00:00+00:00,0.1095276
2026-03-12 01:00:00+00:00,0.1056839
2026-03-12 02:00:00+00:00,0.1054459
2026-03-12 03:00:00+00:00,0.10669539999999998
2026-03-12 04:00:00+00:00,0.11878579999999998
2026-03-12 05:00:00+00:00,0.15549729999999998
2026-03-12 06:00:00+00:00,0.16319659999999997
2026-03-12 07:00:00+00:00,0.1247239
2026-03-12 08:00:00+00:00,0.09519999999999999
2026-03-12 09:00:00+00:00,0.0338912
2026-03-12 10:00:00+00:00,0.0004046
2026-03-12 11:00:00+00:00,-0.0012971
2026-03-12 12:00:00+00:00,-0.0029630999999999998
2026-03-12 13:00:00+00:00,-0.001071
2026-03-12 14:00:00+00:00,0.004284
2026-03-12 15:00:00+00:00,0.060892299999999996
2026-03-12 16:00:00+00:00,0.1292102
2026-03-12 17:00:00+00:00,0.1366953
2026-03-12 18:00:00+00:00,0.12614
2026-03-12 19:00:00+00:00,0.1030183
2026-03-12 20:00:00+00:00,0.0830501
2026-03-12 21:00:00+00:00,0.0744464
2026-03-12 22:00:00+00:00,0.021300999999999997
2026-03-12 23:00:00+00:00,0.007485100000000001
2026-03-13 00:00:00+00:00,0.004878999999999999
2026-03-13 01:00:00+00:00,0.0034391
2026-03-13 02:00:00+00:00,0.0013685
2026-03-13 03:00:00+00:00,0.0017373999999999998
2026-03-13 04:00:00+00:00,0.0034629
2026-03-13 05:00:00+00:00,0.0100674
2026-03-13 06:00:00+00:00,0.023728600000000002
2026-03-13 07:00:00+00:00,0.0076398
2026-03-13 08:00:00+00:00,-0.00028559999999999995
2026-03-13 09:00:00+00:00,-0.0059499999999999996
2026-03-13 10:00:00+00:00,-0.010709999999999999
2026-03-13 11:00:00+00:00,-0.0099365
2026-03-13 12:00:00+00:00,-0.0030344999999999994
2026-03-13 13:00:00+00:00,0.0013923
2026-03-13 14:00:00+00:00,0.056013299999999995
2026-03-13 15:00:00+00:00,0.1205589
2026-03-13 16:00:00+00:00,0.16889669999999998
2026-03-13 17:00:00+00:00,0.1921731
2026-03-13 18:00:00+00:00,0.19724250000000002
2026-03-13 19:00:00+00:00,0.17340679999999997
2026-03-13 20:00:00+00:00,0.1551046
2026-03-13 21:00:00+00:00,0.1468698
2026-03-13 22:00:00+00:00,0.1378139
2026-03-13 23:00:00+00:00,0.13441050000000002
2026-03-14 00:00:00+00:00,0.12979329999999997
2026-03-14 01:00:00+00:00,0.1237481
2026-03-14 02:00:00+00:00,0.1212134
2026-03-14 03:00:00+00:00,0.1250928
2026-03-14 04:00:00+00:00,0.12979329999999997
2026-03-14 05:00:00+00:00,0.1327088
2026-03-14 06:00:00+00:00,0.13888489999999998
2026-03-14 07:00:00+00:00,0.1450372
2026-03-14 08:00:00+00:00,0.1382066
2026-03-14 09:00:00+00:00,0.12794879999999997
2026-03-14 10:00:00+00:00,0.1232007
2026-03-14 11:00:00+00:00,0.123998
2026-03-14 12:00:00+00:00,0.1230817
2026-03-14 13:00:00+00:00,0.12575920000000002
2026-03-14 14:00:00+00:00,0.1359218
2026-03-14 15:00:00+00:00,0.1547
2026-03-14 16:00:00+00:00,0.1649935
2026-03-14 17:00:00+00:00,0.191709
2026-03-14 18:00:00+00:00,0.20210959999999997
2026-03-14 19:00:00+00:00,0.17882130000000002
2026-03-14 20:00:00+00:00,0.16356549999999997
2026-03-14 21:00:00+00:00,0.16093559999999998
2026-03-14 22:00:00+00:00,0.15237950000000003
2026-03-14 23:00:00+00:00,0.16343459999999999
2026-03-15 00:00:00+00:00,0.15913869999999997
2026-03-15 01:00:00+00:00,0.14870239999999998
2026-03-15 02:00:00+00:00,0.14700069999999998
2026-03-15 03:00:00+00:00,0.1453942
2026-03-15 04:00:00+00:00,0.1477028
2026-03-15 05:00:00+00:00,0.1480241
2026-03-15 06:00:00+00:00,0.1409674
2026-03-15 07:00:00+00:00,0.12982899999999997
2026-03-15 08:00:00+00:00,0.11277629999999998
2026-03-15 09:00:00+00:00,0.10389889999999999
2026-03-15 10:00:00+00:00,0.08592989999999999
2026-03-15 11:00:00+00:00,0.06303429999999999
2026-03-15 12:00:00+00:00,0.0433874
2026-03-15 13:00:00+00:00,0.044268
2026-03-15 14:00:00+00:00,0.0750652
2026-03-15 15:00:00+00:00,0.1062075
2026-03-15 16:00:00+00:00,0.15221289999999998
2026-03-15 17:00:00+00:00,0.1774528
2026-03-15 18:00:00+00:00,0.15692530000000002
2026-03-15 19:00:00+00:00,0.1290912
2026-03-15 20:00:00+00:00,0.10933719999999998
2026-03-15 21:00:00+00:00,0.0986034
2026-03-15 22:00:00+00:00,0.07618379999999998
2026-03-15 23:00:00+00:00,0.0406623
2026-03-16 00:00:00+00:00,0.027762699999999994
2026-03-16 01:00:00+00:00,0.020932100000000002
2026-03-16 02:00:00+00:00,0.0168266
2026-03-16 03:00:00+00:00,0.023871399999999997
2026-03-16 04:00:00+00:00,0.0445417
2026-03-16 05:00:00+00:00,0.07876609999999999
2026-03-16 06:00:00+00:00,0.11372829999999998
2026-03-16 07:00:00+00:00,0.1142162
2026-03-16 08:00:00+00:00,0.08700089999999999
2026-03-16 09:00:00+00:00,0.050693999999999996
2026-03-16 10:00:00+00:00,0.0206703
2026-03-16 11:00:00+00:00,0.014327599999999998
2026-03-16 12:00:00+00:00,0.018897200000000003
2026-03-16 13:00:00+00:00,0.0501823
2026-03-16 14:00:00+00:00,0.0766955
2026-03-16 15:00:00+00:00,0.1263899
2026-03-16 16:00:00+00:00,0.164934
2026-03-16 17:00:00+00:00,0.19639759999999998
2026-03-16 18:00:00+00:00,0.21406909999999998
2026-03-16 19:00:00+00:00,0.18420009999999998
2026-03-16 20:00:00+00:00,0.14959489999999998
2026-03-16 21:00:00+00:00,0.14507289999999998
2026-03-16 22:00:00+00:00,0.11872629999999999
2026-03-16 23:00:00+00:00,0.1352673
2026-03-17 00:00:00+00:00,0.1256521
2026-03-17 01:00:00+00:00,0.1266398
2026-03-17 02:00:00+00:00,0.12675879999999998
2026-03-17 03:00:00+00:00,0.1309357
2026-03-17 04:00:00+00:00,0.1427048
2026-03-17 05:00:00+00:00,0.17608429999999997
2026-03-17 06:00:00+00:00,0.19989619999999997
2026-03-17 07:00:00+00:00,0.18148689999999998
2026-03-17 08:00:00+00:00,0.1476433
2026-03-17 09:00:00+00:00,0.1292816
2026-03-17 10:00:00+00:00,0.1197735
2026-03-17 11:00:00+00:00,0.1133237
2026-03-17 12:00:00+00:00,0.11515629999999999
2026-03-17 13:00:00+00:00,0.1182027
2026-03-17 14:00:00+00:00,0.1334109
2026-03-17 15:00:00+00:00,0.1568182
2026-03-17 16:00:00+00:00,0.19301799999999997
2026-03-17 17:00:00+00:00,0.246687
2026-03-17 18:00:00+00:00,0.2027522
2026-03-17 19:00:00+00:00,0.1716456
2026-03-17 20:00:00+00:00,0.15445009999999998
2026-03-17 21:00:00+00:00,0.1359456
2026-03-17 22:00:00+00:00,0.11954739999999998
2026-03-17 23:00:00+00:00,0.10686199999999998
2026-03-18 00:00:00+00:00,0.1032087
2026-03-18 01:00:00+00:00,0.1019711
2026-03-18 02:00:00+00:00,0.1033753
2026-03-18 03:00:00+00:00,0.1057196
2026-03-18 04:00:00+00:00,0.1190714
2026-03-18 05:00:00+00:00,0.1555806
2026-03-18 06:00:00+00:00,0.1589721
2026-03-18 07:00:00+00:00,0.1189286
2026-03-18 08:00:00+00:00,0.0749105
2026-03-18 09:00:00+00:00,0.011899999999999999
2026-03-18 10:00:00+00:00,-0.0019278000000000001
2026-03-18 11:00:00+00:00,-0.0027489
2026-03-18 12:00:00+00:00,-0.0032249
2026-03-18 13:00:00+00:00,0.0002618
2026-03-18 14:00:00+00:00,0.056168
2026-03-18 15:00:00+00:00,0.1273657
2026-03-18 16:00:00+00:00,0.1727999
2026-03-18 17:00:00+00:00,0.2113678
2026-03-18 18:00:00+00:00,0.20253799999999997
2026-03-18 19:00:00+00:00,0.1767031
2026-03-18 20:00:00+00:00,0.1571514
2026-03-18 21:00:00+00:00,0.1472982
2026-03-18 22:00:00+00:00,0.1349222
2026-03-18 23:00:00+00:00,0.1300075
2026-03-19 00:00:00+00:00,0.1340416
2026-03-19 01:00:00+00:00,0.1356481
2026-03-19 02:00:00+00:00,0.1374807
2026-03-19 03:00:00+00:00,0.1467032
2026-03-19 04:00:00+00:00,0.15800820000000002
2026-03-19 05:00:00+00:00,0.1905547
2026-03-19 06:00:00+00:00,0.18830560000000002
2026-03-19 07:00:00+00:00,0.164934
2026-03-19 08:00:00+00:00,0.108171
2026-03-19 09:00:00+00:00,0.06580699999999999
2026-03-19 10:00:00+00:00,0.0093653
2026-03-19 11:00:00+00:00,0.0
2026-03-19 12:00:00+00:00,0.0030106999999999994
2026-03-19 13:00:00+00:00,0.0520268
2026-03-19 14:00:00+00:00,0.1022805
2026-03-19 15:00:00+00:00,0.1432165
2026-03-19 16:00:00+00:00,0.1810942
2026-03-19 17:00:00+00:00,0.2490313
2026-03-19 18:00:00+00:00,0.25511219999999996
2026-03-19 19:00:00+00:00,0.1944103
2026-03-19 20:00:00+00:00,0.1773576
2026-03-19 21:00:00+00:00,0.1660645
2026-03-19 22:00:00+00:00,0.1573656
2026-03-19 23:00:00+00:00,0.17083639999999997
2026-03-20 00:00:00+00:00,0.1641724
2026-03-20 01:00:00+00:00,0.16141159999999996
2026-03-20 02:00:00+00:00,0.16360119999999997
2026-03-20 03:00:00+00:00,0.1653029
2026-03-20 04:00:00+00:00,0.1839621
2026-03-20 05:00:00+00:00,0.22883699999999998
2026-03-20 06:00:00+00:00,0.23519159999999997
2026-03-20 07:00:00+00:00,0.19194699999999998
2026-03-20 08:00:00+00:00,0.15709189999999998
2026-03-20 09:00:00+00:00,0.12029709999999999
2026-03-20 10:00:00+00:00,0.0933793
2026-03-20 11:00:00+00:00,0.0780759
2026-03-20 12:00:00+00:00,0.0780759
2026-03-20 13:00:00+00:00,0.104006
2026-03-20 14:00:00+00:00,0.1394204
2026-03-20 15:00:00+00:00,0.1721692
2026-03-20 16:00:00+00:00,0.2080358
2026-03-20 17:00:00+00:00,0.2511019
2026-03-20 18:00:00+00:00,0.2526489
2026-03-20 19:00:00+00:00,0.2142476
2026-03-20 20:00:00+00:00,0.1940295
2026-03-20 21:00:00+00:00,0.1807015
2026-03-20 22:00:00+00:00,0.17627469999999998
2026-03-20 23:00:00+00:00,0.169456
2026-03-21 00:00:00+00:00,0.16462459999999998
2026-03-21 01:00:00+00:00,0.1619471
2026-03-21 02:00:00+00:00,0.1571514
2026-03-21 03:00:00+00:00,0.1561161
2026-03-21 04:00:00+00:00,0.16382729999999998
2026-03-21 05:00:00+00:00,0.1693846
2026-03-21 06:00:00+00:00,0.1661954
2026-03-21 07:00:00+00:00,0.15145129999999998
2026-03-21 08:00:00+00:00,0.1196902
2026-03-21 09:00:00+00:00,0.09099929999999999
2026-03-21 10:00:00+00:00,0.054620999999999996
2026-03-21 11:00:00+00:00,0.027953099999999995
2026-03-21 12:00:00+00:00,0.0288813
2026-03-21 13:00:00+00:00,0.0748867
2026-03-21 14:00:00+00:00,0.10709999999999999
2026-03-21 15:00:00+00:00,0.1376473
2026-03-21 16:00:00+00:00,0.17377569999999998
2026-03-21 17:00:00+00:00,0.2042278
2026-03-21 18:00:00+00:00,0.1941009
2026-03-21 19:00:00+00:00,0.1687777
2026-03-21 20:00:00+00:00,0.1509872
2026-03-21 21:00:00+00:00,0.14308559999999998
2026-03-21 22:00:00+00:00,0.12852
2026-03-21 23:00:00+00:00,0.1194879
2026-03-22 00:00:00+00:00,0.11395440000000001
2026-03-22 01:00:00+00:00,0.112098
2026-03-22 02:00:00+00:00,0.11335940000000001
2026-03-22 03:00:00+00:00,0.11733399999999998
2026-03-22 04:00:00+00:00,0.1209754
2026-03-22 05:00:00+00:00,0.1191309
2026-03-22 06:00:00+00:00,0.10080489999999999
2026-03-22 07:00:00+00:00,0.049182699999999996
2026-03-22 08:00:00+00:00,0.008056299999999999
2026-03-22 09:00:00+00:00,-0.0005116999999999999
2026-03-22 10:00:00+00:00,-0.0051884
2026-03-22 11:00:00+00:00,-0.013994399999999999
2026-03-22 12:00:00+00:00,-0.0122689
2026-03-22 13:00:00+00:00,-0.0025942
2026-03-22 14:00:00+00:00,0.013387499999999998
2026-03-22 15:00:00+00:00,0.1108485
2026-03-22 16:00:00+00:00,0.17331159999999998
2026-03-22 17:00:00+00:00,0.2072861
2026-03-22 18:00:00+00:00,0.2063222
2026-03-22 19:00:00+00:00,0.19602869999999997
2026-03-22 20:00:00+00:00,0.1849022
2026-03-22 21:00:00+00:00,0.17469200000000001
2026-03-22 22:00:00+00:00,0.17077689999999998
2026-03-22 23:00:00+00:00,0.15605659999999996
2026-03-23 00:00:00+00:00,0.149821
2026-03-23 01:00:00+00:00,0.14894039999999997
2026-03-23 02:00:00+00:00,0.1530221
2026-03-23 03:00:00+00:00,0.1645413
2026-03-23 04:00:00+00:00,0.1853068
2026-03-23 05:00:00+00:00,0.21692509999999995
2026-03-23 06:00:00+00:00,0.2215661
2026-03-23 07:00:00+00:00,0.1756559
2026-03-23 08:00:00+00:00,0.12852
2026-03-23 09:00:00+00:00,0.0969017
2026-03-23 10:00:00+00:00,0.057215199999999994
2026-03-23 11:00:00+00:00,0.058619399999999995
2026-03-23 12:00:00+00:00,0.0891072
2026-03-23 13:00:00+00:00,0.11302620000000001
2026-03-23 14:00:00+00:00,0.1361955
2026-03-23 15:00:00+00:00,0.1648626
2026-03-23 16:00:00+00:00,0.22702819999999999
2026-03-23 17:00:00+00:00,0.3129818999999999
2026-03-23 18:00:00+00:00,0.2874564
2026-03-23 19:00:00+00:00,0.24584209999999998
2026-03-23 20:00:00+00:00,0.2110108
2026-03-23 21:00:00+00:00,0.1853306
2026-03-23 22:00:00+00:00,0.1671355
2026-03-23 23:00:00+00:00,0.1678614
2026-03-24 00:00:00+00:00,0.14794079999999998
2026-03-24 01:00:00+00:00,0.1309
2026-03-24 02:00:00+00:00,0.12095159999999999
2026-03-24 03:00:00+00:00,0.1194522
2026-03-24 04:00:00+00:00,0.1201543
2026-03-24 05:00:00+00:00,0.1318758
2026-03-24 06:00:00+00:00,0.1345295
2026-03-24 07:00:00+00:00,0.11597739999999998
2026-03-24 08:00:00+00:00,0.0843829
2026-03-24 09:00:00+00:00,0.0282387
2026-03-24 10:00:00+00:00,0.0014279999999999998
2026-03-24 11:00:00+00:00,-1.1900000000000001e-05
2026-03-24 12:00:00+00:00,-2.3800000000000003e-05
2026-03-24 13:00:00+00:00,0.0
2026-03-24 14:00:00+00:00,0.023799999999999998
2026-03-24 15:00:00+00:00,0.0921417
2026-03-24 16:00:00+00:00,0.1342796
2026-03-24 17:00:00+00:00,0.1616496
2026-03-24 18:00:00+00:00,0.1642081
2026-03-24 19:00:00+00:00,0.12030899999999999
2026-03-24 20:00:00+00:00,0.088655
2026-03-24 21:00:00+00:00,0.07865899999999999
2026-03-24 22:00:00+00:00,0.026299
2026-03-24 23:00:00+00:00,0.0021539
2026-03-25 00:00:00+00:00,0.00044029999999999997
2026-03-25 01:00:00+00:00,0.0
2026-03-25 02:00:00+00:00,-1.1900000000000001e-05
2026-03-25 03:00:00+00:00,-1.1900000000000001e-05
2026-03-25 04:00:00+00:00,0.00044029999999999997
2026-03-25 05:00:00+00:00,0.0043316
2026-03-25 06:00:00+00:00,0.010591
2026-03-25 07:00:00+00:00,0.0010829
2026-03-25 08:00:00+00:00,-3.5699999999999994e-05
2026-03-25 09:00:00+00:00,-3.5699999999999994e-05
2026-03-25 10:00:00+00:00,-1.1900000000000001e-05
2026-03-25 11:00:00+00:00,-1.1900000000000001e-05
2026-03-25 12:00:00+00:00,-1.1900000000000001e-05
2026-03-25 13:00:00+00:00,1.1900000000000001e-05
2026-03-25 14:00:00+00:00,0.0056882
2026-03-25 15:00:00+00:00,0.049860999999999996
2026-03-25 16:00:00+00:00,0.11761959999999999
2026-03-25 17:00:00+00:00,0.1604477
2026-03-25 18:00:00+00:00,0.19269670000000003
2026-03-25 19:00:00+00:00,0.1605429
2026-03-25 20:00:00+00:00,0.13620739999999998
2026-03-25 21:00:00+00:00,0.12863899999999998
2026-03-25 22:00:00+00:00,0.105672
2026-03-25 23:00:00+00:00,0.1185716
2026-03-26 00:00:00+00:00,0.11313329999999998
2026-03-26 01:00:00+00:00,0.10901589999999999
2026-03-26 02:00:00+00:00,0.1128953
2026-03-26 03:00:00+00:00,0.11612019999999999
2026-03-26 04:00:00+00:00,0.1252713
2026-03-26 05:00:00+00:00,0.1431332
2026-03-26 06:00:00+00:00,0.1634465
2026-03-26 07:00:00+00:00,0.14969010000000002
2026-03-26 08:00:00+00:00,0.10402979999999999
2026-03-26 09:00:00+00:00,0.0498015
2026-03-26 10:00:00+00:00,0.0163506
2026-03-26 11:00:00+00:00,0.0037127999999999996
2026-03-26 12:00:00+00:00,0.0007497
2026-03-26 13:00:00+00:00,0.007021
2026-03-26 14:00:00+00:00,0.0445536
2026-03-26 15:00:00+00:00,0.0902258
2026-03-26 16:00:00+00:00,0.13794479999999998
2026-03-26 17:00:00+00:00,0.18494979999999997
2026-03-26 18:00:00+00:00,0.1989918
2026-03-26 19:00:00+00:00,0.1829625
2026-03-26 20:00:00+00:00,0.15530689999999997
2026-03-26 21:00:00+00:00,0.1480003
2026-03-26 22:00:00+00:00,0.1368857
2026-03-26 23:00:00+00:00,0.14207409999999998
2026-03-27 00:00:00+00:00,0.142205
2026-03-27 01:00:00+00:00,0.1396346
2026-03-27 02:00:00+00:00,0.1402177
2026-03-27 03:00:00+00:00,0.1430975
2026-03-27 04:00:00+00:00,0.1623874
2026-03-27 05:00:00+00:00,0.2054297
2026-03-27 06:00:00+00:00,0.209916
2026-03-27 07:00:00+00:00,0.17559639999999999
2026-03-27 08:00:00+00:00,0.13566
2026-03-27 09:00:00+00:00,0.1038394
2026-03-27 10:00:00+00:00,0.0866439
2026-03-27 11:00:00+00:00,0.0753508
2026-03-27 12:00:00+00:00,0.070924
2026-03-27 13:00:00+00:00,0.08815519999999999
2026-03-27 14:00:00+00:00,0.1098608
2026-03-27 15:00:00+00:00,0.1226652
2026-03-27 16:00:00+00:00,0.1654695
2026-03-27 17:00:00+00:00,0.1891267
2026-03-27 18:00:00+00:00,0.2002175
2026-03-27 19:00:00+00:00,0.17003909999999997
2026-03-27 20:00:00+00:00,0.14160999999999999
2026-03-27 21:00:00+00:00,0.1388254
2026-03-27 22:00:00+00:00,0.1261519
2026-03-27 23:00:00+00:00,0.1132166
2026-03-28 00:00:00+00:00,0.1102773
2026-03-28 01:00:00+00:00,0.10656449999999998
2026-03-28 02:00:00+00:00,0.1038394
2026-03-28 03:00:00+00:00,0.1048628
2026-03-28 04:00:00+00:00,0.10901589999999999
2026-03-28 05:00:00+00:00,0.10462479999999999
2026-03-28 06:00:00+00:00,0.09423609999999999
2026-03-28 07:00:00+00:00,0.081277
2026-03-28 08:00:00+00:00,0.053442899999999995
2026-03-28 09:00:00+00:00,0.020920199999999996
2026-03-28 10:00:00+00:00,0.0090916
2026-03-28 11:00:00+00:00,0.007973
2026-03-28 12:00:00+00:00,0.009341499999999999
2026-03-28 13:00:00+00:00,0.024371200000000003
2026-03-28 14:00:00+00:00,0.0645456
2026-03-28 15:00:00+00:00,0.0964495
2026-03-28 16:00:00+00:00,0.1313046
2026-03-28 17:00:00+00:00,0.1653267
2026-03-28 18:00:00+00:00,0.1833433
2026-03-28 19:00:00+00:00,0.1713005
2026-03-28 20:00:00+00:00,0.156604
2026-03-28 21:00:00+00:00,0.1491427
2026-03-28 22:00:00+00:00,0.1423002
2026-03-28 23:00:00+00:00,0.13632640000000001
2026-03-29 00:00:00+00:00,0.128163
2026-03-29 01:00:00+00:00,0.1203923
2026-03-29 02:00:00+00:00,0.1252237
2026-03-29 03:00:00+00:00,0.12448589999999998
2026-03-29 04:00:00+00:00,0.13061440000000002
2026-03-29 05:00:00+00:00,0.1368857
2026-03-29 06:00:00+00:00,0.1366596
2026-03-29 07:00:00+00:00,0.112336
2026-03-29 08:00:00+00:00,0.0890239
2026-03-29 09:00:00+00:00,0.053193000000000004
2026-03-29 10:00:00+00:00,0.0115787
2026-03-29 11:00:00+00:00,-1.1900000000000001e-05
2026-03-29 12:00:00+00:00,-0.0021301000000000002
2026-03-29 13:00:00+00:00,-0.0024990000000000004
2026-03-29 14:00:00+00:00,0.0010353
2026-03-29 15:00:00+00:00,0.0396389
2026-03-29 16:00:00+00:00,0.1062194
2026-03-29 17:00:00+00:00,0.12575920000000002
2026-03-29 18:00:00+00:00,0.1132642
2026-03-29 19:00:00+00:00,0.0890239
2026-03-29 20:00:00+00:00,0.07955149999999998
2026-03-29 21:00:00+00:00,0.0305116
2026-03-29 22:00:00+00:00,0.010948
2026-03-29 23:00:00+00:00,0.002737
2026-03-30 00:00:00+00:00,0.005973799999999999
2026-03-30 01:00:00+00:00,0.0045577
2026-03-30 02:00:00+00:00,0.0051884
2026-03-30 03:00:00+00:00,0.021919800000000003
2026-03-30 04:00:00+00:00,0.0795753
2026-03-30 05:00:00+00:00,0.10746889999999999
2026-03-30 06:00:00+00:00,0.1299718
2026-03-30 07:00:00+00:00,0.11523960000000001
2026-03-30 08:00:00+00:00,0.0878815
2026-03-30 09:00:00+00:00,0.05474
2026-03-30 10:00:00+00:00,0.0280721
2026-03-30 11:00:00+00:00,0.013566
2026-03-30 12:00:00+00:00,0.008972599999999999
2026-03-30 13:00:00+00:00,0.0153986
2026-03-30 14:00:00+00:00,0.0418285
2026-03-30 15:00:00+00:00,0.0921655
2026-03-30 16:00:00+00:00,0.12474769999999999
2026-03-30 17:00:00+00:00,0.1447635
2026-03-30 18:00:00+00:00,0.1494759
2026-03-30 19:00:00+00:00,0.1501423
2026-03-30 20:00:00+00:00,0.1442042
2026-03-30 21:00:00+00:00,0.1295672
2026-03-30 22:00:00+00:00,0.1300075
2026-03-30 23:00:00+00:00,0.1221892
2026-03-31 00:00:00+00:00,0.12049939999999999
2026-03-31 01:00:00+00:00,0.1196426
2026-03-31 02:00:00+00:00,0.1209992
2026-03-31 03:00:00+00:00,0.1285676
2026-03-31 04:00:00+00:00,0.16326799999999997
2026-03-31 05:00:00+00:00,0.18103469999999997
2026-03-31 06:00:00+00:00,0.19491009999999998
2026-03-31 07:00:00+00:00,0.1613164
2026-03-31 08:00:00+00:00,0.1240694
2026-03-31 09:00:00+00:00,0.1039465
2026-03-31 10:00:00+00:00,0.0936173
2026-03-31 11:00:00+00:00,0.0657237
2026-03-31 12:00:00+00:00,0.0636531
2026-03-31 13:00:00+00:00,0.07502949999999999
2026-03-31 14:00:00+00:00,0.09784179999999999
2026-03-31 15:00:00+00:00,0.13205429999999999
2026-03-31 16:00:00+00:00,0.17969
2026-03-31 17:00:00+00:00,0.20825
2026-03-31 18:00:00+00:00,0.2094519
2026-03-31 19:00:00+00:00,0.20435869999999998
2026-03-31 20:00:00+00:00,0.18841270000000002
2026-03-31 21:00:00+00:00,0.1766912
2026-03-31 22:00:00+00:00,0.1731569
2026-03-31 23:00:00+00:00,0.1540931
2026-04-01 00:00:00+00:00,0.14916649999999998
2026-04-01 01:00:00+00:00,0.1540217
2026-04-01 02:00:00+00:00,0.1618757
2026-04-01 03:00:00+00:00,0.1774528
2026-04-01 04:00:00+00:00,0.2151996
2026-04-01 05:00:00+00:00,0.2700705
2026-04-01 06:00:00+00:00,0.23797619999999997
2026-04-01 07:00:00+00:00,0.2041088
2026-04-01 08:00:00+00:00,0.166362
2026-04-01 09:00:00+00:00,0.1524152
2026-04-01 10:00:00+00:00,0.1369095
2026-04-01 11:00:00+00:00,0.11166960000000001
2026-04-01 12:00:00+00:00,0.1027327
2026-04-01 13:00:00+00:00,0.11166960000000001
2026-04-01 14:00:00+00:00,0.1255688
2026-04-01 15:00:00+00:00,0.1548428
2026-04-01 16:00:00+00:00,0.18099899999999997
2026-04-01 17:00:00+00:00,0.22451729999999998
2026-04-01 18:00:00+00:00,0.21561609999999998
2026-04-01 19:00:00+00:00,0.1973258
2026-04-01 20:00:00+00:00,0.18185579999999998
2026-04-01 21:00:00+00:00,0.1591982
2026-04-01 22:00:00+00:00,0.1513323
2026-04-01 23:00:00+00:00,0.14160999999999999
2026-04-02 00:00:00+00:00,0.13581469999999998
2026-04-02 01:00:00+00:00,0.1299361
2026-04-02 02:00:00+00:00,0.12781789999999998
2026-04-02 03:00:00+00:00,0.1419551
2026-04-02 04:00:00+00:00,0.1809395
2026-04-02 05:00:00+00:00,0.19041189999999997
2026-04-02 06:00:00+00:00,0.1876154
2026-04-02 07:00:00+00:00,0.1359932
2026-04-02 08:00:00+00:00,0.10788539999999998
2026-04-02 09:00:00+00:00,0.08835749999999999
2026-04-02 10:00:00+00:00,0.0711025
2026-04-02 11:00:00+00:00,0.05052739999999999
2026-04-02 12:00:00+00:00,0.0629034
2026-04-02 13:00:00+00:00,0.0877863
2026-04-02 14:00:00+00:00,0.11038440000000001
2026-04-02 15:00:00+00:00,0.12948389999999999
2026-04-02 16:00:00+00:00,0.15992409999999996
2026-04-02 17:00:00+00:00,0.1925896
2026-04-02 18:00:00+00:00,0.18997159999999996
2026-04-02 19:00:00+00:00,0.1743588
2026-04-02 20:00:00+00:00,0.16065000000000002
2026-04-02 21:00:00+00:00,0.1475243
2026-04-02 22:00:00+00:00,0.158984
2026-04-02 23:00:00+00:00,0.1451681
2026-04-03 00:00:00+00:00,0.1422288
2026-04-03 01:00:00+00:00,0.1400273
2026-04-03 02:00:00+00:00,0.1430142
2026-04-03 03:00:00+00:00,0.146846
2026-04-03 04:00:00+00:00,0.1584247
2026-04-03 05:00:00+00:00,0.1616734
2026-04-03 06:00:00+00:00,0.15593759999999998
2026-04-03 07:00:00+00:00,0.1346842
2026-04-03 08:00:00+00:00,0.1018521
2026-04-03 09:00:00+00:00,0.06302239999999999
2026-04-03 10:00:00+00:00,0.0321419
2026-04-03 11:00:00+00:00,0.011840499999999999
2026-04-03 12:00:00+00:00,0.0019635
2026-04-03 13:00:00+00:00,0.0036294999999999995
2026-04-03 14:00:00+00:00,0.028488600000000003
2026-04-03 15:00:00+00:00,0.079492
2026-04-03 16:00:00+00:00,0.10587429999999999
2026-04-03 17:00:00+00:00,0.11827410000000001
2026-04-03 18:00:00+00:00,0.1146446
2026-04-03 19:00:00+00:00,0.100198
2026-04-03 20:00:00+00:00,0.0967232
2026-04-03 21:00:00+00:00,0.0721021
2026-04-03 22:00:00+00:00,0.0115787
2026-04-03 23:00:00+00:00,0.0106624
2026-04-04 00:00:00+00:00,0.0076517
2026-04-04 01:00:00+00:00,0.0023680999999999997
2026-04-04 02:00:00+00:00,0.007616
2026-04-04 03:00:00+00:00,0.0139706
2026-04-04 04:00:00+00:00,0.015898399999999997
2026-04-04 05:00:00+00:00,0.022931299999999998
2026-04-04 06:00:00+00:00,0.019873
2026-04-04 07:00:00+00:00,0.007854
2026-04-04 08:00:00+00:00,0.0021539
2026-04-04 09:00:00+00:00,-1.1900000000000001e-05
2026-04-04 10:00:00+00:00,-0.00029749999999999997
2026-04-04 11:00:00+00:00,-4.7600000000000005e-05
2026-04-04 12:00:00+00:00,-2.3800000000000003e-05
2026-04-04 13:00:00+00:00,3.5699999999999994e-05
2026-04-04 14:00:00+00:00,0.012721099999999999
2026-04-04 15:00:00+00:00,0.07466060000000001
2026-04-04 16:00:00+00:00,0.13042399999999998
2026-04-04 17:00:00+00:00,0.17834529999999998
2026-04-04 18:00:00+00:00,0.1615306
2026-04-04 19:00:00+00:00,0.1235696
2026-04-04 20:00:00+00:00,0.0914039
2026-04-04 21:00:00+00:00,0.049777699999999994
2026-04-04 22:00:00+00:00,0.0012614
2026-04-04 23:00:00+00:00,-1.1900000000000001e-05
2026-04-05 00:00:00+00:00,-0.00042839999999999995
2026-04-05 01:00:00+00:00,-0.0014398999999999998
2026-04-05 02:00:00+00:00,-0.0019278000000000001
2026-04-05 03:00:00+00:00,-0.0024276000000000002
2026-04-05 04:00:00+00:00,-0.00357
2026-04-05 05:00:00+00:00,-0.0015351000000000002
2026-04-05 06:00:00+00:00,-0.0028917
2026-04-05 07:00:00+00:00,-0.0125664
2026-04-05 08:00:00+00:00,-0.0475643
2026-04-05 09:00:00+00:00,-0.0848946
2026-04-05 10:00:00+00:00,-0.10109049999999999
2026-04-05 11:00:00+00:00,-0.1251642
2026-04-05 12:00:00+00:00,-0.11746489999999998
2026-04-05 13:00:00+00:00,-0.0796229
2026-04-05 14:00:00+00:00,-0.0356762
2026-04-05 15:00:00+00:00,-0.0078421
2026-04-05 16:00:00+00:00,-0.000119
2026-04-05 17:00:00+00:00,0.023847599999999997
2026-04-05 18:00:00+00:00,0.039686500000000006
2026-04-05 19:00:00+00:00,0.0359499
2026-04-05 20:00:00+00:00,0.036152199999999995
2026-04-05 21:00:00+00:00,0.0226338
2026-04-05 22:00:00+00:00,0.0038556000000000003
2026-04-05 23:00:00+00:00,0.0023680999999999997
2026-04-06 00:00:00+00:00,0.0012376000000000002
2026-04-06 01:00:00+00:00,0.0016184
2026-04-06 02:00:00+00:00,0.0012614
2026-04-06 03:00:00+00:00,0.0025109
2026-04-06 04:00:00+00:00,0.0023680999999999997
2026-04-06 05:00:00+00:00,0.0015827
2026-04-06 06:00:00+00:00,-0.0011186
2026-04-06 07:00:00+00:00,-0.013220899999999999
2026-04-06 08:00:00+00:00,-0.03094
2026-04-06 09:00:00+00:00,-0.0711144
2026-04-06 10:00:00+00:00,-0.09462879999999999
2026-04-06 11:00:00+00:00,-0.1495116
2026-04-06 12:00:00+00:00,-0.1470126
2026-04-06 13:00:00+00:00,-0.10069779999999999
2026-04-06 14:00:00+00:00,-0.0341768
2026-04-06 15:00:00+00:00,-0.0066759
2026-04-06 16:00:00+00:00,0.057869699999999996
2026-04-06 17:00:00+00:00,0.1281511
2026-04-06 18:00:00+00:00,0.1380519
2026-04-06 19:00:00+00:00,0.1299718
2026-04-06 20:00:00+00:00,0.13548149999999998
2026-04-06 21:00:00+00:00,0.12948389999999999
2026-04-06 22:00:00+00:00,0.126616
2026-04-06 23:00:00+00:00,0.120547
2026-04-07 00:00:00+00:00,0.1209635
2026-04-07 01:00:00+00:00,0.1217132
2026-04-07 02:00:00+00:00,0.1251166
2026-04-07 03:00:00+00:00,0.1401463
2026-04-07 04:00:00+00:00,0.1712529
2026-04-07 05:00:00+00:00,0.2121294
2026-04-07 06:00:00+00:00,0.1521534
2026-04-07 07:00:00+00:00,0.097342
2026-04-07 08:00:00+00:00,0.0296191
2026-04-07 09:00:00+00:00,-1.1900000000000001e-05
2026-04-07 10:00:00+00:00,-0.0035818999999999994
2026-04-07 11:00:00+00:00,-0.013435099999999998
2026-04-07 12:00:00+00:00,-0.0133637
2026-04-07 13:00:00+00:00,-0.0050099
2026-04-07 14:00:00+00:00,0.004522
2026-04-07 15:00:00+00:00,0.095081
2026-04-07 16:00:00+00:00,0.16422
2026-04-07 17:00:00+00:00,0.2308957
2026-04-07 18:00:00+00:00,0.22476719999999997
2026-04-07 19:00:00+00:00,0.17135999999999998
2026-04-07 20:00:00+00:00,0.1535219
2026-04-07 21:00:00+00:00,0.140658
2026-04-07 22:00:00+00:00,0.1275323
2026-04-07 23:00:00+00:00,0.12162989999999999
2026-04-08 00:00:00+00:00,0.11997579999999998
2026-04-08 01:00:00+00:00,0.12316499999999998
2026-04-08 02:00:00+00:00,0.1279369
2026-04-08 03:00:00+00:00,0.1391467
2026-04-08 04:00:00+00:00,0.178262
2026-04-08 05:00:00+00:00,0.200872
2026-04-08 06:00:00+00:00,0.1648269
2026-04-08 07:00:00+00:00,0.1159655
2026-04-08 08:00:00+00:00,0.06083279999999999
2026-04-08 09:00:00+00:00,-5.95e-05
2026-04-08 10:00:00+00:00,-0.0224077
2026-04-08 11:00:00+00:00,-0.0390082
2026-04-08 12:00:00+00:00,-0.035390599999999994
2026-04-08 13:00:00+00:00,-0.015660399999999998
2026-04-08 14:00:00+00:00,0.015886499999999998
2026-04-08 15:00:00+00:00,0.10933719999999998
2026-04-08 16:00:00+00:00,0.1597575
2026-04-08 17:00:00+00:00,0.2023119
2026-04-08 18:00:00+00:00,0.1910545
2026-04-08 19:00:00+00:00,0.163149
2026-04-08 20:00:00+00:00,0.1444541
2026-04-08 21:00:00+00:00,0.1302812
2026-04-08 22:00:00+00:00,0.124831
2026-04-08 23:00:00+00:00,0.12030899999999999
2026-04-09 00:00:00+00:00,0.12030899999999999
2026-04-09 01:00:00+00:00,0.1212134
2026-04-09 02:00:00+00:00,0.12506899999999999
2026-04-09 03:00:00+00:00,0.1378853
2026-04-09 04:00:00+00:00,0.16100699999999998
2026-04-09 05:00:00+00:00,0.174454
2026-04-09 06:00:00+00:00,0.1524271
2026-04-09 07:00:00+00:00,0.1186192
2026-04-09 08:00:00+00:00,0.06545
2026-04-09 09:00:00+00:00,0.0014398999999999998
2026-04-09 10:00:00+00:00,-0.0012257000000000001
2026-04-09 11:00:00+00:00,-0.0093653
2026-04-09 12:00:00+00:00,-0.009686600000000002
2026-04-09 13:00:00+00:00,-0.0015469999999999998
2026-04-09 14:00:00+00:00,0.032225199999999996
2026-04-09 15:00:00+00:00,0.0982107
2026-04-09 16:00:00+00:00,0.1372784
2026-04-09 17:00:00+00:00,0.16323229999999997
2026-04-09 18:00:00+00:00,0.15152269999999998
2026-04-09 19:00:00+00:00,0.1320305
2026-04-09 20:00:00+00:00,0.1192737
2026-04-09 21:00:00+00:00,0.0964495
2026-04-09 22:00:00+00:00,0.09743719999999999
2026-04-09 23:00:00+00:00,0.09439079999999998
2026-04-10 00:00:00+00:00,0.0938077
2026-04-10 01:00:00+00:00,0.09347449999999999
2026-04-10 02:00:00+00:00,0.09653279999999999
2026-04-10 03:00:00+00:00,0.1056363
2026-04-10 04:00:00+00:00,0.1334704
2026-04-10 05:00:00+00:00,0.1504636
2026-04-10 06:00:00+00:00,0.14656039999999998
2026-04-10 07:00:00+00:00,0.14193129999999998
2026-04-10 08:00:00+00:00,0.1307096
2026-04-10 09:00:00+00:00,0.12255809999999999
2026-04-10 10:00:00+00:00,0.1095871
2026-04-10 11:00:00+00:00,0.10583859999999999
2026-04-10 12:00:00+00:00,0.104006
2026-04-10 13:00:00+00:00,0.11188379999999999
2026-04-10 14:00:00+00:00,0.12944819999999999
2026-04-10 15:00:00+00:00,0.15481899999999998
2026-04-10 16:00:00+00:00,0.18479509999999996
2026-04-10 17:00:00+00:00,0.27104629999999996
2026-04-10 18:00:00+00:00,0.2916928
2026-04-10 19:00:00+00:00,0.21001119999999998
2026-04-10 20:00:00+00:00,0.1776789
2026-04-10 21:00:00+00:00,0.15703240000000002
2026-04-10 22:00:00+00:00,0.15948379999999998
2026-04-10 23:00:00+00:00,0.1435497
2026-04-11 00:00:00+00:00,0.1361122
2026-04-11 01:00:00+00:00,0.1336965
2026-04-11 02:00:00+00:00,0.1318996
2026-04-11 03:00:00+00:00,0.1289484
2026-04-11 04:00:00+00:00,0.1268659
2026-04-11 05:00:00+00:00,0.11095559999999999
2026-04-11 06:00:00+00:00,0.0828359
2026-04-11 07:00:00+00:00,0.025668299999999998
2026-04-11 08:00:00+00:00,-0.00019040000000000002
2026-04-11 09:00:00+00:00,-0.009888899999999999
2026-04-11 10:00:00+00:00,-0.0478975
2026-04-11 11:00:00+00:00,-0.0951643
2026-04-11 12:00:00+00:00,-0.09239159999999999
2026-04-11 13:00:00+00:00,-0.054537699999999995
2026-04-11 14:00:00+00:00,-0.018802
2026-04-11 15:00:00+00:00,-0.0008567999999999999
2026-04-11 16:00:00+00:00,0.052003
2026-04-11 17:00:00+00:00,0.08784579999999999
2026-04-11 18:00:00+00:00,0.08900010000000001
2026-04-11 19:00:00+00:00,0.0776237
2026-04-11 20:00:00+00:00,0.0816697
2026-04-11 21:00:00+00:00,0.0816697
2026-04-11 22:00:00+00:00,0.0862988
2026-04-11 23:00:00+00:00,0.0911183
2026-04-12 00:00:00+00:00,0.0956998
2026-04-12 01:00:00+00:00,0.1014594
2026-04-12 02:00:00+00:00,0.11316899999999998
2026-04-12 03:00:00+00:00,0.11667949999999999
2026-04-12 04:00:00+00:00,0.11745299999999999
2026-04-12 05:00:00+00:00,0.11224079999999997
2026-04-12 06:00:00+00:00,0.090559
2026-04-12 07:00:00+00:00,0.0634508
2026-04-12 08:00:00+00:00,0.0359737
2026-04-12 09:00:00+00:00,0.0266798
2026-04-12 10:00:00+00:00,0.0178262
2026-04-12 11:00:00+00:00,0.0023442999999999997
2026-04-12 12:00:00+00:00,0.005509699999999999
2026-04-12 13:00:00+00:00,0.0189329
2026-04-12 14:00:00+00:00,0.0803845
2026-04-12 15:00:00+00:00,0.1311142
2026-04-12 16:00:00+00:00,0.16111409999999998
2026-04-12 17:00:00+00:00,0.1722763
2026-04-12 18:00:00+00:00,0.17469200000000001
2026-04-12 19:00:00+00:00,0.16270869999999998
2026-04-12 20:00:00+00:00,0.1554259
2026-04-12 21:00:00+00:00,0.1440138
2026-04-12 22:00:00+00:00,0.1386826
2026-04-12 23:00:00+00:00,0.130662
2026-04-13 00:00:00+00:00,0.12771079999999999
2026-04-13 01:00:00+00:00,0.1280321
2026-04-13 02:00:00+00:00,0.13092379999999998
2026-04-13 03:00:00+00:00,0.1416933
2026-04-13 04:00:00+00:00,0.16198279999999998
2026-04-13 05:00:00+00:00,0.17269279999999998
2026-04-13 06:00:00+00:00,0.2069172
2026-04-13 07:00:00+00:00,0.19155429999999998
2026-04-13 08:00:00+00:00,0.1649697
2026-04-13 09:00:00+00:00,0.13804
2026-04-13 10:00:00+00:00,0.12464059999999999
2026-04-13 11:00:00+00:00,0.1158941
2026-04-13 12:00:00+00:00,0.12102299999999999
2026-04-13 13:00:00+00:00,0.1245216
2026-04-13 14:00:00+00:00,0.136374
2026-04-13 15:00:00+00:00,0.1551522
2026-04-13 16:00:00+00:00,0.176358
2026-04-13 17:00:00+00:00,0.1957788
2026-04-13 18:00:00+00:00,0.18636590000000003
2026-04-13 19:00:00+00:00,0.1654695
2026-04-13 20:00:00+00:00,0.15441439999999998
2026-04-13 21:00:00+00:00,0.14592969999999997
2026-04-13 22:00:00+00:00,0.1381114
2026-04-13 23:00:00+00:00,0.1352673
2026-04-14 00:00:00+00:00,0.1368381
2026-04-14 01:00:00+00:00,0.1349341
2026-04-14 02:00:00+00:00,0.13646919999999998
2026-04-14 03:00:00+00:00,0.1405985
2026-04-14 04:00:00+00:00,0.1650768
2026-04-14 05:00:00+00:00,0.1939938
2026-04-14 06:00:00+00:00,0.195755
2026-04-14 07:00:00+00:00,0.1717527
2026-04-14 08:00:00+00:00,0.1533077
2026-04-14 09:00:00+00:00,0.1396227
2026-04-14 10:00:00+00:00,0.1303169
2026-04-14 11:00:00+00:00,0.124593
2026-04-14 12:00:00+00:00,0.1296029
2026-04-14 13:00:00+00:00,0.1375283
2026-04-14 14:00:00+00:00,0.144823
2026-04-14 15:00:00+00:00,0.1635536
2026-04-14 16:00:00+00:00,0.19042380000000003
2026-04-14 17:00:00+00:00,0.2674525
2026-04-14 18:00:00+00:00,0.27879319999999996
2026-04-14 19:00:00+00:00,0.19748049999999998
2026-04-14 20:00:00+00:00,0.1764294
2026-04-14 21:00:00+00:00,0.16109030000000002
2026-04-14 22:00:00+00:00,0.144704
2026-04-14 23:00:00+00:00,0.1385874
2026-04-15 00:00:00+00:00,0.1330063
2026-04-15 01:00:00+00:00,0.13092379999999998
2026-04-15 02:00:00+00:00,0.1318996
2026-04-15 03:00:00+00:00,0.1465842
2026-04-15 04:00:00+00:00,0.17664359999999998
2026-04-15 05:00:00+00:00,0.18986450000000002
2026-04-15 06:00:00+00:00,0.166719
2026-04-15 07:00:00+00:00,0.13842079999999998
2026-04-15 08:00:00+00:00,0.11995199999999999
2026-04-15 09:00:00+00:00,0.0939386
2026-04-15 10:00:00+00:00,0.0694008
2026-04-15 11:00:00+00:00,0.05977369999999999
2026-04-15 12:00:00+00:00,0.0800394
2026-04-15 13:00:00+00:00,0.09697309999999999
2026-04-15 14:00:00+00:00,0.1181194
2026-04-15 15:00:00+00:00,0.1485596
2026-04-15 16:00:00+00:00,0.16886099999999998
2026-04-15 17:00:00+00:00,0.21429520000000002
2026-04-15 18:00:00+00:00,0.215152
2026-04-15 19:00:00+00:00,0.17621520000000002
2026-04-15 20:00:00+00:00,0.1579011
2026-04-15 21:00:00+00:00,0.1401463
2026-04-15 22:00:00+00:00,0.12640179999999998
2026-04-15 23:00:00+00:00,0.120666
2026-04-16 00:00:00+00:00,0.11852399999999999
2026-04-16 01:00:00+00:00,0.11706029999999999
2026-04-16 02:00:00+00:00,0.120071
2026-04-16 03:00:00+00:00,0.1316259
2026-04-16 04:00:00+00:00,0.1659812
2026-04-16 05:00:00+00:00,0.1725738
2026-04-16 06:00:00+00:00,0.15903159999999997
2026-04-16 07:00:00+00:00,0.131138
2026-04-16 08:00:00+00:00,0.11465649999999998
2026-04-16 09:00:00+00:00,0.0900473
2026-04-16 10:00:00+00:00,0.0720069
2026-04-16 11:00:00+00:00,0.0544663
2026-04-16 12:00:00+00:00,0.0642243
2026-04-16 13:00:00+00:00,0.0843353
2026-04-16 14:00:00+00:00,0.1068144
2026-04-16 15:00:00+00:00,0.1327564
2026-04-16 16:00:00+00:00,0.1560685
2026-04-16 17:00:00+00:00,0.19864669999999998
2026-04-16 18:00:00+00:00,0.22291079999999996
2026-04-16 19:00:00+00:00,0.18446189999999996
2026-04-16 20:00:00+00:00,0.16512439999999998
2026-04-16 21:00:00+00:00,0.15155839999999998
2026-04-16 22:00:00+00:00,0.1449063
2026-04-16 23:00:00+00:00,0.1374688
2026-04-17 00:00:00+00:00,0.1339107
2026-04-17 01:00:00+00:00,0.12912690000000002
2026-04-17 02:00:00+00:00,0.1326493
2026-04-17 03:00:00+00:00,0.1430261
2026-04-17 04:00:00+00:00,0.1744183
2026-04-17 05:00:00+00:00,0.17678639999999998
2026-04-17 06:00:00+00:00,0.1513204
2026-04-17 07:00:00+00:00,0.121261
2026-04-17 08:00:00+00:00,0.10802819999999999
2026-04-17 09:00:00+00:00,0.0688772
2026-04-17 10:00:00+00:00,0.0367353
2026-04-17 11:00:00+00:00,0.0314755
2026-04-17 12:00:00+00:00,0.037330300000000004
2026-04-17 13:00:00+00:00,0.07139999999999999
2026-04-17 14:00:00+00:00,0.09736579999999999
2026-04-17 15:00:00+00:00,0.1217489
2026-04-17 16:00:00+00:00,0.15084440000000002
2026-04-17 17:00:00+00:00,0.18731789999999998
2026-04-17 18:00:00+00:00,0.1869609
2026-04-17 19:00:00+00:00,0.1642319
2026-04-17 20:00:00+00:00,0.14747670000000002
2026-04-17 21:00:00+00:00,0.1341249
2026-04-17 22:00:00+00:00,0.1383375
2026-04-17 23:00:00+00:00,0.1319472
2026-04-18 00:00:00+00:00,0.13049539999999998
2026-04-18 01:00:00+00:00,0.128163
2026-04-18 02:00:00+00:00,0.1295553
2026-04-18 03:00:00+00:00,0.1319829
2026-04-18 04:00:00+00:00,0.1318877
2026-04-18 05:00:00+00:00,0.1258306
2026-04-18 06:00:00+00:00,0.10982510000000001
2026-04-18 07:00:00+00:00,0.0894047
2026-04-18 08:00:00+00:00,0.0470883
2026-04-18 09:00:00+00:00,0.004688599999999999
2026-04-18 10:00:00+00:00,-0.004022199999999999
2026-04-18 11:00:00+00:00,-0.0048552000000000005
2026-04-18 12:00:00+00:00,-0.000119
2026-04-18 13:00:00+00:00,0.022491
2026-04-18 14:00:00+00:00,0.0534191
2026-04-18 15:00:00+00:00,0.10806389999999999
2026-04-18 16:00:00+00:00,0.14232399999999998
2026-04-18 17:00:00+00:00,0.1565326
2026-04-18 18:00:00+00:00,0.1724191
2026-04-18 19:00:00+00:00,0.166957
2026-04-18 20:00:00+00:00,0.15468810000000002
2026-04-18 21:00:00+00:00,0.14875
2026-04-18 22:00:00+00:00,0.13870639999999998
2026-04-18 23:00:00+00:00,0.1308405
2026-04-19 00:00:00+00:00,0.1299599
2026-04-19 01:00:00+00:00,0.1265208
2026-04-19 02:00:00+00:00,0.1254498
2026-04-19 03:00:00+00:00,0.12679449999999998
2026-04-19 04:00:00+00:00,0.1246882
2026-04-19 05:00:00+00:00,0.11903570000000001
2026-04-19 06:00:00+00:00,0.11498969999999999
2026-04-19 07:00:00+00:00,0.11166960000000001
2026-04-19 08:00:00+00:00,0.08495409999999999
2026-04-19 09:00:00+00:00,0.038068099999999994
2026-04-19 10:00:00+00:00,0.0068306
2026-04-19 11:00:00+00:00,-0.0010114999999999998
2026-04-19 12:00:00+00:00,-0.0035818999999999994
2026-04-19 13:00:00+00:00,-0.0026893999999999998
2026-04-19 14:00:00+00:00,0.0190638
2026-04-19 15:00:00+00:00,0.0877744
2026-04-19 16:00:00+00:00,0.12359339999999999
2026-04-19 17:00:00+00:00,0.13964649999999998
2026-04-19 18:00:00+00:00,0.14769089999999999
2026-04-19 19:00:00+00:00,0.14464449999999998
2026-04-19 20:00:00+00:00,0.14203839999999998
2026-04-19 21:00:00+00:00,0.1323637
2026-04-19 22:00:00+00:00,0.1265089
2026-04-19 23:00:00+00:00,0.1203209
2026-04-20 00:00:00+00:00,0.1178219
2026-04-20 01:00:00+00:00,0.11785759999999999
2026-04-20 02:00:00+00:00,0.121737
2026-04-20 03:00:00+00:00,0.13280399999999998
2026-04-20 04:00:00+00:00,0.15397409999999997
2026-04-20 05:00:00+00:00,0.1692299
2026-04-20 06:00:00+00:00,0.15984079999999998
2026-04-20 07:00:00+00:00,0.13092379999999998
2026-04-20 08:00:00+00:00,0.107338
2026-04-20 09:00:00+00:00,0.09030909999999999
2026-04-20 10:00:00+00:00,0.06090419999999999
2026-04-20 11:00:00+00:00,0.038794
2026-04-20 12:00:00+00:00,0.0351883
2026-04-20 13:00:00+00:00,0.05531119999999999
2026-04-20 14:00:00+00:00,0.0932127
2026-04-20 15:00:00+00:00,0.1157275
2026-04-20 16:00:00+00:00,0.13436289999999998
2026-04-20 17:00:00+00:00,0.14685789999999999
2026-04-20 18:00:00+00:00,0.1513442
2026-04-20 19:00:00+00:00,0.14510859999999998
2026-04-20 20:00:00+00:00,0.1380043
2026-04-20 21:00:00+00:00,0.1270801
2026-04-20 22:00:00+00:00,0.11781
2026-04-20 23:00:00+00:00,0.1173816
2026-04-21 00:00:00+00:00,0.11706029999999999
2026-04-21 01:00:00+00:00,0.1179052
2026-04-21 02:00:00+00:00,0.1192261
2026-04-21 03:00:00+00:00,0.1290555
2026-04-21 04:00:00+00:00,0.1512371
2026-04-21 05:00:00+00:00,0.1610427
2026-04-21 06:00:00+00:00,0.1415505
2026-04-21 07:00:00+00:00,0.11579890000000001
2026-04-21 08:00:00+00:00,0.071281
2026-04-21 09:00:00+00:00,0.023324
2026-04-21 10:00:00+00:00,-0.000119
2026-04-21 11:00:00+00:00,-0.0020825
2026-04-21 12:00:00+00:00,-0.004403
2026-04-21 13:00:00+00:00,-0.0022134
2026-04-21 14:00:00+00:00,0.017302599999999998
2026-04-21 15:00:00+00:00,0.0830977
2026-04-21 16:00:00+00:00,0.1221535
2026-04-21 17:00:00+00:00,0.1595909
2026-04-21 18:00:00+00:00,0.17228819999999997
2026-04-21 19:00:00+00:00,0.15424780000000002
2026-04-21 20:00:00+00:00,0.14262149999999998
2026-04-21 21:00:00+00:00,0.1331253
2026-04-21 22:00:00+00:00,0.127449
2026-04-21 23:00:00+00:00,0.12389089999999998
2026-04-22 00:00:00+00:00,0.123998
2026-04-22 01:00:00+00:00,0.1247715
2026-04-22 02:00:00+00:00,0.13053109999999998
2026-04-22 03:00:00+00:00,0.1442637
2026-04-22 04:00:00+00:00,0.1664096
2026-04-22 05:00:00+00:00,0.160412
2026-04-22 06:00:00+00:00,0.1355053
2026-04-22 07:00:00+00:00,0.09467640000000001
2026-04-22 08:00:00+00:00,0.0239904
2026-04-22 09:00:00+00:00,-0.0028797999999999996
2026-04-22 10:00:00+00:00,-0.010507699999999998
2026-04-22 11:00:00+00:00,-0.024978099999999996
2026-04-22 12:00:00+00:00,-0.022609999999999998
2026-04-22 13:00:00+00:00,-0.005854799999999999
2026-04-22 14:00:00+00:00,-1.1900000000000001e-05
2026-04-22 15:00:00+00:00,0.06831789999999999
2026-04-22 16:00:00+00:00,0.12530699999999997
2026-04-22 17:00:00+00:00,0.1667428
2026-04-22 18:00:00+00:00,0.18315289999999998
2026-04-22 19:00:00+00:00,0.15292689999999998
2026-04-22 20:00:00+00:00,0.1361955
2026-04-22 21:00:00+00:00,0.1250452
2026-04-22 22:00:00+00:00,0.1191666
2026-04-22 23:00:00+00:00,0.11617969999999998
2026-04-23 00:00:00+00:00,0.11512059999999999
2026-04-23 01:00:00+00:00,0.11448989999999998
2026-04-23 02:00:00+00:00,0.11406149999999998
2026-04-23 03:00:00+00:00,0.1239504
2026-04-23 04:00:00+00:00,0.14160999999999999
2026-04-23 05:00:00+00:00,0.142086
2026-04-23 06:00:00+00:00,0.130543
2026-04-23 07:00:00+00:00,0.0753151
2026-04-23 08:00:00+00:00,-0.0006664
2026-04-23 09:00:00+00:00,-0.007354199999999999
2026-04-23 10:00:00+00:00,-0.0345219
2026-04-23 11:00:00+00:00,-0.0589764
2026-04-23 12:00:00+00:00,-0.0581434
2026-04-23 13:00:00+00:00,-0.0272391
2026-04-23 14:00:00+00:00,-0.0022966999999999996
2026-04-23 15:00:00+00:00,0.0261443
2026-04-23 16:00:00+00:00,0.11134829999999998
2026-04-23 17:00:00+00:00,0.144585
2026-04-23 18:00:00+00:00,0.1629824
2026-04-23 19:00:00+00:00,0.1383851
2026-04-23 20:00:00+00:00,0.1288056
2026-04-23 21:00:00+00:00,0.11835739999999999
2026-04-23 22:00:00+00:00,0.12192739999999999
2026-04-23 23:00:00+00:00,0.11915469999999999
2026-04-24 00:00:00+00:00,0.11984489999999999
2026-04-24 01:00:00+00:00,0.1210111
2026-04-24 02:00:00+00:00,0.1253784
2026-04-24 03:00:00+00:00,0.1384089
2026-04-24 04:00:00+00:00,0.15692530000000002
2026-04-24 05:00:00+00:00,0.1642081
2026-04-24 06:00:00+00:00,0.14005109999999998
2026-04-24 07:00:00+00:00,0.09628289999999999
2026-04-24 08:00:00+00:00,0.0232883
2026-04-24 09:00:00+00:00,-4.7600000000000005e-05
2026-04-24 10:00:00+00:00,-0.0082229
2026-04-24 11:00:00+00:00,-0.031106599999999998
2026-04-24 12:00:00+00:00,-0.035699999999999996
2026-04-24 13:00:00+00:00,-0.019706399999999995
2026-04-24 14:00:00+00:00,-0.0019159000000000001
2026-04-24 15:00:00+00:00,0.060582899999999995
2026-04-24 16:00:00+00:00,0.1247358
2026-04-24 17:00:00+00:00,0.1592339
2026-04-24 18:00:00+00:00,0.16343459999999999
2026-04-24 19:00:00+00:00,0.1559257
2026-04-24 20:00:00+00:00,0.1450372
2026-04-24 21:00:00+00:00,0.1349936
2026-04-24 22:00:00+00:00,0.11974969999999999
2026-04-24 23:00:00+00:00,0.11369259999999999
2026-04-25 00:00:00+00:00,0.11319280000000001
2026-04-25 01:00:00+00:00,0.11324039999999999
2026-04-25 02:00:00+00:00,0.1052674
2026-04-25 03:00:00+00:00,0.1047557
2026-04-25 04:00:00+00:00,0.0989842
2026-04-25 05:00:00+00:00,0.08491839999999999
2026-04-25 06:00:00+00:00,0.023847599999999997
2026-04-25 07:00:00+00:00,-4.7600000000000005e-05
2026-04-25 08:00:00+00:00,-0.008651299999999999
2026-04-25 09:00:00+00:00,-0.0501466
2026-04-25 10:00:00+00:00,-0.1196069
2026-04-25 11:00:00+00:00,-0.20996359999999997
2026-04-25 12:00:00+00:00,-0.2271353
2026-04-25 13:00:00+00:00,-0.159222
2026-04-25 14:00:00+00:00,-0.0642362
2026-04-25 15:00:00+00:00,-0.0062475000000000004
2026-04-25 16:00:00+00:00,0.0054978
2026-04-25 17:00:00+00:00,0.077588
2026-04-25 18:00:00+00:00,0.08974979999999999
2026-04-25 19:00:00+00:00,0.0856919
2026-04-25 20:00:00+00:00,0.0864892
2026-04-25 21:00:00+00:00,0.0832762
2026-04-25 22:00:00+00:00,0.0945336
2026-04-25 23:00:00+00:00,0.09948399999999999
2026-04-26 00:00:00+00:00,0.10364899999999999
2026-04-26 01:00:00+00:00,0.10768309999999999
2026-04-26 02:00:00+00:00,0.11203850000000001
2026-04-26 03:00:00+00:00,0.1173816
2026-04-26 04:00:00+00:00,0.1120861
2026-04-26 05:00:00+00:00,0.0989485
2026-04-26 06:00:00+00:00,0.0646289
2026-04-26 07:00:00+00:00,-1.1900000000000001e-05
2026-04-26 08:00:00+00:00,-0.033546099999999995
2026-04-26 09:00:00+00:00,-0.15157030000000002
2026-04-26 10:00:00+00:00,-0.30935239999999997
2026-04-26 11:00:00+00:00,-0.49238629999999994
2026-04-26 12:00:00+00:00,-0.49176749999999997
2026-04-26 13:00:00+00:00,-0.2807091
2026-04-26 14:00:00+00:00,-0.0443989
2026-04-26 15:00:00+00:00,0.013304199999999999
2026-04-26 16:00:00+00:00,0.134589
2026-04-26 17:00:00+00:00,0.17884509999999998
2026-04-26 18:00:00+00:00,0.18780579999999997
2026-04-26 19:00:00+00:00,0.16737349999999998
2026-04-26 20:00:00+00:00,0.15042789999999998
2026-04-26 21:00:00+00:00,0.14622719999999997
2026-04-26 22:00:00+00:00,0.14095549999999998
2026-04-26 23:00:00+00:00,0.1345057
2026-04-27 00:00:00+00:00,0.1341249
2026-04-27 01:00:00+00:00,0.1342677
2026-04-27 02:00:00+00:00,0.13892059999999998
2026-04-27 03:00:00+00:00,0.1495473
2026-04-27 04:00:00+00:00,0.1970283
2026-04-27 05:00:00+00:00,0.18289109999999997
2026-04-27 06:00:00+00:00,0.1505945
2026-04-27 07:00:00+00:00,0.11011069999999999
2026-04-27 08:00:00+00:00,0.0703766
2026-04-27 09:00:00+00:00,0.004926599999999999
2026-04-27 10:00:00+00:00,-0.000119
2026-04-27 11:00:00+00:00,-0.0009877
2026-04-27 12:00:00+00:00,-0.00019040000000000002
2026-04-27 13:00:00+00:00,0.006116599999999999
2026-04-27 14:00:00+00:00,0.08171729999999999
2026-04-27 15:00:00+00:00,0.12755609999999998
2026-04-27 16:00:00+00:00,0.15452149999999998
2026-04-27 17:00:00+00:00,0.205037
2026-04-27 18:00:00+00:00,0.2238628
2026-04-27 19:00:00+00:00,0.1766674
2026-04-27 20:00:00+00:00,0.1495235
2026-04-27 21:00:00+00:00,0.137088
2026-04-27 22:00:00+00:00,0.1340654
2026-04-27 23:00:00+00:00,0.12721100000000002
2026-04-28 00:00:00+00:00,0.1225462
2026-04-28 01:00:00+00:00,0.1223677
2026-04-28 02:00:00+00:00,0.12528319999999998
2026-04-28 03:00:00+00:00,0.1330896
2026-04-28 04:00:00+00:00,0.14529899999999998
2026-04-28 05:00:00+00:00,0.1445017
2026-04-28 06:00:00+00:00,0.13366079999999997
2026-04-28 07:00:00+00:00,0.0949382
2026-04-28 08:00:00+00:00,0.025965799999999997
2026-04-28 09:00:00+00:00,-0.0012971
2026-04-28 10:00:00+00:00,-0.016707599999999996
2026-04-28 11:00:00+00:00,-0.03451
2026-04-28 12:00:00+00:00,-0.0345219
2026-04-28 13:00:00+00:00,-0.020622699999999997
2026-04-28 14:00:00+00:00,-0.0055454
2026-04-28 15:00:00+00:00,0.0396508
2026-04-28 16:00:00+00:00,0.107219
2026-04-28 17:00:00+00:00,0.139706
2026-04-28 18:00:00+00:00,0.14395429999999998
2026-04-28 19:00:00+00:00,0.1378377
2026-04-28 20:00:00+00:00,0.13244699999999998
2026-04-28 21:00:00+00:00,0.1211063
2026-04-28 22:00:00+00:00,0.11686989999999998
2026-04-28 23:00:00+00:00,0.11510870000000001
2026-04-29 00:00:00+00:00,0.1165248
2026-04-29 01:00:00+00:00,0.1172507
2026-04-29 02:00:00+00:00,0.1197735
2026-04-29 03:00:00+00:00,0.1284129
2026-04-29 04:00:00+00:00,0.166362
2026-04-29 05:00:00+00:00,0.1509515
2026-04-29 06:00:00+00:00,0.1337203
2026-04-29 07:00:00+00:00,0.07903980000000001
2026-04-29 08:00:00+00:00,-0.0012852
2026-04-29 09:00:00+00:00,-0.0137683
2026-04-29 10:00:00+00:00,-0.0401863
2026-04-29 11:00:00+00:00,-0.07182839999999999
2026-04-29 12:00:00+00:00,-0.0659617
2026-04-29 13:00:00+00:00,-0.0431018
2026-04-29 14:00:00+00:00,-0.013387499999999998
2026-04-29 15:00:00+00:00,0.023383499999999995
2026-04-29 16:00:00+00:00,0.10846850000000001
2026-04-29 17:00:00+00:00,0.1497139
2026-04-29 18:00:00+00:00,0.1732521
2026-04-29 19:00:00+00:00,0.15464049999999996
2026-04-29 20:00:00+00:00,0.1376354
2026-04-29 21:00:00+00:00,0.12506899999999999
2026-04-29 22:00:00+00:00,0.11938079999999998
2026-04-29 23:00:00+00:00,0.1191309
2026-04-30 00:00:00+00:00,0.11729829999999998
2026-04-30 01:00:00+00:00,0.11838119999999999
2026-04-30 02:00:00+00:00,0.1238671
2026-04-30 03:00:00+00:00,0.13577899999999998
2026-04-30 04:00:00+00:00,0.16555279999999997
2026-04-30 05:00:00+00:00,0.14552510000000002
2026-04-30 06:00:00+00:00,0.1145018
2026-04-30 07:00:00+00:00,0.054216400000000005
2026-04-30 08:00:00+00:00,-4.7600000000000005e-05
2026-04-30 09:00:00+00:00,-0.004617199999999999
2026-04-30 10:00:00+00:00,-0.0193375
2026-04-30 11:00:00+00:00,-0.0381038
2026-04-30 12:00:00+00:00,-0.0344267
2026-04-30 13:00:00+00:00,-0.0143395
2026-04-30 14:00:00+00:00,-0.0027251
2026-04-30 15:00:00+00:00,0.024490199999999997
2026-04-30 16:00:00+00:00,0.10999170000000001
2026-04-30 17:00:00+00:00,0.16551709999999997
2026-04-30 18:00:00+00:00,0.2125578
2026-04-30 19:00:00+00:00,0.1735496
2026-04-30 20:00:00+00:00,0.1415148
2026-04-30 21:00:00+00:00,0.1304359
2026-04-30 22:00:00+00:00,0.12760370000000001
2026-04-30 23:00:00+00:00,0.1226771
2026-05-01 00:00:00+00:00,0.12065409999999999
2026-05-01 01:00:00+00:00,0.1181075
2026-05-01 02:00:00+00:00,0.1165962
2026-05-01 03:00:00+00:00,0.116025
2026-05-01 04:00:00+00:00,0.1234863
2026-05-01 05:00:00+00:00,0.09560460000000001
2026-05-01 06:00:00+00:00,0.042042699999999995
2026-05-01 07:00:00+00:00,-3.5699999999999994e-05
2026-05-01 08:00:00+00:00,-0.0252042
2026-05-01 09:00:00+00:00,-0.1292578
2026-05-01 10:00:00+00:00,-0.37911019999999995
2026-05-01 11:00:00+00:00,-0.59381
2026-05-01 12:00:00+00:00,-0.5652143
2026-05-01 13:00:00+00:00,-0.2449972
2026-05-01 14:00:00+00:00,-0.031237499999999998
2026-05-01 15:00:00+00:00,0.0066164
2026-05-01 16:00:00+00:00,0.11011069999999999
2026-05-01 17:00:00+00:00,0.18348609999999999
2026-05-01 18:00:00+00:00,0.2062627
2026-05-01 19:00:00+00:00,0.1701105
2026-05-01 20:00:00+00:00,0.13473179999999998
2026-05-01 21:00:00+00:00,0.11540620000000001
2026-05-01 22:00:00+00:00,0.1397417
2026-05-01 23:00:00+00:00,0.1234149
2026-05-02 00:00:00+00:00,0.11838119999999999
2026-05-02 01:00:00+00:00,0.11107460000000001
2026-05-02 02:00:00+00:00,0.11132449999999999
2026-05-02 03:00:00+00:00,0.111503
2026-05-02 04:00:00+00:00,0.1092182
2026-05-02 05:00:00+00:00,0.09283190000000001
2026-05-02 06:00:00+00:00,0.021741299999999998
2026-05-02 07:00:00+00:00,0.0015113
2026-05-02 08:00:00+00:00,-0.0028441
2026-05-02 09:00:00+00:00,-0.026072899999999996
2026-05-02 10:00:00+00:00,-0.0994959
2026-05-02 11:00:00+00:00,-0.1547357
2026-05-02 12:00:00+00:00,-0.10333959999999999
2026-05-02 13:00:00+00:00,-0.016707599999999996
2026-05-02 14:00:00+00:00,3.5699999999999994e-05
2026-05-02 15:00:00+00:00,0.0653905
2026-05-02 16:00:00+00:00,0.1512966
2026-05-02 17:00:00+00:00,0.19635
2026-05-02 18:00:00+00:00,0.23258549999999997
2026-05-02 19:00:00+00:00,0.18364079999999997
2026-05-02 20:00:00+00:00,0.1665524
2026-05-02 21:00:00+00:00,0.1474053
2026-05-02 22:00:00+00:00,0.144228
2026-05-02 23:00:00+00:00,0.1380757
2026-05-03 00:00:00+00:00,0.1310904
2026-05-03 01:00:00+00:00,0.1290912
2026-05-03 02:00:00+00:00,0.12648510000000002
2026-05-03 03:00:00+00:00,0.12741329999999998
2026-05-03 04:00:00+00:00,0.12102299999999999
2026-05-03 05:00:00+00:00,0.1015546
2026-05-03 06:00:00+00:00,0.08537059999999999
2026-05-03 07:00:00+00:00,0.038865399999999994
2026-05-03 08:00:00+00:00,0.0015351000000000002
2026-05-03 09:00:00+00:00,-0.0017016999999999998
2026-05-03 10:00:00+00:00,-0.0080801
2026-05-03 11:00:00+00:00,-0.0171836
2026-05-03 12:00:00+00:00,-0.0129472
2026-05-03 13:00:00+00:00,-0.004724300000000001
2026-05-03 14:00:00+00:00,0.010864700000000001
2026-05-03 15:00:00+00:00,0.09604489999999999
2026-05-03 16:00:00+00:00,0.1434783
2026-05-03 17:00:00+00:00,0.160412
2026-05-03 18:00:00+00:00,0.1676353
2026-05-03 19:00:00+00:00,0.1633989
2026-05-03 20:00:00+00:00,0.1551522
2026-05-03 21:00:00+00:00,0.1441328
2026-05-03 22:00:00+00:00,0.1396584
2026-05-03 23:00:00+00:00,0.12900789999999998
2026-05-04 00:00:00+00:00,0.1315664
2026-05-04 01:00:00+00:00,0.1265565
2026-05-04 02:00:00+00:00,0.1307929
2026-05-04 03:00:00+00:00,0.15336719999999998
2026-05-04 04:00:00+00:00,0.1779645
2026-05-04 05:00:00+00:00,0.1800113
2026-05-04 06:00:00+00:00,0.16017399999999998
2026-05-04 07:00:00+00:00,0.1352197
2026-05-04 08:00:00+00:00,0.11898809999999999
2026-05-04 09:00:00+00:00,0.11078899999999998
2026-05-04 10:00:00+00:00,0.08933329999999999
2026-05-04 11:00:00+00:00,0.0825979
2026-05-04 12:00:00+00:00,0.0964852
2026-05-04 13:00:00+00:00,0.11186
2026-05-04 14:00:00+00:00,0.1284843
2026-05-04 15:00:00+00:00,0.15349810000000003
2026-05-04 16:00:00+00:00,0.20111
2026-05-04 17:00:00+00:00,0.2915857
2026-05-04 18:00:00+00:00,0.3175395999999999
2026-05-04 19:00:00+00:00,0.23121699999999998
2026-05-04 20:00:00+00:00,0.18212950000000003
2026-05-04 21:00:00+00:00,0.16326799999999997
2026-05-04 22:00:00+00:00,0.1563184
2026-05-04 23:00:00+00:00,0.150178
2026-05-05 00:00:00+00:00,0.1453109
2026-05-05 01:00:00+00:00,0.1452395
2026-05-05 02:00:00+00:00,0.14744100000000002
2026-05-05 03:00:00+00:00,0.159341
2026-05-05 04:00:00+00:00,0.1905309
2026-05-05 05:00:00+00:00,0.19131630000000002
2026-05-05 06:00:00+00:00,0.1752037
2026-05-05 07:00:00+00:00,0.1542359
2026-05-05 08:00:00+00:00,0.1358028
2026-05-05 09:00:00+00:00,0.1288294
2026-05-05 10:00:00+00:00,0.1179171
2026-05-05 11:00:00+00:00,0.1166914
2026-05-05 12:00:00+00:00,0.1163225
2026-05-05 13:00:00+00:00,0.1261281
2026-05-05 14:00:00+00:00,0.13325620000000002
2026-05-05 15:00:00+00:00,0.15311729999999996
2026-05-05 16:00:00+00:00,0.17345439999999998
2026-05-05 17:00:00+00:00,0.1947911
2026-05-05 18:00:00+00:00,0.19504100000000002
2026-05-05 19:00:00+00:00,0.17492999999999997
2026-05-05 20:00:00+00:00,0.1579725
2026-05-05 21:00:00+00:00,0.1371951
2026-05-05 22:00:00+00:00,0.1428476
2026-05-05 23:00:00+00:00,0.1359337
2026-05-06 00:00:00+00:00,0.1346723
2026-05-06 01:00:00+00:00,0.13447
2026-05-06 02:00:00+00:00,0.1348746
2026-05-06 03:00:00+00:00,0.1406937
2026-05-06 04:00:00+00:00,0.15605659999999996
2026-05-06 05:00:00+00:00,0.16951549999999999
2026-05-06 06:00:00+00:00,0.1684445
2026-05-06 07:00:00+00:00,0.14435889999999998
2026-05-06 08:00:00+00:00,0.12947199999999998
2026-05-06 09:00:00+00:00,0.1239028
2026-05-06 10:00:00+00:00,0.1191071
2026-05-06 11:00:00+00:00,0.1063146
2026-05-06 12:00:00+00:00,0.1086827
2026-05-06 13:00:00+00:00,0.12272469999999999
2026-05-06 14:00:00+00:00,0.1340654
2026-05-06 15:00:00+00:00,0.14880949999999998
2026-05-06 16:00:00+00:00,0.1641129
2026-05-06 17:00:00+00:00,0.18398590000000004
2026-05-06 18:00:00+00:00,0.18673479999999995
2026-05-06 19:00:00+00:00,0.18398590000000004
2026-05-06 20:00:00+00:00,0.1706579
2026-05-06 21:00:00+00:00,0.15262939999999997
2026-05-06 22:00:00+00:00,0.14892850000000002
2026-05-06 23:00:00+00:00,0.1386231
2026-05-07 00:00:00+00:00,0.1371594
2026-05-07 01:00:00+00:00,0.1386231
2026-05-07 02:00:00+00:00,0.1417766
2026-05-07 03:00:00+00:00,0.1509872
2026-05-07 04:00:00+00:00,0.17969
2026-05-07 05:00:00+00:00,0.19907509999999998
2026-05-07 06:00:00+00:00,0.1851521
2026-05-07 07:00:00+00:00,0.1623279
2026-05-07 08:00:00+00:00,0.1429547
2026-05-07 09:00:00+00:00,0.1351007
2026-05-07 10:00:00+00:00,0.12366479999999999
2026-05-07 11:00:00+00:00,0.12128479999999998
2026-05-07 12:00:00+00:00,0.12105869999999999
2026-05-07 13:00:00+00:00,0.1278655
2026-05-07 14:00:00+00:00,0.14042
2026-05-07 15:00:00+00:00,0.1577464
2026-05-07 16:00:00+00:00,0.1769649
2026-05-07 17:00:00+00:00,0.22093539999999998
2026-05-07 18:00:00+00:00,0.26356119999999994
2026-05-07 19:00:00+00:00,0.21743679999999999
2026-05-07 20:00:00+00:00,0.1837836
2026-05-07 21:00:00+00:00,0.1698844
2026-05-07 22:00:00+00:00,0.1551046
2026-05-07 23:00:00+00:00,0.1435854
2026-05-08 00:00:00+00:00,0.1406818
2026-05-08 01:00:00+00:00,0.1392062
2026-05-08 02:00:00+00:00,0.14109829999999998
2026-05-08 03:00:00+00:00,0.1501661
2026-05-08 04:00:00+00:00,0.170884
2026-05-08 05:00:00+00:00,0.17496569999999997
2026-05-08 06:00:00+00:00,0.16350599999999998
2026-05-08 07:00:00+00:00,0.1371475
2026-05-08 08:00:00+00:00,0.1163225
2026-05-08 09:00:00+00:00,0.0902139
2026-05-08 10:00:00+00:00,0.0777903
2026-05-08 11:00:00+00:00,0.0698649
2026-05-08 12:00:00+00:00,0.07656460000000001
2026-05-08 13:00:00+00:00,0.0974491
2026-05-08 14:00:00+00:00,0.1119314
2026-05-08 15:00:00+00:00,0.130305
2026-05-08 16:00:00+00:00,0.15210579999999999
2026-05-08 17:00:00+00:00,0.17081259999999998
2026-05-08 18:00:00+00:00,0.18204619999999996
2026-05-08 19:00:00+00:00,0.165291
2026-05-08 20:00:00+00:00,0.151725
2026-05-08 21:00:00+00:00,0.1417766
2026-05-08 22:00:00+00:00,0.15195109999999998
2026-05-08 23:00:00+00:00,0.14685789999999999
2026-05-09 00:00:00+00:00,0.1469412
2026-05-09 01:00:00+00:00,0.14797649999999998
2026-05-09 02:00:00+00:00,0.14963059999999997
2026-05-09 03:00:00+00:00,0.1504755
2026-05-09 04:00:00+00:00,0.1517488
2026-05-09 05:00:00+00:00,0.1412173
2026-05-09 06:00:00+00:00,0.1281273
2026-05-09 07:00:00+00:00,0.0812889
2026-05-09 08:00:00+00:00,0.0118167
2026-05-09 09:00:00+00:00,-2.3800000000000003e-05
2026-05-09 10:00:00+00:00,-7.139999999999999e-05
2026-05-09 11:00:00+00:00,-0.00010709999999999999
2026-05-09 12:00:00+00:00,-1.1900000000000001e-05
2026-05-09 13:00:00+00:00,0.0
2026-05-09 14:00:00+00:00,0.0329868
2026-05-09 15:00:00+00:00,0.1114911
2026-05-09 16:00:00+00:00,0.14659609999999998
2026-05-09 17:00:00+00:00,0.1648269
2026-05-09 18:00:00+00:00,0.17489429999999997
2026-05-09 19:00:00+00:00,0.1707531
2026-05-09 20:00:00+00:00,0.162197
2026-05-09 21:00:00+00:00,0.1512371
2026-05-09 22:00:00+00:00,0.1524271
2026-05-09 23:00:00+00:00,0.1492855
2026-05-10 00:00:00+00:00,0.1492617
2026-05-10 01:00:00+00:00,0.1469412
2026-05-10 02:00:00+00:00,0.147798
2026-05-10 03:00:00+00:00,0.1474886
2026-05-10 04:00:00+00:00,0.1370166
2026-05-10 05:00:00+00:00,0.1203923
2026-05-10 06:00:00+00:00,0.0842996
2026-05-10 07:00:00+00:00,0.013304199999999999
2026-05-10 08:00:00+00:00,0.0
2026-05-10 09:00:00+00:00,-0.0007973
2026-05-10 10:00:00+00:00,-0.0022372
2026-05-10 11:00:00+00:00,-0.0025823
2026-05-10 12:00:00+00:00,-0.001666
2026-05-10 13:00:00+00:00,-0.00030940000000000004
2026-05-10 14:00:00+00:00,0.0022372
2026-05-10 15:00:00+00:00,0.0845019
2026-05-10 16:00:00+00:00,0.13201859999999999
2026-05-10 17:00:00+00:00,0.14518
2026-05-10 18:00:00+00:00,0.1538908
2026-05-10 19:00:00+00:00,0.1529388
2026-05-10 20:00:00+00:00,0.14772659999999999
2026-05-10 21:00:00+00:00,0.1426096
2026-05-10 22:00:00+00:00,0.1413601
2026-05-10 23:00:00+00:00,0.13368460000000001
2026-05-11 00:00:00+00:00,0.1314117
2026-05-11 01:00:00+00:00,0.1340654
2026-05-11 02:00:00+00:00,0.1345771
2026-05-11 03:00:00+00:00,0.1453466
2026-05-11 04:00:00+00:00,0.16241119999999998
2026-05-11 05:00:00+00:00,0.18331950000000002
2026-05-11 06:00:00+00:00,0.1785119
2026-05-11 07:00:00+00:00,0.162792
2026-05-11 08:00:00+00:00,0.1503089
2026-05-11 09:00:00+00:00,0.1349817
2026-05-11 10:00:00+00:00,0.1255331
2026-05-11 11:00:00+00:00,0.1175482
2026-05-11 12:00:00+00:00,0.1142162
2026-05-11 13:00:00+00:00,0.11447800000000001
2026-05-11 14:00:00+00:00,0.11958309999999998
2026-05-11 15:00:00+00:00,0.138397
2026-05-11 16:00:00+00:00,0.1463462
2026-05-11 17:00:00+00:00,0.1555568
2026-05-11 18:00:00+00:00,0.1560328
2026-05-11 19:00:00+00:00,0.1521653
2026-05-11 20:00:00+00:00,0.1437163
2026-05-11 21:00:00+00:00,0.1296505
2026-05-11 22:00:00+00:00,0.11789329999999998
2026-05-11 23:00:00+00:00,0.1133832
2026-05-12 00:00:00+00:00,0.1091587
2026-05-12 01:00:00+00:00,0.106981
2026-05-12 02:00:00+00:00,0.10874219999999998
2026-05-12 03:00:00+00:00,0.11186
2026-05-12 04:00:00+00:00,0.1323994
2026-05-12 05:00:00+00:00,0.14587019999999998
2026-05-12 06:00:00+00:00,0.13345849999999998
2026-05-12 07:00:00+00:00,0.11195519999999999
2026-05-12 08:00:00+00:00,0.09467640000000001
2026-05-12 09:00:00+00:00,0.0756126
2026-05-12 10:00:00+00:00,0.0546329
2026-05-12 11:00:00+00:00,0.032522699999999995
2026-05-12 12:00:00+00:00,0.023764299999999995
2026-05-12 13:00:00+00:00,0.053264399999999996
2026-05-12 14:00:00+00:00,0.08854789999999998
2026-05-12 15:00:00+00:00,0.11424
2026-05-12 16:00:00+00:00,0.1367072
2026-05-12 17:00:00+00:00,0.16217320000000002
2026-05-12 18:00:00+00:00,0.1701581
2026-05-12 19:00:00+00:00,0.1698606
2026-05-12 20:00:00+00:00,0.1561637
2026-05-12 21:00:00+00:00,0.1408365
2026-05-12 22:00:00+00:00,0.1360527
2026-05-12 23:00:00+00:00,0.12640179999999998
2026-05-13 00:00:00+00:00,0.12418839999999999
2026-05-13 01:00:00+00:00,0.12785359999999998
2026-05-13 02:00:00+00:00,0.132328
2026-05-13 03:00:00+00:00,0.14279999999999998
2026-05-13 04:00:00+00:00,0.16324419999999998
2026-05-13 05:00:00+00:00,0.1679328
2026-05-13 06:00:00+00:00,0.150773
2026-05-13 07:00:00+00:00,0.12201069999999999
2026-05-13 08:00:00+00:00,0.1028636
2026-05-13 09:00:00+00:00,0.0996982
2026-05-13 10:00:00+00:00,0.088179
2026-05-13 11:00:00+00:00,0.08540629999999999
2026-05-13 12:00:00+00:00,0.083538
2026-05-13 13:00:00+00:00,0.0979013
2026-05-13 14:00:00+00:00,0.10993219999999998
2026-05-13 15:00:00+00:00,0.13399399999999997
2026-05-13 16:00:00+00:00,0.1575084
2026-05-13 17:00:00+00:00,0.18027310000000002
2026-05-13 18:00:00+00:00,0.2038113
2026-05-13 19:00:00+00:00,0.19045949999999998
2026-05-13 20:00:00+00:00,0.1692299
2026-05-13 21:00:00+00:00,0.146489
2026-05-13 22:00:00+00:00,0.15534259999999997
2026-05-13 23:00:00+00:00,0.1448825
2026-05-14 00:00:00+00:00,0.1418837
2026-05-14 01:00:00+00:00,0.1376116
2026-05-14 02:00:00+00:00,0.1343748
2026-05-14 03:00:00+00:00,0.1333395
2026-05-14 04:00:00+00:00,0.1325779
2026-05-14 05:00:00+00:00,0.1286271
2026-05-14 06:00:00+00:00,0.1181194
2026-05-14 07:00:00+00:00,0.1013285
2026-05-14 08:00:00+00:00,0.0697816
2026-05-14 09:00:00+00:00,0.04232829999999999
2026-05-14 10:00:00+00:00,0.019111399999999997
2026-05-14 11:00:00+00:00,0.0089845
2026-05-14 12:00:00+00:00,0.005474
2026-05-14 13:00:00+00:00,0.0212415
2026-05-14 14:00:00+00:00,0.0796229
2026-05-14 15:00:00+00:00,0.11276440000000001
2026-05-14 16:00:00+00:00,0.14994
2026-05-14 17:00:00+00:00,0.1696702
2026-05-14 18:00:00+00:00,0.1790355
2026-05-14 19:00:00+00:00,0.181118
2026-05-14 20:00:00+00:00,0.1795829
2026-05-14 21:00:00+00:00,0.1622208
2026-05-14 22:00:00+00:00,0.1641843
2026-05-14 23:00:00+00:00,0.1563303
2026-05-15 00:00:00+00:00,0.1503089
2026-05-15 01:00:00+00:00,0.14510859999999998
2026-05-15 02:00:00+00:00,0.14721489999999998
2026-05-15 03:00:00+00:00,0.1513204
2026-05-15 04:00:00+00:00,0.161959
2026-05-15 05:00:00+00:00,0.1576988
2026-05-15 06:00:00+00:00,0.14756
2026-05-15 07:00:00+00:00,0.1244026
2026-05-15 08:00:00+00:00,0.09731820000000001
2026-05-15 09:00:00+00:00,0.07951579999999998
2026-05-15 10:00:00+00:00,0.064617
2026-05-15 11:00:00+00:00,0.0479808
2026-05-15 12:00:00+00:00,0.047778499999999995
2026-05-15 13:00:00+00:00,0.060689999999999994
2026-05-15 14:00:00+00:00,0.09201079999999999
2026-05-15 15:00:00+00:00,0.1250095
2026-05-15 16:00:00+00:00,0.1487976
2026-05-15 17:00:00+00:00,0.1705389
2026-05-15 18:00:00+00:00,0.1826174
2026-05-15 19:00:00+00:00,0.1798685
2026-05-15 20:00:00+00:00,0.17218109999999998
2026-05-15 21:00:00+00:00,0.16125689999999998
2026-05-15 22:00:00+00:00,0.1547
2026-05-15 23:00:00+00:00,0.1449301
2026-05-16 00:00:00+00:00,0.1398964
2026-05-16 01:00:00+00:00,0.13804
2026-05-16 02:00:00+00:00,0.1356838
2026-05-16 03:00:00+00:00,0.1301146
2026-05-16 04:00:00+00:00,0.1257949
2026-05-16 05:00:00+00:00,0.1190595
2026-05-16 06:00:00+00:00,0.10347049999999999
2026-05-16 07:00:00+00:00,0.0523005
2026-05-16 08:00:00+00:00,0.004998000000000001
2026-05-16 09:00:00+00:00,-3.5699999999999994e-05
2026-05-16 10:00:00+00:00,-0.0014279999999999998
2026-05-16 11:00:00+00:00,-0.002618
2026-05-16 12:00:00+00:00,-0.0022966999999999996
2026-05-16 13:00:00+00:00,-0.0011899999999999999
2026-05-16 14:00:00+00:00,0.0056882
2026-05-16 15:00:00+00:00,0.0715071
2026-05-16 16:00:00+00:00,0.1192618
2026-05-16 17:00:00+00:00,0.1504993
2026-05-16 18:00:00+00:00,0.1666
2026-05-16 19:00:00+00:00,0.16742110000000002
2026-05-16 20:00:00+00:00,0.1618281
2026-05-16 21:00:00+00:00,0.15196300000000001
2026-05-16 22:00:00+00:00,0.1519868
2026-05-16 23:00:00+00:00,0.14168139999999999
2026-05-17 00:00:00+00:00,0.1375283
2026-05-17 01:00:00+00:00,0.135541
2026-05-17 02:00:00+00:00,0.1299123
2026-05-17 03:00:00+00:00,0.1254855
2026-05-17 04:00:00+00:00,0.1175601
2026-05-17 05:00:00+00:00,0.09615199999999999
2026-05-17 06:00:00+00:00,0.0640696
2026-05-17 07:00:00+00:00,0.022574299999999995
2026-05-17 08:00:00+00:00,0.0041531
2026-05-17 09:00:00+00:00,0.0006664
2026-05-17 10:00:00+00:00,0.0009758
2026-05-17 11:00:00+00:00,0.0
2026-05-17 12:00:00+00:00,0.0011661999999999998
2026-05-17 13:00:00+00:00,0.0134589
2026-05-17 14:00:00+00:00,0.0624036
2026-05-17 15:00:00+00:00,0.11938079999999998
2026-05-17 16:00:00+00:00,0.15397409999999997
2026-05-17 17:00:00+00:00,0.1702533
2026-05-17 18:00:00+00:00,0.185402
2026-05-17 19:00:00+00:00,0.1864849
2026-05-17 20:00:00+00:00,0.1801303
2026-05-17 21:00:00+00:00,0.1696702
2026-05-17 22:00:00+00:00,0.16024539999999998
2026-05-17 23:00:00+00:00,0.1499043
2026-05-18 00:00:00+00:00,0.14994
2026-05-18 01:00:00+00:00,0.15040409999999999
2026-05-18 02:00:00+00:00,0.1539384
2026-05-18 03:00:00+00:00,0.1630538
2026-05-18 04:00:00+00:00,0.18149880000000002
2026-05-18 05:00:00+00:00,0.1904952
2026-05-18 06:00:00+00:00,0.18101090000000003
2026-05-18 07:00:00+00:00,0.1497972
2026-05-18 08:00:00+00:00,0.12834149999999997
2026-05-18 09:00:00+00:00,0.1190595
2026-05-18 10:00:00+00:00,0.112931
2026-05-18 11:00:00+00:00,0.11302620000000001
2026-05-18 12:00:00+00:00,0.11515629999999999
2026-05-18 13:00:00+00:00,0.1218679
2026-05-18 14:00:00+00:00,0.1356243
2026-05-18 15:00:00+00:00,0.1595433
2026-05-18 16:00:00+00:00,0.1810466
2026-05-18 17:00:00+00:00,0.2294915
2026-05-18 18:00:00+00:00,0.298571
2026-05-18 19:00:00+00:00,0.2550646
2026-05-18 20:00:00+00:00,0.1911735
2026-05-18 21:00:00+00:00,0.177191
2026-05-18 22:00:00+00:00,0.17641749999999998
2026-05-18 23:00:00+00:00,0.1689086
2026-05-19 00:00:00+00:00,0.1657908
2026-05-19 01:00:00+00:00,0.1648626
2026-05-19 02:00:00+00:00,0.1684683
2026-05-19 03:00:00+00:00,0.17483479999999998
2026-05-19 04:00:00+00:00,0.19570739999999998
2026-05-19 05:00:00+00:00,0.18298630000000002
2026-05-19 06:00:00+00:00,0.1569134
2026-05-19 07:00:00+00:00,0.12940059999999998
2026-05-19 08:00:00+00:00,0.11218129999999998
2026-05-19 09:00:00+00:00,0.09768710000000001
2026-05-19 10:00:00+00:00,0.0870485
2026-05-19 11:00:00+00:00,0.0877506
2026-05-19 12:00:00+00:00,0.0949739
2026-05-19 13:00:00+00:00,0.10420829999999999
2026-05-19 14:00:00+00:00,0.12167749999999998
2026-05-19 15:00:00+00:00,0.1514751
2026-05-19 16:00:00+00:00,0.1724905
2026-05-19 17:00:00+00:00,0.2052631
2026-05-19 18:00:00+00:00,0.215271
2026-05-19 19:00:00+00:00,0.1947197
2026-05-19 20:00:00+00:00,0.1732045
2026-05-19 21:00:00+00:00,0.15684199999999998
2026-05-19 22:00:00+00:00,0.1472387
2026-05-19 23:00:00+00:00,0.1364216
2026-05-20 00:00:00+00:00,0.13060249999999998
2026-05-20 01:00:00+00:00,0.1308643
2026-05-20 02:00:00+00:00,0.13138789999999997
2026-05-20 03:00:00+00:00,0.1416695
2026-05-20 04:00:00+00:00,0.16063809999999998
2026-05-20 05:00:00+00:00,0.1630062
2026-05-20 06:00:00+00:00,0.14935690000000001
2026-05-20 07:00:00+00:00,0.1297814
2026-05-20 08:00:00+00:00,0.10674299999999999
2026-05-20 09:00:00+00:00,0.0897974
2026-05-20 10:00:00+00:00,0.07617190000000001
2026-05-20 11:00:00+00:00,0.05354999999999999
2026-05-20 12:00:00+00:00,0.03987689999999999
2026-05-20 13:00:00+00:00,0.0543354
2026-05-20 14:00:00+00:00,0.0773619
2026-05-20 15:00:00+00:00,0.118286
2026-05-20 16:00:00+00:00,0.15494990000000003
2026-05-20 17:00:00+00:00,0.17798829999999996
2026-05-20 18:00:00+00:00,0.19982479999999997
2026-05-20 19:00:00+00:00,0.19635
2026-05-20 20:00:00+00:00,0.1785238
2026-05-20 21:00:00+00:00,0.16541
2026-05-20 22:00:00+00:00,0.1583057
2026-05-20 23:00:00+00:00,0.14477539999999997
2026-05-21 00:00:00+00:00,0.1380638
2026-05-21 01:00:00+00:00,0.13512449999999998
2026-05-21 02:00:00+00:00,0.1380519
2026-05-21 03:00:00+00:00,0.1528079
2026-05-21 04:00:00+00:00,0.1699558
2026-05-21 05:00:00+00:00,0.1709078
2026-05-21 06:00:00+00:00,0.15635409999999997
2026-05-21 07:00:00+00:00,0.12392659999999998
2026-05-21 08:00:00+00:00,0.096628
2026-05-21 09:00:00+00:00,0.0508725
2026-05-21 10:00:00+00:00,0.014446599999999999
2026-05-21 11:00:00+00:00,0.0087703
2026-05-21 12:00:00+00:00,0.010483899999999999
2026-05-21 13:00:00+00:00,0.041888
2026-05-21 14:00:00+00:00,0.08533489999999999
2026-05-21 15:00:00+00:00,0.12494999999999999
2026-05-21 16:00:00+00:00,0.16170909999999997
2026-05-21 17:00:00+00:00,0.1943984
2026-05-21 18:00:00+00:00,0.24359299999999998
2026-05-21 19:00:00+00:00,0.22421979999999997
2026-05-21 20:00:00+00:00,0.19758759999999997
2026-05-21 21:00:00+00:00,0.17420409999999997
2026-05-21 22:00:00+00:00,0.1717408
2026-05-21 23:00:00+00:00,0.16291099999999997
2026-05-22 00:00:00+00:00,0.15665159999999997
2026-05-22 01:00:00+00:00,0.15345049999999996
2026-05-22 02:00:00+00:00,0.156485
2026-05-22 03:00:00+00:00,0.1615068
2026-05-22 04:00:00+00:00,0.1717884
2026-05-22 05:00:00+00:00,0.1644342
2026-05-22 06:00:00+00:00,0.1465366
2026-05-22 07:00:00+00:00,0.10933719999999998
2026-05-22 08:00:00+00:00,0.0505512
2026-05-22 09:00:00+00:00,0.004688599999999999
2026-05-22 10:00:00+00:00,1.1900000000000001e-05
2026-05-22 11:00:00+00:00,0.0
2026-05-22 12:00:00+00:00,0.0011899999999999999
2026-05-22 13:00:00+00:00,0.024168899999999997
2026-05-22 14:00:00+00:00,0.0835856
2026-05-22 15:00:00+00:00,0.123998
2026-05-22 16:00:00+00:00,0.16059049999999997
2026-05-22 17:00:00+00:00,0.1918518
2026-05-22 18:00:00+00:00,0.2599317
2026-05-22 19:00:00+00:00,0.23045539999999998
2026-05-22 20:00:00+00:00,0.18402159999999998
2026-05-22 21:00:00+00:00,0.1674806
2026-05-22 22:00:00+00:00,0.16274439999999998
2026-05-22 23:00:00+00:00,0.1547
2026-05-23 00:00:00+00:00,0.1497853
2026-05-23 01:00:00+00:00,0.1491903
2026-05-23 02:00:00+00:00,0.1448587
2026-05-23 03:00:00+00:00,0.1419194
2026-05-23 04:00:00+00:00,0.1384803
2026-05-23 05:00:00+00:00,0.1155371
2026-05-23 06:00:00+00:00,0.0593334
2026-05-23 07:00:00+00:00,0.001904
2026-05-23 08:00:00+00:00,-0.0003927
2026-05-23 09:00:00+00:00,-0.004640999999999999
2026-05-23 10:00:00+00:00,-0.0147441
2026-05-23 11:00:00+00:00,-0.0378658
2026-05-23 12:00:00+00:00,-0.021919800000000003
2026-05-23 13:00:00+00:00,-0.0047599999999999995
2026-05-23 14:00:00+00:00,-0.0003451
2026-05-23 15:00:00+00:00,0.052895500000000005
2026-05-23 16:00:00+00:00,0.1437044
2026-05-23 17:00:00+00:00,0.1780954
2026-05-23 18:00:00+00:00,0.2076788
2026-05-23 19:00:00+00:00,0.20357329999999998
2026-05-23 20:00:00+00:00,0.18673479999999995
2026-05-23 21:00:00+00:00,0.1721335
2026-05-23 22:00:00+00:00,0.171122
2026-05-23 23:00:00+00:00,0.15872219999999998
2026-05-24 00:00:00+00:00,0.16289909999999996
2026-05-24 01:00:00+00:00,0.14927359999999998
2026-05-24 02:00:00+00:00,0.14623909999999998
2026-05-24 03:00:00+00:00,0.1400868
2026-05-24 04:00:00+00:00,0.12947199999999998
2026-05-24 05:00:00+00:00,0.1052674
2026-05-24 06:00:00+00:00,0.019480300000000002
2026-05-24 07:00:00+00:00,-3.5699999999999994e-05
2026-05-24 08:00:00+00:00,-0.0029749999999999998
2026-05-24 09:00:00+00:00,-0.0164577
2026-05-24 10:00:00+00:00,-0.044755899999999994
2026-05-24 11:00:00+00:00,-0.0903686
2026-05-24 12:00:00+00:00,-0.07348249999999999
2026-05-24 13:00:00+00:00,-0.027953099999999995
2026-05-24 14:00:00+00:00,-0.0023323999999999997
2026-05-24 15:00:00+00:00,0.0171122
2026-05-24 16:00:00+00:00,0.11469219999999998
2026-05-24 17:00:00+00:00,0.1585318
2026-05-24 18:00:00+00:00,0.1797138
2026-05-24 19:00:00+00:00,0.18234369999999997
2026-05-24 20:00:00+00:00,0.17185979999999998
2026-05-24 21:00:00+00:00,0.15719899999999998
2026-05-24 22:00:00+00:00,0.15573530000000002
2026-05-24 23:00:00+00:00,0.1499162
2026-05-25 00:00:00+00:00,0.1490356
2026-05-25 01:00:00+00:00,0.1499519
2026-05-25 02:00:00+00:00,0.1538789
2026-05-25 03:00:00+00:00,0.15708
2026-05-25 04:00:00+00:00,0.15493799999999996
2026-05-25 05:00:00+00:00,0.1402772
2026-05-25 06:00:00+00:00,0.09243920000000001
2026-05-25 07:00:00+00:00,0.0059499999999999996
2026-05-25 08:00:00+00:00,-0.0002023
2026-05-25 09:00:00+00:00,-0.0062594
2026-05-25 10:00:00+00:00,-0.0151249
2026-05-25 11:00:00+00:00,-0.034866999999999995
2026-05-25 12:00:00+00:00,-0.0323442
2026-05-25 13:00:00+00:00,-0.0119595
2026-05-25 14:00:00+00:00,-0.0034747999999999997
2026-05-25 15:00:00+00:00,0.0380205
2026-05-25 16:00:00+00:00,0.1413958
2026-05-25 17:00:00+00:00,0.17919020000000002
2026-05-25 18:00:00+00:00,0.2049061
2026-05-25 19:00:00+00:00,0.2025975
2026-05-25 20:00:00+00:00,0.18722270000000002
2026-05-25 21:00:00+00:00,0.16782569999999997
2026-05-25 22:00:00+00:00,0.1622684
2026-05-25 23:00:00+00:00,0.1495235
2026-05-26 00:00:00+00:00,0.1435735
2026-05-26 01:00:00+00:00,0.1442042
2026-05-26 02:00:00+00:00,0.1422407
2026-05-26 03:00:00+00:00,0.15340289999999998
2026-05-26 04:00:00+00:00,0.1703009
2026-05-26 05:00:00+00:00,0.1684326
2026-05-26 06:00:00+00:00,0.1452395
2026-05-26 07:00:00+00:00,0.093772
2026-05-26 08:00:00+00:00,0.0077588
2026-05-26 09:00:00+00:00,-1.1900000000000001e-05
2026-05-26 10:00:00+00:00,-0.0021777
2026-05-26 11:00:00+00:00,-0.0029749999999999998
2026-05-26 12:00:00+00:00,-0.0009995999999999998
2026-05-26 13:00:00+00:00,-2.3800000000000003e-05
2026-05-26 14:00:00+00:00,0.0156128
2026-05-26 15:00:00+00:00,0.10673109999999998
2026-05-26 16:00:00+00:00,0.1604001
2026-05-26 17:00:00+00:00,0.22026899999999996
2026-05-26 18:00:00+00:00,0.25936049999999994
2026-05-26 19:00:00+00:00,0.21990009999999996
2026-05-26 20:00:00+00:00,0.1829982
2026-05-26 21:00:00+00:00,0.1553307
2026-05-26 22:00:00+00:00,0.1604001
2026-05-26 23:00:00+00:00,0.1517488
2026-05-27 00:00:00+00:00,0.1434426
2026-05-27 01:00:00+00:00,0.1414553
2026-05-27 02:00:00+00:00,0.1416695
2026-05-27 03:00:00+00:00,0.1442756
2026-05-27 04:00:00+00:00,0.15969799999999998
2026-05-27 05:00:00+00:00,0.15600899999999998
2026-05-27 06:00:00+00:00,0.1266755
2026-05-27 07:00:00+00:00,0.0574056
2026-05-27 08:00:00+00:00,0.004081700000000001
2026-05-27 09:00:00+00:00,-0.0003213
2026-05-27 10:00:00+00:00,-0.0012495000000000002
2026-05-27 11:00:00+00:00,-0.0019516
2026-05-27 12:00:00+00:00,-0.0019635
2026-05-27 13:00:00+00:00,-0.0020229999999999996
2026-05-27 14:00:00+00:00,-0.0004997999999999999
2026-05-27 15:00:00+00:00,0.0383299
2026-05-27 16:00:00+00:00,0.11644149999999999
2026-05-27 17:00:00+00:00,0.1624588
2026-05-27 18:00:00+00:00,0.1864492
2026-05-27 19:00:00+00:00,0.1874607
2026-05-27 20:00:00+00:00,0.1715504
2026-05-27 21:00:00+00:00,0.1588174
2026-05-27 22:00:00+00:00,0.15821049999999998
2026-05-27 23:00:00+00:00,0.15415259999999997
2026-05-28 00:00:00+00:00,0.15141559999999998
2026-05-28 01:00:00+00:00,0.15155839999999998
2026-05-28 02:00:00+00:00,0.1548071
2026-05-28 03:00:00+00:00,0.161245
2026-05-28 04:00:00+00:00,0.1766555
2026-05-28 05:00:00+00:00,0.1644104
2026-05-28 06:00:00+00:00,0.146846
2026-05-28 07:00:00+00:00,0.1041726
2026-05-28 08:00:00+00:00,0.022978899999999997
2026-05-28 09:00:00+00:00,0.0006783
2026-05-28 10:00:00+00:00,0.0
2026-05-28 11:00:00+00:00,-1.1900000000000001e-05
2026-05-28 12:00:00+00:00,0.0
2026-05-28 13:00:00+00:00,0.0015469999999999998
2026-05-28 14:00:00+00:00,0.047183499999999996
2026-05-28 15:00:00+00:00,0.12049939999999999
2026-05-28 16:00:00+00:00,0.1645175
2026-05-28 17:00:00+00:00,0.25894399999999995
2026-05-28 18:00:00+00:00,0.4687886
2026-05-28 19:00:00+00:00,0.43794379999999994
2026-05-28 20:00:00+00:00,0.2567425
2026-05-28 21:00:00+00:00,0.190162
2026-05-28 22:00:00+00:00,0.17188359999999997
2026-05-28 23:00:00+00:00,0.15937669999999998
2026-05-29 00:00:00+00:00,0.1522962
2026-05-29 01:00:00+00:00,0.1501661
2026-05-29 02:00:00+00:00,0.1490832
2026-05-29 03:00:00+00:00,0.149345
2026-05-29 04:00:00+00:00,0.15694909999999998
2026-05-29 05:00:00+00:00,0.14994
2026-05-29 06:00:00+00:00,0.13514829999999997
2026-05-29 07:00:00+00:00,0.0855729
2026-05-29 08:00:00+00:00,0.020265699999999998
2026-05-29 09:00:00+00:00,0.0003451
2026-05-29 10:00:00+00:00,-7.139999999999999e-05
2026-05-29 11:00:00+00:00,-4.7600000000000005e-05
2026-05-29 12:00:00+00:00,0.0
2026-05-29 13:00:00+00:00,0.0111979
2026-05-29 14:00:00+00:00,0.061415899999999995
2026-05-29 15:00:00+00:00,0.1230579
2026-05-29 16:00:00+00:00,0.1630181
2026-05-29 17:00:00+00:00,0.20819049999999997
2026-05-29 18:00:00+00:00,0.2863259
2026-05-29 19:00:00+00:00,0.2396779
2026-05-29 20:00:00+00:00,0.19242299999999998
2026-05-29 21:00:00+00:00,0.1727761
2026-05-29 22:00:00+00:00,0.1612688
2026-05-29 23:00:00+00:00,0.15285549999999998
2026-05-30 00:00:00+00:00,0.14728629999999998
2026-05-30 01:00:00+00:00,0.1440971
2026-05-30 02:00:00+00:00,0.1491784
2026-05-30 03:00:00+00:00,0.14880949999999998
2026-05-30 04:00:00+00:00,0.1415981
2026-05-30 05:00:00+00:00,0.12982899999999997
2026-05-30 06:00:00+00:00,0.1057553
2026-05-30 07:00:00+00:00,0.04364919999999999
2026-05-30 08:00:00+00:00,0.0035223999999999997
2026-05-30 09:00:00+00:00,-1.1900000000000001e-05
2026-05-30 10:00:00+00:00,-5.95e-05
2026-05-30 11:00:00+00:00,-0.0017135999999999998
2026-05-30 12:00:00+00:00,-0.0008925
2026-05-30 13:00:00+00:00,-1.1900000000000001e-05
2026-05-30 14:00:00+00:00,0.0035818999999999994
2026-05-30 15:00:00+00:00,0.074375
2026-05-30 16:00:00+00:00,0.1273419
2026-05-30 17:00:00+00:00,0.1664453
2026-05-30 18:00:00+00:00,0.1910307
2026-05-30 19:00:00+00:00,0.2045015
2026-05-30 20:00:00+00:00,0.18968600000000002
2026-05-30 21:00:00+00:00,0.1702176
2026-05-30 22:00:00+00:00,0.1623279
2026-05-30 23:00:00+00:00,0.1536409
2026-05-31 00:00:00+00:00,0.1498448
2026-05-31 01:00:00+00:00,0.148988
2026-05-31 02:00:00+00:00,0.1510705
2026-05-31 03:00:00+00:00,0.1467984
2026-05-31 04:00:00+00:00,0.13685
2026-05-31 05:00:00+00:00,0.11966639999999999
2026-05-31 06:00:00+00:00,0.10762359999999999
2026-05-31 07:00:00+00:00,0.06698509999999999
2026-05-31 08:00:00+00:00,0.0090083
2026-05-31 09:00:00+00:00,0.0
2026-05-31 10:00:00+00:00,-1.1900000000000001e-05
2026-05-31 11:00:00+00:00,-1.1900000000000001e-05
2026-05-31 12:00:00+00:00,-1.1900000000000001e-05
2026-05-31 13:00:00+00:00,0.0
2026-05-31 14:00:00+00:00,0.05831
2026-05-31 15:00:00+00:00,0.1141567
2026-05-31 16:00:00+00:00,0.15145129999999998
2026-05-31 17:00:00+00:00,0.1682303
2026-05-31 18:00:00+00:00,0.18178439999999996
2026-05-31 19:00:00+00:00,0.18568759999999998
2026-05-31 20:00:00+00:00,0.1822247
2026-05-31 21:00:00+00:00,0.1729665
2026-05-31 22:00:00+00:00,0.16780189999999998
2026-05-31 23:00:00+00:00,0.15262939999999997
2026-06-01 00:00:00+00:00,0.1465366
2026-06-01 01:00:00+00:00,0.14315699999999998
2026-06-01 02:00:00+00:00,0.14814309999999997
2026-06-01 03:00:00+00:00,0.1607571
2026-06-01 04:00:00+00:00,0.1951957
2026-06-01 05:00:00+00:00,0.19039999999999999
2026-06-01 06:00:00+00:00,0.18054679999999998
2026-06-01 07:00:00+00:00,0.15850799999999998
2026-06-01 08:00:00+00:00,0.14001539999999998
2026-06-01 09:00:00+00:00,0.12868659999999998
2026-06-01 10:00:00+00:00,0.1107652
2026-06-01 11:00:00+00:00,0.10699289999999999
2026-06-01 12:00:00+00:00,0.10406549999999999
2026-06-01 13:00:00+00:00,0.11316899999999998
2026-06-01 14:00:00+00:00,0.12702059999999998
2026-06-01 15:00:00+00:00,0.1490356
2026-06-01 16:00:00+00:00,0.1683374
2026-06-01 17:00:00+00:00,0.2696659
2026-06-01 18:00:00+00:00,0.4227475
2026-06-01 19:00:00+00:00,0.39671029999999996
2026-06-01 20:00:00+00:00,0.264775
2026-06-01 21:00:00+00:00,0.1916257
2026-06-01 22:00:00+00:00,0.1690633
2026-06-01 23:00:00+00:00,0.1567468
2026-06-02 00:00:00+00:00,0.1488571
2026-06-02 01:00:00+00:00,0.1438948
2026-06-02 02:00:00+00:00,0.1435497
2026-06-02 03:00:00+00:00,0.1478218
2026-06-02 04:00:00+00:00,0.1559257
2026-06-02 05:00:00+00:00,0.15684199999999998
2026-06-02 06:00:00+00:00,0.1440852
2026-06-02 07:00:00+00:00,0.1254379
2026-06-02 08:00:00+00:00,0.10771879999999998
2026-06-02 09:00:00+00:00,0.100793
2026-06-02 10:00:00+00:00,0.0955451
2026-06-02 11:00:00+00:00,0.1011024
2026-06-02 12:00:00+00:00,0.10802819999999999
2026-06-02 13:00:00+00:00,0.1186906
2026-06-02 14:00:00+00:00,0.1335775
2026-06-02 15:00:00+00:00,0.15605659999999996
2026-06-02 16:00:00+00:00,0.17490619999999998
2026-06-02 17:00:00+00:00,0.1998486
2026-06-02 18:00:00+00:00,0.1990513
2026-06-02 19:00:00+00:00,0.1812727
2026-06-02 20:00:00+00:00,0.1671236
2026-06-02 21:00:00+00:00,0.1490356
2026-06-02 22:00:00+00:00,0.138397
2026-06-02 23:00:00+00:00,0.133161
2026-06-03 00:00:00+00:00,0.12854379999999999
2026-06-03 01:00:00+00:00,0.127687
2026-06-03 02:00:00+00:00,0.12755609999999998
2026-06-03 03:00:00+00:00,0.1348032
2026-06-03 04:00:00+00:00,0.1555806
2026-06-03 05:00:00+00:00,0.1628277
2026-06-03 06:00:00+00:00,0.1559852
2026-06-03 07:00:00+00:00,0.13345849999999998
2026-06-03 08:00:00+00:00,0.1119671
2026-06-03 09:00:00+00:00,0.0954975
2026-06-03 10:00:00+00:00,0.0692223
2026-06-03 11:00:00+00:00,0.045017699999999994
2026-06-03 12:00:00+00:00,0.0452676
2026-06-03 13:00:00+00:00,0.056049
2026-06-03 14:00:00+00:00,0.09151100000000001
2026-06-03 15:00:00+00:00,0.1136807
2026-06-03 16:00:00+00:00,0.14540609999999998
2026-06-03 17:00:00+00:00,0.16466029999999998
2026-06-03 18:00:00+00:00,0.1740256
2026-06-03 19:00:00+00:00,0.15876979999999996
2026-06-03 20:00:00+00:00,0.1439305
2026-06-03 21:00:00+00:00,0.1182979
2026-06-03 22:00:00+00:00,0.10258989999999998
2026-06-03 23:00:00+00:00,0.0898331
2026-06-04 00:00:00+00:00,0.0796348
2026-06-04 01:00:00+00:00,0.0802893
2026-06-04 02:00:00+00:00,0.0812651
2026-06-04 03:00:00+00:00,0.0847161
2026-06-04 04:00:00+00:00,0.08802429999999999
2026-06-04 05:00:00+00:00,0.1036252
2026-06-04 06:00:00+00:00,0.0899878
2026-06-04 07:00:00+00:00,0.0406147
2026-06-04 08:00:00+00:00,0.0057001
2026-06-04 09:00:00+00:00,0.0
2026-06-04 10:00:00+00:00,-3.5699999999999994e-05
2026-06-04 11:00:00+00:00,-5.95e-05
2026-06-04 12:00:00+00:00,-4.7600000000000005e-05
2026-06-04 13:00:00+00:00,0.0019278000000000001
2026-06-04 14:00:00+00:00,0.034081600000000004
2026-06-04 15:00:00+00:00,0.0834785
2026-06-04 16:00:00+00:00,0.120785
2026-06-04 17:00:00+00:00,0.1358623
2026-06-04 18:00:00+00:00,0.14037239999999998
2026-06-04 19:00:00+00:00,0.1372903
2026-06-04 20:00:00+00:00,0.1329111
2026-06-04 21:00:00+00:00,0.1190595
2026-06-04 22:00:00+00:00,0.09603300000000001
2026-06-04 23:00:00+00:00,0.0945455
2026-06-05 00:00:00+00:00,0.09930549999999999
2026-06-05 01:00:00+00:00,0.10118569999999999
2026-06-05 02:00:00+00:00,0.10689769999999998
2026-06-05 03:00:00+00:00,0.11573939999999999
2026-06-05 04:00:00+00:00,0.136731
2026-06-05 05:00:00+00:00,0.1411578
2026-06-05 06:00:00+00:00,0.13544579999999998
2026-06-05 07:00:00+00:00,0.116977
2026-06-05 08:00:00+00:00,0.1024828
2026-06-05 09:00:00+00:00,0.08428770000000001
2026-06-05 10:00:00+00:00,0.0537999
2026-06-05 11:00:00+00:00,0.0406742
2026-06-05 12:00:00+00:00,0.032367999999999994
2026-06-05 13:00:00+00:00,0.04523189999999999
2026-06-05 14:00:00+00:00,0.08634639999999999
2026-06-05 15:00:00+00:00,0.12405749999999999
2026-06-05 16:00:00+00:00,0.153391
2026-06-05 17:00:00+00:00,0.17909499999999998
2026-06-05 18:00:00+00:00,0.21310520000000002
2026-06-05 19:00:00+00:00,0.2253384
2026-06-05 20:00:00+00:00,0.20127659999999997
2026-06-05 21:00:00+00:00,0.18095139999999998
2026-06-05 22:00:00+00:00,0.1764056
2026-06-05 23:00:00+00:00,0.16324419999999998
2026-06-06 00:00:00+00:00,0.1604001
2026-06-06 01:00:00+00:00,0.13824229999999998
2026-06-06 02:00:00+00:00,0.1549142
2026-06-06 03:00:00+00:00,0.1499876
2026-06-06 04:00:00+00:00,0.14005109999999998
2026-06-06 05:00:00+00:00,0.12176079999999999
2026-06-06 06:00:00+00:00,0.0964138
2026-06-06 07:00:00+00:00,0.0595
2026-06-06 08:00:00+00:00,0.0175406
2026-06-06 09:00:00+00:00,3.5699999999999994e-05
2026-06-06 10:00:00+00:00,-3.5699999999999994e-05
2026-06-06 11:00:00+00:00,-3.5699999999999994e-05
2026-06-06 12:00:00+00:00,2.3800000000000003e-05
2026-06-06 13:00:00+00:00,0.0113169
2026-06-06 14:00:00+00:00,0.05487089999999999
2026-06-06 15:00:00+00:00,0.1110032
2026-06-06 16:00:00+00:00,0.1449301
2026-06-06 17:00:00+00:00,0.1592815
2026-06-06 18:00:00+00:00,0.18139170000000002
2026-06-06 19:00:00+00:00,0.1795948
2026-06-06 20:00:00+00:00,0.1598527
2026-06-06 21:00:00+00:00,0.1446326
2026-06-06 22:00:00+00:00,0.131733
2026-06-06 23:00:00+00:00,0.11841689999999999
2026-06-07 00:00:00+00:00,0.10972989999999999
2026-06-07 01:00:00+00:00,0.0968898
2026-06-07 02:00:00+00:00,0.07974189999999999
2026-06-07 03:00:00+00:00,0.0466599
2026-06-07 04:00:00+00:00,0.006009499999999999
2026-06-07 05:00:00+00:00,0.0005474
2026-06-07 06:00:00+00:00,-0.0006545
2026-06-07 07:00:00+00:00,-0.006009499999999999
2026-06-07 08:00:00+00:00,-0.009519999999999999
2026-06-07 09:00:00+00:00,-0.016719499999999998
2026-06-07 10:00:00+00:00,-0.021729400000000003
2026-06-07 11:00:00+00:00,-0.0427686
2026-06-07 12:00:00+00:00,-0.0532406
2026-06-07 13:00:00+00:00,-0.043399299999999995
2026-06-07 14:00:00+00:00,-0.018992400000000003
2026-06-07 15:00:00+00:00,-0.0013566
2026-06-07 16:00:00+00:00,0.06381970000000001
2026-06-07 17:00:00+00:00,0.12852
2026-06-07 18:00:00+00:00,0.1526413
2026-06-07 19:00:00+00:00,0.16319659999999997
2026-06-07 20:00:00+00:00,0.1680161
2026-06-07 21:00:00+00:00,0.16700459999999998
2026-06-07 22:00:00+00:00,0.1671117
2026-06-07 23:00:00+00:00,0.1597456
2026-06-08 00:00:00+00:00,0.15792489999999998
2026-06-08 01:00:00+00:00,0.1519273
2026-06-08 02:00:00+00:00,0.1549142
2026-06-08 03:00:00+00:00,0.1648864
2026-06-08 04:00:00+00:00,0.1793092
2026-06-08 05:00:00+00:00,0.1733592
2026-06-08 06:00:00+00:00,0.1486072
2026-06-08 07:00:00+00:00,0.120071
2026-06-08 08:00:00+00:00,0.0903448
2026-06-08 09:00:00+00:00,0.0662116
2026-06-08 10:00:00+00:00,0.06483119999999999
2026-06-08 11:00:00+00:00,0.0657118
2026-06-08 12:00:00+00:00,0.08171729999999999
2026-06-08 13:00:00+00:00,0.10573149999999999
2026-06-08 14:00:00+00:00,0.1220702
2026-06-08 15:00:00+00:00,0.15336719999999998
2026-06-08 16:00:00+00:00,0.1800827
2026-06-08 17:00:00+00:00,0.23719079999999998
2026-06-08 18:00:00+00:00,0.24859099999999998
2026-06-08 19:00:00+00:00,0.22104249999999998
2026-06-08 20:00:00+00:00,0.1813203
2026-06-08 21:00:00+00:00,0.1525699
2026-06-08 22:00:00+00:00,0.1535219
2026-06-08 23:00:00+00:00,0.14537039999999998
2026-06-09 00:00:00+00:00,0.137445
2026-06-09 01:00:00+00:00,0.1323518
2026-06-09 02:00:00+00:00,0.1314712
2026-06-09 03:00:00+00:00,0.1378496
2026-06-09 04:00:00+00:00,0.1548785
2026-06-09 05:00:00+00:00,0.16020969999999998
2026-06-09 06:00:00+00:00,0.1509991
2026-06-09 07:00:00+00:00,0.12733
2026-06-09 08:00:00+00:00,0.09798459999999999
2026-06-09 09:00:00+00:00,0.072471
2026-06-09 10:00:00+00:00,0.030011799999999998
2026-06-09 11:00:00+00:00,0.004200699999999999
2026-06-09 12:00:00+00:00,0.00017849999999999997
2026-06-09 13:00:00+00:00,0.0018088
2026-06-09 14:00:00+00:00,0.0364021
2026-06-09 15:00:00+00:00,0.0901187
2026-06-09 16:00:00+00:00,0.1410745
2026-06-09 17:00:00+00:00,0.163387
2026-06-09 18:00:00+00:00,0.18293869999999995
2026-06-09 19:00:00+00:00,0.1859732
2026-06-09 20:00:00+00:00,0.1725381
2026-06-09 21:00:00+00:00,0.1562589
2026-06-09 22:00:00+00:00,0.1486429
2026-06-09 23:00:00+00:00,0.13911099999999998
2026-06-10 00:00:00+00:00,0.1322447
2026-06-10 01:00:00+00:00,0.1324589
2026-06-10 02:00:00+00:00,0.13475559999999998
2026-06-10 03:00:00+00:00,0.14131249999999998
2026-06-10 04:00:00+00:00,0.15694909999999998
2026-06-10 05:00:00+00:00,0.1628039
2026-06-10 06:00:00+00:00,0.1507135
2026-06-10 07:00:00+00:00,0.12447399999999999
2026-06-10 08:00:00+00:00,0.1030064
2026-06-10 09:00:00+00:00,0.0869414
2026-06-10 10:00:00+00:00,0.0817292
2026-06-10 11:00:00+00:00,0.08516829999999999
2026-06-10 12:00:00+00:00,0.0926177
2026-06-10 13:00:00+00:00,0.10308969999999999
2026-06-10 14:00:00+00:00,0.12310549999999999
2026-06-10 15:00:00+00:00,0.149226
2026-06-10 16:00:00+00:00,0.16723069999999998
2026-06-10 17:00:00+00:00,0.2034543
2026-06-10 18:00:00+00:00,0.2546362
2026-06-10 19:00:00+00:00,0.24394999999999997
2026-06-10 20:00:00+00:00,0.20068159999999996
2026-06-10 21:00:00+00:00,0.18058249999999998
2026-06-10 22:00:00+00:00,0.1674687
2026-06-10 23:00:00+00:00,0.1588531
2026-06-11 00:00:00+00:00,0.150178
2026-06-11 01:00:00+00:00,0.1496544
2026-06-11 02:00:00+00:00,0.14999949999999998
2026-06-11 03:00:00+00:00,0.15072539999999998
2026-06-11 04:00:00+00:00,0.1646127
2026-06-11 05:00:00+00:00,0.165172
2026-06-11 06:00:00+00:00,0.1507016
2026-06-11 07:00:00+00:00,0.12352199999999999
2026-06-11 08:00:00+00:00,0.10774260000000001
2026-06-11 09:00:00+00:00,0.09159429999999999
2026-06-11 10:00:00+00:00,0.0717213
2026-06-11 11:00:00+00:00,0.0539189
2026-06-11 12:00:00+00:00,0.037580199999999994
2026-06-11 13:00:00+00:00,0.060725699999999994
2026-06-11 14:00:00+00:00,0.0933793
2026-06-11 15:00:00+00:00,0.12090399999999998
2026-06-11 16:00:00+00:00,0.1522962
2026-06-11 17:00:00+00:00,0.1740256
2026-06-11 18:00:00+00:00,0.2080834
2026-06-11 19:00:00+00:00,0.1962786
2026-06-11 20:00:00+00:00,0.16330369999999997
2026-06-11 21:00:00+00:00,0.1381114
2026-06-11 22:00:00+00:00,0.13911099999999998
2026-06-11 23:00:00+00:00,0.1213919
2026-06-12 00:00:00+00:00,0.11246690000000001
2026-06-12 01:00:00+00:00,0.10953949999999998
2026-06-12 02:00:00+00:00,0.1107295
2026-06-12 03:00:00+00:00,0.1143352
2026-06-12 04:00:00+00:00,0.1401344
2026-06-12 05:00:00+00:00,0.1459654
2026-06-12 06:00:00+00:00,0.1515346
2026-06-12 07:00:00+00:00,0.1397179
2026-06-12 08:00:00+00:00,0.121499
2026-06-12 09:00:00+00:00,0.10770690000000001
2026-06-12 10:00:00+00:00,0.0964019
2026-06-12 11:00:00+00:00,0.08345469999999999
2026-06-12 12:00:00+00:00,0.0718403
2026-06-12 13:00:00+00:00,0.0666995
2026-06-12 14:00:00+00:00,0.08124129999999999
2026-06-12 15:00:00+00:00,0.0938553
2026-06-12 16:00:00+00:00,0.1233435
2026-06-12 17:00:00+00:00,0.1378853
2026-06-12 18:00:00+00:00,0.1316973
2026-06-12 19:00:00+00:00,0.1306739
2026-06-12 20:00:00+00:00,0.1322328
2026-06-12 21:00:00+00:00,0.120071
2026-06-12 22:00:00+00:00,0.1036371
2026-06-12 23:00:00+00:00,0.08811949999999999
2026-06-13 00:00:00+00:00,0.07836149999999999
2026-06-13 01:00:00+00:00,0.07596960000000001
2026-06-13 02:00:00+00:00,0.0780164
2026-06-13 03:00:00+00:00,0.064022
2026-06-13 04:00:00+00:00,0.0376397
2026-06-13 05:00:00+00:00,0.0162554
2026-06-13 06:00:00+00:00,0.0003927
2026-06-13 07:00:00+00:00,-0.0013209
2026-06-13 08:00:00+00:00,-0.005854799999999999
2026-06-13 09:00:00+00:00,-0.018682999999999998
2026-06-13 10:00:00+00:00,-0.0326298
2026-06-13 11:00:00+00:00,-0.05458529999999999
2026-06-13 12:00:00+00:00,-0.05354999999999999
2026-06-13 13:00:00+00:00,-0.0375326
2026-06-13 14:00:00+00:00,-0.022812300000000004
2026-06-13 15:00:00+00:00,-0.0050218
2026-06-13 16:00:00+00:00,-0.0006545
2026-06-13 17:00:00+00:00,0.03975789999999999
2026-06-13 18:00:00+00:00,0.08598940000000001
2026-06-13 19:00:00+00:00,0.10372039999999999
2026-06-13 20:00:00+00:00,0.12196309999999999
2026-06-13 21:00:00+00:00,0.10472
2026-06-13 22:00:00+00:00,0.0806701
2026-06-13 23:00:00+00:00,0.05883359999999999
2026-06-14 00:00:00+00:00,0.0405552
2026-06-14 01:00:00+00:00,0.0334033
2026-06-14 02:00:00+00:00,0.031618299999999995
2026-06-14 03:00:00+00:00,0.0254303
2026-06-14 04:00:00+00:00,0.0092106
2026-06-14 05:00:00+00:00,0.0005474
2026-06-14 06:00:00+00:00,-0.0004165
2026-06-14 07:00:00+00:00,-0.0033677
2026-06-14 08:00:00+00:00,-0.007580299999999999
2026-06-14 09:00:00+00:00,-0.011055099999999998
2026-06-14 10:00:00+00:00,-0.0178381
2026-06-14 11:00:00+00:00,-0.027869800000000004
2026-06-14 12:00:00+00:00,-0.02975
2026-06-14 13:00:00+00:00,-0.023799999999999998
2026-06-14 14:00:00+00:00,-0.010948
2026-06-14 15:00:00+00:00,-0.0020825
2026-06-14 16:00:00+00:00,0.0062832
2026-06-14 17:00:00+00:00,0.07387519999999999
2026-06-14 18:00:00+00:00,0.11290719999999999
2026-06-14 19:00:00+00:00,0.1221297
2026-06-14 20:00:00+00:00,0.1336132
2026-06-14 21:00:00+00:00,0.123046
2026-06-14 22:00:00+00:00,0.12070170000000001
2026-06-14 23:00:00+00:00,0.11056289999999999
2026-06-15 00:00:00+00:00,0.10160219999999999
2026-06-15 01:00:00+00:00,0.0996625
2026-06-15 02:00:00+00:00,0.1004241
2026-06-15 03:00:00+00:00,0.10877789999999998
2026-06-15 04:00:00+00:00,0.1257711
2026-06-15 05:00:00+00:00,0.1277941
2026-06-15 06:00:00+00:00,0.10881359999999998
2026-06-15 07:00:00+00:00,0.07574349999999999
2026-06-15 08:00:00+00:00,0.0256564
2026-06-15 09:00:00+00:00,0.0012019
2026-06-15 10:00:00+00:00,-3.5699999999999994e-05
2026-06-15 11:00:00+00:00,-0.0017611999999999999
2026-06-15 12:00:00+00:00,-0.0034509999999999996
2026-06-15 13:00:00+00:00,-0.0011067
2026-06-15 14:00:00+00:00,-2.3800000000000003e-05
2026-06-15 15:00:00+00:00,0.051979199999999996
2026-06-15 16:00:00+00:00,0.1088255
2026-06-15 17:00:00+00:00,0.1536052
2026-06-15 18:00:00+00:00,0.176953
2026-06-15 19:00:00+00:00,0.18594939999999996
2026-06-15 20:00:00+00:00,0.18301009999999998
2026-06-15 21:00:00+00:00,0.1603644
2026-06-15 22:00:00+00:00,0.14616769999999998
2026-06-15 23:00:00+00:00,0.13961079999999998
2026-06-16 00:00:00+00:00,0.1353982
2026-06-16 01:00:00+00:00,0.13207809999999998
2026-06-16 02:00:00+00:00,0.13237559999999998
2026-06-16 03:00:00+00:00,0.1369928
2026-06-16 04:00:00+00:00,0.15230809999999997
2026-06-16 05:00:00+00:00,0.15672299999999997
2026-06-16 06:00:00+00:00,0.15032079999999998
2026-06-16 07:00:00+00:00,0.130305
2026-06-16 08:00:00+00:00,0.1023162
2026-06-16 09:00:00+00:00,0.0958426
2026-06-16 10:00:00+00:00,0.079135
2026-06-16 11:00:00+00:00,0.06456939999999999
2026-06-16 12:00:00+00:00,0.0603687
2026-06-16 13:00:00+00:00,0.0716618
2026-06-16 14:00:00+00:00,0.09693739999999998
2026-06-16 15:00:00+00:00,0.13056679999999998
2026-06-16 16:00:00+00:00,0.1512609
2026-06-16 17:00:00+00:00,0.1762628
2026-06-16 18:00:00+00:00,0.207179
2026-06-16 19:00:00+00:00,0.2158898
2026-06-16 20:00:00+00:00,0.1949934
2026-06-16 21:00:00+00:00,0.1703009
2026-06-16 22:00:00+00:00,0.16806369999999998
2026-06-16 23:00:00+00:00,0.16111409999999998
2026-06-17 00:00:00+00:00,0.1539027
2026-06-17 01:00:00+00:00,0.1517726
2026-06-17 02:00:00+00:00,0.1516298
2026-06-17 03:00:00+00:00,0.15237950000000003
2026-06-17 04:00:00+00:00,0.1669213
2026-06-17 05:00:00+00:00,0.1626492
2026-06-17 06:00:00+00:00,0.1448944
2026-06-17 07:00:00+00:00,0.125902
2026-06-17 08:00:00+00:00,0.10501749999999999
2026-06-17 09:00:00+00:00,0.09340309999999999
2026-06-17 10:00:00+00:00,0.0859537
2026-06-17 11:00:00+00:00,0.0747201
2026-06-17 12:00:00+00:00,0.0788494
2026-06-17 13:00:00+00:00,0.0904162
2026-06-17 14:00:00+00:00,0.10482709999999999
2026-06-17 15:00:00+00:00,0.1266517
2026-06-17 16:00:00+00:00,0.1436806
2026-06-17 17:00:00+00:00,0.16964639999999997
2026-06-17 18:00:00+00:00,0.19324409999999997
2026-06-17 19:00:00+00:00,0.1953028
2026-06-17 20:00:00+00:00,0.1887459
2026-06-17 21:00:00+00:00,0.1698606
2026-06-17 22:00:00+00:00,0.16095939999999997
2026-06-17 23:00:00+00:00,0.1496187
2026-06-18 00:00:00+00:00,0.1450134
2026-06-18 01:00:00+00:00,0.14243109999999998
2026-06-18 02:00:00+00:00,0.1419789
2026-06-18 03:00:00+00:00,0.1512371
2026-06-18 04:00:00+00:00,0.16100699999999998
2026-06-18 05:00:00+00:00,0.16097129999999998
2026-06-18 06:00:00+00:00,0.1412887
2026-06-18 07:00:00+00:00,0.1210468
2026-06-18 08:00:00+00:00,0.0894166
2026-06-18 09:00:00+00:00,0.052395699999999996
2026-06-18 10:00:00+00:00,0.0336175
2026-06-18 11:00:00+00:00,0.022217300000000002
2026-06-18 12:00:00+00:00,0.030820999999999998
2026-06-18 13:00:00+00:00,0.057239000000000005
2026-06-18 14:00:00+00:00,0.0940814
2026-06-18 15:00:00+00:00,0.1255688
2026-06-18 16:00:00+00:00,0.1614949
2026-06-18 17:00:00+00:00,0.30153409999999997
2026-06-18 18:00:00+00:00,0.5177333
2026-06-18 19:00:00+00:00,0.5258848
2026-06-18 20:00:00+00:00,0.3145408
2026-06-18 21:00:00+00:00,0.1939938
2026-06-18 22:00:00+00:00,0.17450159999999998
2026-06-18 23:00:00+00:00,0.1576869
2026-06-19 00:00:00+00:00,0.14853579999999997
2026-06-19 01:00:00+00:00,0.14334739999999999
2026-06-19 02:00:00+00:00,0.14097929999999997
2026-06-19 03:00:00+00:00,0.143514
2026-06-19 04:00:00+00:00,0.1650768
2026-06-19 05:00:00+00:00,0.15157030000000002
2026-06-19 06:00:00+00:00,0.13323239999999997
2026-06-19 07:00:00+00:00,0.11352600000000002
2026-06-19 08:00:00+00:00,0.0831929
2026-06-19 09:00:00+00:00,0.0381871
2026-06-19 10:00:00+00:00,0.017849999999999998
2026-06-19 11:00:00+00:00,0.0133756
2026-06-19 12:00:00+00:00,0.019408899999999996
2026-06-19 13:00:00+00:00,0.050991499999999995
2026-06-19 14:00:00+00:00,0.0960211
2026-06-19 15:00:00+00:00,0.12890079999999998
2026-06-19 16:00:00+00:00,0.15434299999999998
2026-06-19 17:00:00+00:00,0.20324009999999998
2026-06-19 18:00:00+00:00,0.2396184
2026-06-19 19:00:00+00:00,0.2207807
2026-06-19 20:00:00+00:00,0.1878534
2026-06-19 21:00:00+00:00,0.1639582
2026-06-19 22:00:00+00:00,0.1551165
2026-06-19 23:00:00+00:00,0.1441328
2026-06-20 00:00:00+00:00,0.14113399999999998
2026-06-20 01:00:00+00:00,0.1389444
2026-06-20 02:00:00+00:00,0.13661199999999998
2026-06-20 03:00:00+00:00,0.13624309999999998
2026-06-20 04:00:00+00:00,0.1305787
2026-06-20 05:00:00+00:00,0.1209992
2026-06-20 06:00:00+00:00,0.10708809999999999
2026-06-20 07:00:00+00:00,0.0491946
2026-06-20 08:00:00+00:00,0.0049147
2026-06-20 09:00:00+00:00,0.0
2026-06-20 10:00:00+00:00,-1.1900000000000001e-05
2026-06-20 11:00:00+00:00,-2.3800000000000003e-05
2026-06-20 12:00:00+00:00,-1.1900000000000001e-05
2026-06-20 13:00:00+00:00,0.00029749999999999997
2026-06-20 14:00:00+00:00,0.0217889
2026-06-20 15:00:00+00:00,0.1002218
2026-06-20 16:00:00+00:00,0.1425382
2026-06-20 17:00:00+00:00,0.175406
2026-06-20 18:00:00+00:00,0.2046681
2026-06-20 19:00:00+00:00,0.21723450000000002
2026-06-20 20:00:00+00:00,0.19643329999999998
2026-06-20 21:00:00+00:00,0.1747039
2026-06-20 22:00:00+00:00,0.1641248
2026-06-20 23:00:00+00:00,0.15299829999999998
2026-06-21 00:00:00+00:00,0.1504398
2026-06-21 01:00:00+00:00,0.14776229999999999
2026-06-21 02:00:00+00:00,0.1456917
2026-06-21 03:00:00+00:00,0.1423121
2026-06-21 04:00:00+00:00,0.133399
2026-06-21 05:00:00+00:00,0.12180839999999998
2026-06-21 06:00:00+00:00,0.08427579999999998
2026-06-21 07:00:00+00:00,0.030916199999999998
2026-06-21 08:00:00+00:00,0.0016184
2026-06-21 09:00:00+00:00,0.0
2026-06-21 10:00:00+00:00,-1.1900000000000001e-05
2026-06-21 11:00:00+00:00,-1.1900000000000001e-05
2026-06-21 12:00:00+00:00,-1.1900000000000001e-05
2026-06-21 13:00:00+00:00,1.1900000000000001e-05
2026-06-21 14:00:00+00:00,0.0151844
2026-06-21 15:00:00+00:00,0.0924868
2026-06-21 16:00:00+00:00,0.13758779999999998
2026-06-21 17:00:00+00:00,0.15936479999999997
2026-06-21 18:00:00+00:00,0.1785
2026-06-21 19:00:00+00:00,0.17882130000000002
2026-06-21 20:00:00+00:00,0.173859
2026-06-21 21:00:00+00:00,0.15944809999999998
2026-06-21 22:00:00+00:00,0.1527722
2026-06-21 23:00:00+00:00,0.1429428
2026-06-22 00:00:00+00:00,0.1368024
2026-06-22 01:00:00+00:00,0.1371237
2026-06-22 02:00:00+00:00,0.1393847
2026-06-22 03:00:00+00:00,0.1474291
2026-06-22 04:00:00+00:00,0.16700459999999998
2026-06-22 05:00:00+00:00,0.1737876
2026-06-22 06:00:00+00:00,0.15329579999999998
2026-06-22 07:00:00+00:00,0.12752039999999998
2026-06-22 08:00:00+00:00,0.1007335
2026-06-22 09:00:00+00:00,0.068187
2026-06-22 10:00:00+00:00,0.0470288
2026-06-22 11:00:00+00:00,0.0384846
2026-06-22 12:00:00+00:00,0.0497539
2026-06-22 13:00:00+00:00,0.07558880000000001
2026-06-22 14:00:00+00:00,0.108171
2026-06-22 15:00:00+00:00,0.13574329999999998
2026-06-22 16:00:00+00:00,0.1732521
2026-06-22 17:00:00+00:00,0.2362269
2026-06-22 18:00:00+00:00,0.32341819999999993
2026-06-22 19:00:00+00:00,0.2980474
2026-06-22 20:00:00+00:00,0.22558829999999996
2026-06-22 21:00:00+00:00,0.18564
2026-06-22 22:00:00+00:00,0.17381139999999998
2026-06-22 23:00:00+00:00,0.1655647
2026-06-23 00:00:00+00:00,0.16066189999999997
2026-06-23 01:00:00+00:00,0.1616258
2026-06-23 02:00:00+00:00,0.1642914
2026-06-23 03:00:00+00:00,0.16933700000000002
2026-06-23 04:00:00+00:00,0.1954218
2026-06-23 05:00:00+00:00,0.1905547
2026-06-23 06:00:00+00:00,0.1592101
2026-06-23 07:00:00+00:00,0.1334228
2026-06-23 08:00:00+00:00,0.1146089
2026-06-23 09:00:00+00:00,0.09105879999999998
2026-06-23 10:00:00+00:00,0.0799085
2026-06-23 11:00:00+00:00,0.07181649999999999
2026-06-23 12:00:00+00:00,0.08050349999999999
2026-06-23 13:00:00+00:00,0.09680649999999999
2026-06-23 14:00:00+00:00,0.12027329999999999
2026-06-23 15:00:00+00:00,0.1448349
2026-06-23 16:00:00+00:00,0.2019192
2026-06-23 17:00:00+00:00,0.40544489999999994
2026-06-23 18:00:00+00:00,0.6491568999999999
2026-06-23 19:00:00+00:00,0.6292006
2026-06-23 20:00:00+00:00,0.3987928
2026-06-23 21:00:00+00:00,0.23728599999999997
2026-06-23 22:00:00+00:00,0.21277200000000002
2026-06-23 23:00:00+00:00,0.1935654
2026-06-24 00:00:00+00:00,0.1761319
2026-06-24 01:00:00+00:00,0.1714195
2026-06-24 02:00:00+00:00,0.1719074
2026-06-24 03:00:00+00:00,0.1804278
2026-06-24 04:00:00+00:00,0.2120223
2026-06-24 05:00:00+00:00,0.2054059
2026-06-24 06:00:00+00:00,0.17772649999999998
2026-06-24 07:00:00+00:00,0.1419789
2026-06-24 08:00:00+00:00,0.1218679
2026-06-24 09:00:00+00:00,0.1005788
2026-06-24 10:00:00+00:00,0.0874769
2026-06-24 11:00:00+00:00,0.08446619999999999
2026-06-24 12:00:00+00:00,0.0886788
2026-06-24 13:00:00+00:00,0.10632649999999999
2026-06-24 14:00:00+00:00,0.13016219999999998
2026-06-24 15:00:00+00:00,0.1542954
2026-06-24 16:00:00+00:00,0.23418009999999997
2026-06-24 17:00:00+00:00,0.5416166
2026-06-24 18:00:00+00:00,0.7923258000000001
2026-06-24 19:00:00+00:00,0.7855903999999999
2026-06-24 20:00:00+00:00,0.5512675
2026-06-24 21:00:00+00:00,0.31369589999999997
2026-06-24 22:00:00+00:00,0.20178829999999998
2026-06-24 23:00:00+00:00,0.18437859999999998
2026-06-25 00:00:00+00:00,0.17301409999999998
2026-06-25 01:00:00+00:00,0.1701343
2026-06-25 02:00:00+00:00,0.1688729
2026-06-25 03:00:00+00:00,0.1720383
2026-06-25 04:00:00+00:00,0.1919827
2026-06-25 05:00:00+00:00,0.1766198
2026-06-25 06:00:00+00:00,0.141729
2026-06-25 07:00:00+00:00,0.1249619
2026-06-25 08:00:00+00:00,0.1008525
2026-06-25 09:00:00+00:00,0.0798371
2026-06-25 10:00:00+00:00,0.050813
2026-06-25 11:00:00+00:00,0.0404124
2026-06-25 12:00:00+00:00,0.0443513
2026-06-25 13:00:00+00:00,0.08069390000000001
2026-06-25 14:00:00+00:00,0.10506510000000001
2026-06-25 15:00:00+00:00,0.126854
2026-06-25 16:00:00+00:00,0.16092369999999998
2026-06-25 17:00:00+00:00,0.2419508
2026-06-25 18:00:00+00:00,0.34006629999999993
2026-06-25 19:00:00+00:00,0.32917779999999996
2026-06-25 20:00:00+00:00,0.22210159999999995
2026-06-25 21:00:00+00:00,0.1853425
2026-06-25 22:00:00+00:00,0.17219299999999998
2026-06-25 23:00:00+00:00,0.15556869999999998
2026-06-26 00:00:00+00:00,0.1457512
2026-06-26 01:00:00+00:00,0.1439067
2026-06-26 02:00:00+00:00,0.14590589999999998
2026-06-26 03:00:00+00:00,0.15416449999999998
2026-06-26 04:00:00+00:00,0.17377569999999998
2026-06-26 05:00:00+00:00,0.1641843
2026-06-26 06:00:00+00:00,0.1425739
2026-06-26 07:00:00+00:00,0.1288413
2026-06-26 08:00:00+00:00,0.11095559999999999
2026-06-26 09:00:00+00:00,0.08057489999999999
2026-06-26 10:00:00+00:00,0.0588931
2026-06-26 11:00:00+00:00,0.045814999999999995
2026-06-26 12:00:00+00:00,0.047599999999999996
2026-06-26 13:00:00+00:00,0.0820862
2026-06-26 14:00:00+00:00,0.1108128
2026-06-26 15:00:00+00:00,0.13207809999999998
2026-06-26 16:00:00+00:00,0.17891649999999998
2026-06-26 17:00:00+00:00,0.2898245
2026-06-26 18:00:00+00:00,0.41704739999999996
2026-06-26 19:00:00+00:00,0.35197819999999996
2026-06-26 20:00:00+00:00,0.2411654
2026-06-26 21:00:00+00:00,0.1842834
2026-06-26 22:00:00+00:00,0.1571395
2026-06-26 23:00:00+00:00,0.14815499999999998
2026-06-27 00:00:00+00:00,0.14042
2026-06-27 01:00:00+00:00,0.1378377
2026-06-27 02:00:00+00:00,0.1372427
2026-06-27 03:00:00+00:00,0.13566
2026-06-27 04:00:00+00:00,0.1341487
2026-06-27 05:00:00+00:00,0.1300313
2026-06-27 06:00:00+00:00,0.1224153
2026-06-27 07:00:00+00:00,0.0875483
2026-06-27 08:00:00+00:00,0.042875699999999996
2026-06-27 09:00:00+00:00,0.0115073
2026-06-27 10:00:00+00:00,0.0006307
2026-06-27 11:00:00+00:00,3.5699999999999994e-05
2026-06-27 12:00:00+00:00,0.0040341
2026-06-27 13:00:00+00:00,0.0151963
2026-06-27 14:00:00+00:00,0.060689999999999994
2026-06-27 15:00:00+00:00,0.1197259
2026-06-27 16:00:00+00:00,0.1512847
2026-06-27 17:00:00+00:00,0.20439439999999998
2026-06-27 18:00:00+00:00,0.2632875
2026-06-27 19:00:00+00:00,0.2550289
2026-06-27 20:00:00+00:00,0.20825
2026-06-27 21:00:00+00:00,0.172074
2026-06-27 22:00:00+00:00,0.1623874
2026-06-27 23:00:00+00:00,0.1499757
2026-06-28 00:00:00+00:00,0.1424192
2026-06-28 01:00:00+00:00,0.1376711
2026-06-28 02:00:00+00:00,0.13654059999999998
2026-06-28 03:00:00+00:00,0.1369928
2026-06-28 04:00:00+00:00,0.1333514
2026-06-28 05:00:00+00:00,0.1242717
2026-06-28 06:00:00+00:00,0.09126109999999998
2026-06-28 07:00:00+00:00,0.0390439
2026-06-28 08:00:00+00:00,0.006128499999999999
2026-06-28 09:00:00+00:00,0.00014279999999999997
2026-06-28 10:00:00+00:00,-2.3800000000000003e-05
2026-06-28 11:00:00+00:00,-0.0010829
2026-06-28 12:00:00+00:00,-3.5699999999999994e-05
2026-06-28 13:00:00+00:00,0.0019278000000000001
2026-06-28 14:00:00+00:00,0.0329273
2026-06-28 15:00:00+00:00,0.10072160000000001
2026-06-28 16:00:00+00:00,0.1362669
2026-06-28 17:00:00+00:00,0.1642081
2026-06-28 18:00:00+00:00,0.1822842
2026-06-28 19:00:00+00:00,0.1916376
2026-06-28 20:00:00+00:00,0.18718700000000002
2026-06-28 21:00:00+00:00,0.17150279999999998
2026-06-28 22:00:00+00:00,0.1465128
2026-06-28 23:00:00+00:00,0.1352673
2026-06-29 00:00:00+00:00,0.1345057
2026-06-29 01:00:00+00:00,0.13061440000000002
2026-06-29 02:00:00+00:00,0.1366953
2026-06-29 03:00:00+00:00,0.1515346
2026-06-29 04:00:00+00:00,0.1781906
2026-06-29 05:00:00+00:00,0.1810704
2026-06-29 06:00:00+00:00,0.1705151
2026-06-29 07:00:00+00:00,0.1439305
2026-06-29 08:00:00+00:00,0.12724670000000002
2026-06-29 09:00:00+00:00,0.11792899999999999
2026-06-29 10:00:00+00:00,0.1065169
2026-06-29 11:00:00+00:00,0.0976157
2026-06-29 12:00:00+00:00,0.1028041
2026-06-29 13:00:00+00:00,0.1151682
2026-06-29 14:00:00+00:00,0.1234387
2026-06-29 15:00:00+00:00,0.1369452
2026-06-29 16:00:00+00:00,0.1605429
2026-06-29 17:00:00+00:00,0.23520349999999998
2026-06-29 18:00:00+00:00,0.33835269999999995
2026-06-29 19:00:00+00:00,0.3586303
2026-06-29 20:00:00+00:00,0.2747591
2026-06-29 21:00:00+00:00,0.2023
2026-06-29 22:00:00+00:00,0.19247060000000002
2026-06-29 23:00:00+00:00,0.17299029999999999
2026-06-30 00:00:00+00:00,0.1668499
2026-06-30 01:00:00+00:00,0.16745680000000002
2026-06-30 02:00:00+00:00,0.1682303
2026-06-30 03:00:00+00:00,0.18029689999999995
2026-06-30 04:00:00+00:00,0.22212539999999997
2026-06-30 05:00:00+00:00,0.2252789
2026-06-30 06:00:00+00:00,0.18566380000000002
2026-06-30 07:00:00+00:00,0.145894
2026-06-30 08:00:00+00:00,0.1295553
2026-06-30 09:00:00+00:00,0.121142
2026-06-30 10:00:00+00:00,0.1179052
2026-06-30 11:00:00+00:00,0.1183098
2026-06-30 12:00:00+00:00,0.1224391
2026-06-30 13:00:00+00:00,0.1381709
2026-06-30 14:00:00+00:00,0.15160600000000002
2026-06-30 15:00:00+00:00,0.1799637
2026-06-30 16:00:00+00:00,0.29212119999999997
2026-06-30 17:00:00+00:00,0.5373802
2026-06-30 18:00:00+00:00,0.6006762999999999
2026-06-30 19:00:00+00:00,0.47093060000000003
2026-06-30 20:00:00+00:00,0.3255007
2026-06-30 21:00:00+00:00,0.2171512
2026-06-30 22:00:00+00:00,0.19623100000000002
2026-06-30 23:00:00+00:00,0.1788689
2026-07-01 00:00:00+00:00,0.1746682
2026-07-01 01:00:00+00:00,0.17492999999999997
2026-07-01 02:00:00+00:00,0.17973759999999997
2026-07-01 03:00:00+00:00,0.19082839999999998
2026-07-01 04:00:00+00:00,0.2336327
2026-07-01 05:00:00+00:00,0.241927
2026-07-01 06:00:00+00:00,0.2144856
2026-07-01 07:00:00+00:00,0.17338299999999998
2026-07-01 08:00:00+00:00,0.14923789999999998
2026-07-01 09:00:00+00:00,0.1421455
2026-07-01 10:00:00+00:00,0.1378734
2026-07-01 11:00:00+00:00,0.13136409999999998
2026-07-01 12:00:00+00:00,0.1186668
2026-07-01 13:00:00+00:00,0.1157632
2026-07-01 14:00:00+00:00,0.11827410000000001
2026-07-01 15:00:00+00:00,0.12067789999999999
2026-07-01 16:00:00+00:00,0.1431213
2026-07-01 17:00:00+00:00,0.19992000000000001
2026-07-01 18:00:00+00:00,0.2757111
2026-07-01 19:00:00+00:00,0.2897174
2026-07-01 20:00:00+00:00,0.2373693
2026-07-01 21:00:00+00:00,0.18643729999999997
2026-07-01 22:00:00+00:00,0.19060229999999997
2026-07-01 23:00:00+00:00,0.1706579
2026-07-02 00:00:00+00:00,0.1551284
2026-07-02 01:00:00+00:00,0.14319269999999998
2026-07-02 02:00:00+00:00,0.1357671
2026-07-02 03:00:00+00:00,0.1361955
2026-07-02 04:00:00+00:00,0.1440733
2026-07-02 05:00:00+00:00,0.1343867
2026-07-02 06:00:00+00:00,0.1086708
2026-07-02 07:00:00+00:00,0.053657100000000006
2026-07-02 08:00:00+00:00,0.0065926
2026-07-02 09:00:00+00:00,-8.33e-05
2026-07-02 10:00:00+00:00,-0.0019635
2026-07-02 11:00:00+00:00,-0.0023442999999999997
2026-07-02 12:00:00+00:00,-0.00357
2026-07-02 13:00:00+00:00,-0.0023799999999999997
2026-07-02 14:00:00+00:00,-0.0006069000000000001
2026-07-02 15:00:00+00:00,0.0034509999999999996
2026-07-02 16:00:00+00:00,0.05573960000000001
2026-07-02 17:00:00+00:00,0.10764739999999999
2026-07-02 18:00:00+00:00,0.1276275
2026-07-02 19:00:00+00:00,0.1403248
2026-07-02 20:00:00+00:00,0.151011
2026-07-02 21:00:00+00:00,0.1399559
2026-07-02 22:00:00+00:00,0.1085994
2026-07-02 23:00:00+00:00,0.10352999999999998
2026-07-03 00:00:00+00:00,0.0983892
2026-07-03 01:00:00+00:00,0.1022329
2026-07-03 02:00:00+00:00,0.10050739999999998
2026-07-03 03:00:00+00:00,0.10331579999999999
2026-07-03 04:00:00+00:00,0.11839309999999999
2026-07-03 05:00:00+00:00,0.12431929999999998
2026-07-03 06:00:00+00:00,0.0750057
2026-07-03 07:00:00+00:00,0.0113883
2026-07-03 08:00:00+00:00,-0.000119
2026-07-03 09:00:00+00:00,-0.0012614
2026-07-03 10:00:00+00:00,-0.0022491
2026-07-03 11:00:00+00:00,-0.004165
2026-07-03 12:00:00+00:00,-0.0059381
2026-07-03 13:00:00+00:00,-0.004831399999999999
2026-07-03 14:00:00+00:00,-0.0031058999999999995
2026-07-03 15:00:00+00:00,-5.95e-05
2026-07-03 16:00:00+00:00,0.042114099999999995
2026-07-03 17:00:00+00:00,0.1221535
2026-07-03 18:00:00+00:00,0.14808359999999998
2026-07-03 19:00:00+00:00,0.1547357
2026-07-03 20:00:00+00:00,0.1616139
2026-07-03 21:00:00+00:00,0.1478932
2026-07-03 22:00:00+00:00,0.14875
2026-07-03 23:00:00+00:00,0.1429071
2026-07-04 00:00:00+00:00,0.1385636
2026-07-04 01:00:00+00:00,0.13544579999999998
2026-07-04 02:00:00+00:00,0.1265446
2026-07-04 03:00:00+00:00,0.1186073
2026-07-04 04:00:00+00:00,0.1097775
2026-07-04 05:00:00+00:00,0.0864535
2026-07-04 06:00:00+00:00,0.0344267
2026-07-04 07:00:00+00:00,0.0011780999999999999
2026-07-04 08:00:00+00:00,-1.1900000000000001e-05
2026-07-04 09:00:00+00:00,-0.000952
2026-07-04 10:00:00+00:00,-0.0036889999999999996
2026-07-04 11:00:00+00:00,-0.0098175
2026-07-04 12:00:00+00:00,-0.0122689
2026-07-04 13:00:00+00:00,-0.0050812999999999995
2026-07-04 14:00:00+00:00,-0.0004046
2026-07-04 15:00:00+00:00,0.0051051000000000004
2026-07-04 16:00:00+00:00,0.06869869999999999
2026-07-04 17:00:00+00:00,0.12755609999999998
2026-07-04 18:00:00+00:00,0.1495116
2026-07-04 19:00:00+00:00,0.1559257
2026-07-04 20:00:00+00:00,0.1523557
2026-07-04 21:00:00+00:00,0.1411578
2026-07-04 22:00:00+00:00,0.1462153
2026-07-04 23:00:00+00:00,0.13794479999999998
2026-07-05 00:00:00+00:00,0.131495
2026-07-05 01:00:00+00:00,0.12608049999999998
2026-07-05 02:00:00+00:00,0.12067789999999999
2026-07-05 03:00:00+00:00,0.1155371
2026-07-05 04:00:00+00:00,0.10115
2026-07-05 05:00:00+00:00,0.0525504
2026-07-05 06:00:00+00:00,0.017612
2026-07-05 07:00:00+00:00,0.0016422
2026-07-05 08:00:00+00:00,-1.1900000000000001e-05
2026-07-05 09:00:00+00:00,-3.5699999999999994e-05
2026-07-05 10:00:00+00:00,-0.0001309
2026-07-05 11:00:00+00:00,-0.0007377999999999999
2026-07-05 12:00:00+00:00,-0.0013923
2026-07-05 13:00:00+00:00,-0.0012138000000000001
2026-07-05 14:00:00+00:00,-7.139999999999999e-05
2026-07-05 15:00:00+00:00,0.005831
2026-07-05 16:00:00+00:00,0.07615999999999999
2026-07-05 17:00:00+00:00,0.1279369
2026-07-05 18:00:00+00:00,0.153867
2026-07-05 19:00:00+00:00,0.16248259999999998
2026-07-05 20:00:00+00:00,0.16646909999999998
2026-07-05 21:00:00+00:00,0.152201
2026-07-05 22:00:00+00:00,0.1648864
2026-07-05 23:00:00+00:00,0.14820260000000002
2026-07-06 00:00:00+00:00,0.1425144
2026-07-06 01:00:00+00:00,0.1375045
2026-07-06 02:00:00+00:00,0.1379567
2026-07-06 03:00:00+00:00,0.1438234
2026-07-06 04:00:00+00:00,0.1618757
2026-07-06 05:00:00+00:00,0.16607639999999999
2026-07-06 06:00:00+00:00,0.1593053
2026-07-06 07:00:00+00:00,0.1316378
2026-07-06 08:00:00+00:00,0.10743319999999999
2026-07-06 09:00:00+00:00,0.08576329999999999
2026-07-06 10:00:00+00:00,0.0511938
2026-07-06 11:00:00+00:00,0.0243355
2026-07-06 12:00:00+00:00,0.011673900000000001
2026-07-06 13:00:00+00:00,0.0059499999999999996
2026-07-06 14:00:00+00:00,0.0244069
2026-07-06 15:00:00+00:00,0.0792302
2026-07-06 16:00:00+00:00,0.11821459999999999
2026-07-06 17:00:00+00:00,0.1402653
2026-07-06 18:00:00+00:00,0.1646127
2026-07-06 19:00:00+00:00,0.179928
2026-07-06 20:00:00+00:00,0.17512039999999998
2026-07-06 21:00:00+00:00,0.16065000000000002
2026-07-06 22:00:00+00:00,0.1439662
2026-07-06 23:00:00+00:00,0.13643349999999999
2026-07-07 00:00:00+00:00,0.1285081
2026-07-07 01:00:00+00:00,0.12019
2026-07-07 02:00:00+00:00,0.11707219999999999
2026-07-07 03:00:00+00:00,0.1218679
2026-07-07 04:00:00+00:00,0.137564
2026-07-07 05:00:00+00:00,0.1411816
2026-07-07 06:00:00+00:00,0.1367191
2026-07-07 07:00:00+00:00,0.11263350000000001
2026-07-07 08:00:00+00:00,0.051634099999999995
2026-07-07 09:00:00+00:00,0.005854799999999999
2026-07-07 10:00:00+00:00,-0.0009877
2026-07-07 11:00:00+00:00,-0.0032249
2026-07-07 12:00:00+00:00,-0.0033795999999999995
2026-07-07 13:00:00+00:00,-0.0017731
2026-07-07 14:00:00+00:00,-0.0006188000000000001
2026-07-07 15:00:00+00:00,0.008353799999999998
2026-07-07 16:00:00+00:00,0.0722449
2026-07-07 17:00:00+00:00,0.1025542
2026-07-07 18:00:00+00:00,0.1284843
2026-07-07 19:00:00+00:00,0.140896
2026-07-07 20:00:00+00:00,0.1437044
2026-07-07 21:00:00+00:00,0.1393252
2026-07-07 22:00:00+00:00,0.1367548
2026-07-07 23:00:00+00:00,0.1378615
2026-07-08 00:00:00+00:00,0.13299439999999998
2026-07-08 01:00:00+00:00,0.12872229999999998
2026-07-08 02:00:00+00:00,0.1351602
2026-07-08 03:00:00+00:00,0.1424549
2026-07-08 04:00:00+00:00,0.1555925
2026-07-08 05:00:00+00:00,0.1569729
2026-07-08 06:00:00+00:00,0.14969010000000002
2026-07-08 07:00:00+00:00,0.11949979999999999
2026-07-08 08:00:00+00:00,0.0947002
2026-07-08 09:00:00+00:00,0.0845852
2026-07-08 10:00:00+00:00,0.058321899999999996
2026-07-08 11:00:00+00:00,0.0205275
2026-07-08 12:00:00+00:00,0.009401
2026-07-08 13:00:00+00:00,0.011650099999999998
2026-07-08 14:00:00+00:00,0.041673800000000004
2026-07-08 15:00:00+00:00,0.0919989
2026-07-08 16:00:00+00:00,0.1242717
2026-07-08 17:00:00+00:00,0.1607095
2026-07-08 18:00:00+00:00,0.17951149999999996
2026-07-08 19:00:00+00:00,0.1911378
2026-07-08 20:00:00+00:00,0.18944799999999998
2026-07-08 21:00:00+00:00,0.1726095
2026-07-08 22:00:00+00:00,0.1669927
2026-07-08 23:00:00+00:00,0.1585199
2026-07-09 00:00:00+00:00,0.15151079999999997
2026-07-09 01:00:00+00:00,0.14857149999999997
2026-07-09 02:00:00+00:00,0.14927359999999998
2026-07-09 03:00:00+00:00,0.15941239999999998
2026-07-09 04:00:00+00:00,0.1774885
2026-07-09 05:00:00+00:00,0.17571539999999997
2026-07-09 06:00:00+00:00,0.164577
2026-07-09 07:00:00+00:00,0.1404557
2026-07-09 08:00:00+00:00,0.11855969999999999
2026-07-09 09:00:00+00:00,0.1033277
2026-07-09 10:00:00+00:00,0.07936109999999999
2026-07-09 11:00:00+00:00,0.0519197
2026-07-09 12:00:00+00:00,0.04523189999999999
2026-07-09 13:00:00+00:00,0.0607376
2026-07-09 14:00:00+00:00,0.0964019
2026-07-09 15:00:00+00:00,0.12900789999999998
2026-07-09 16:00:00+00:00,0.1551879
2026-07-09 17:00:00+00:00,0.198135
2026-07-09 18:00:00+00:00,0.250733
2026-07-09 19:00:00+00:00,0.2538389
2026-07-09 20:00:00+00:00,0.2189243
2026-07-09 21:00:00+00:00,0.1936725
2026-07-09 22:00:00+00:00,0.1827364
2026-07-09 23:00:00+00:00,0.1706817
2026-07-10 00:00:00+00:00,0.16624299999999997
2026-07-10 01:00:00+00:00,0.1641367
2026-07-10 02:00:00+00:00,0.1645413
2026-07-10 03:00:00+00:00,0.16951549999999999
2026-07-10 04:00:00+00:00,0.17985659999999998
2026-07-10 05:00:00+00:00,0.17575109999999997
2026-07-10 06:00:00+00:00,0.16053099999999998
2026-07-10 07:00:00+00:00,0.1451562
2026-07-10 08:00:00+00:00,0.118881
2026-07-10 09:00:00+00:00,0.0931889
2026-07-10 10:00:00+00:00,0.0676039
2026-07-10 11:00:00+00:00,0.044458399999999995
2026-07-10 12:00:00+00:00,0.048730499999999996
2026-07-10 13:00:00+00:00,0.073899
2026-07-10 14:00:00+00:00,0.1052079
2026-07-10 15:00:00+00:00,0.13544579999999998
2026-07-10 16:00:00+00:00,0.1528436
2026-07-10 17:00:00+00:00,0.1963738
2026-07-10 18:00:00+00:00,0.22214920000000002
2026-07-10 19:00:00+00:00,0.2104991
2026-07-10 20:00:00+00:00,0.19992000000000001
2026-07-10 21:00:00+00:00,0.1838074
2026-07-10 22:00:00+00:00,0.17909499999999998
2026-07-10 23:00:00+00:00,0.1713005
2026-07-11 00:00:00+00:00,0.1679209
2026-07-11 01:00:00+00:00,0.16739729999999997
2026-07-11 02:00:00+00:00,0.1671474
2026-07-11 03:00:00+00:00,0.1652434
2026-07-11 04:00:00+00:00,0.16224460000000002
2026-07-11 05:00:00+00:00,0.1478932
2026-07-11 06:00:00+00:00,0.13726649999999999
2026-07-11 07:00:00+00:00,0.0878934
2026-07-11 08:00:00+00:00,0.0191471
2026-07-11 09:00:00+00:00,0.0003927
2026-07-11 10:00:00+00:00,-1.1900000000000001e-05
2026-07-11 11:00:00+00:00,-0.000833
2026-07-11 12:00:00+00:00,-0.0011661999999999998
2026-07-11 13:00:00+00:00,-0.0005949999999999999
2026-07-11 14:00:00+00:00,0.0073422999999999995
2026-07-11 15:00:00+00:00,0.088893
2026-07-11 16:00:00+00:00,0.1432165
2026-07-11 17:00:00+00:00,0.16778999999999997
2026-07-11 18:00:00+00:00,0.18066579999999996
2026-07-11 19:00:00+00:00,0.18609219999999999
2026-07-11 20:00:00+00:00,0.18431909999999999
2026-07-11 21:00:00+00:00,0.1732402
2026-07-11 22:00:00+00:00,0.1635536
2026-07-11 23:00:00+00:00,0.15694909999999998
2026-07-12 00:00:00+00:00,0.1494283
2026-07-12 01:00:00+00:00,0.14886899999999997
2026-07-12 02:00:00+00:00,0.14622719999999997
2026-07-12 03:00:00+00:00,0.1427048
2026-07-12 04:00:00+00:00,0.1328159
2026-07-12 05:00:00+00:00,0.1187382
2026-07-12 06:00:00+00:00,0.0739228
2026-07-12 07:00:00+00:00,0.0064141
2026-07-12 08:00:00+00:00,-5.95e-05
2026-07-12 09:00:00+00:00,-0.0025823
2026-07-12 10:00:00+00:00,-0.008520400000000001
2026-07-12 11:00:00+00:00,-0.0127449
2026-07-12 12:00:00+00:00,-0.0119714
2026-07-12 13:00:00+00:00,-0.0070329
2026-07-12 14:00:00+00:00,-0.0032011
2026-07-12 15:00:00+00:00,0.0090797
2026-07-12 16:00:00+00:00,0.11118170000000001
2026-07-12 17:00:00+00:00,0.15685390000000002
2026-07-12 18:00:00+00:00,0.167671
2026-07-12 19:00:00+00:00,0.1719431
2026-07-12 20:00:00+00:00,0.1724667
2026-07-12 21:00:00+00:00,0.1657908
2026-07-12 22:00:00+00:00,0.15437869999999998
2026-07-12 23:00:00+00:00,0.1482859
2026-07-13 00:00:00+00:00,0.1434783
2026-07-13 01:00:00+00:00,0.1445612
2026-07-13 02:00:00+00:00,0.1470126
2026-07-13 03:00:00+00:00,0.1597456
2026-07-13 04:00:00+00:00,0.17830959999999998
2026-07-13 05:00:00+00:00,0.18972170000000002
2026-07-13 06:00:00+00:00,0.1653981
2026-07-13 07:00:00+00:00,0.14590589999999998
2026-07-13 08:00:00+00:00,0.11902379999999999
2026-07-13 09:00:00+00:00,0.0882028
2026-07-13 10:00:00+00:00,0.060237799999999994
2026-07-13 11:00:00+00:00,0.039151
2026-07-13 12:00:00+00:00,0.045862599999999996
2026-07-13 13:00:00+00:00,0.07613619999999999
2026-07-13 14:00:00+00:00,0.1082305
2026-07-13 15:00:00+00:00,0.1446207
2026-07-13 16:00:00+00:00,0.1666
2026-07-13 17:00:00+00:00,0.19749239999999998
2026-07-13 18:00:00+00:00,0.21777
2026-07-13 19:00:00+00:00,0.200872
2026-07-13 20:00:00+00:00,0.18929329999999997
2026-07-13 21:00:00+00:00,0.1714433
2026-07-13 22:00:00+00:00,0.16617159999999997
2026-07-13 23:00:00+00:00,0.15932909999999997
2026-07-14 00:00:00+00:00,0.15154649999999997
2026-07-14 01:00:00+00:00,0.1513918
2026-07-14 02:00:00+00:00,0.1519035
2026-07-14 03:00:00+00:00,0.1606738
2026-07-14 04:00:00+00:00,0.1735139
2026-07-14 05:00:00+00:00,0.1812013
2026-07-14 06:00:00+00:00,0.1614473
2026-07-14 07:00:00+00:00,0.1450491
2026-07-14 08:00:00+00:00,0.1279012
2026-07-14 09:00:00+00:00,0.10911109999999999
2026-07-14 10:00:00+00:00,0.0762076
2026-07-14 11:00:00+00:00,0.0616777
2026-07-14 12:00:00+00:00,0.06869869999999999
2026-07-14 13:00:00+00:00,0.0833
2026-07-14 14:00:00+00:00,0.1109794
2026-07-14 15:00:00+00:00,0.1397536
2026-07-14 16:00:00+00:00,0.164577
2026-07-14 17:00:00+00:00,0.18922189999999997
2026-07-14 18:00:00+00:00,0.2171512
2026-07-14 19:00:00+00:00,0.2086308
2026-07-14 20:00:00+00:00,0.2008363
2026-07-14 21:00:00+00:00,0.18030880000000002
2026-07-14 22:00:00+00:00,0.1826888
2026-07-14 23:00:00+00:00,0.17189549999999998
2026-07-15 00:00:00+00:00,0.16545759999999998
2026-07-15 01:00:00+00:00,0.1625778
2026-07-15 02:00:00+00:00,0.1676353
2026-07-15 03:00:00+00:00,0.1788332
2026-07-15 04:00:00+00:00,0.19836109999999998
2026-07-15 05:00:00+00:00,0.1973972
2026-07-15 06:00:00+00:00,0.18555670000000002
2026-07-15 07:00:00+00:00,0.160769
2026-07-15 08:00:00+00:00,0.1325898
2026-07-15 09:00:00+00:00,0.1145375
2026-07-15 10:00:00+00:00,0.0884765
2026-07-15 11:00:00+00:00,0.075684
2026-07-15 12:00:00+00:00,0.0748748
2026-07-15 13:00:00+00:00,0.08696519999999999
2026-07-15 14:00:00+00:00,0.11560849999999999
2026-07-15 15:00:00+00:00,0.14063420000000001
2026-07-15 16:00:00+00:00,0.1732164
2026-07-15 17:00:00+00:00,0.20930909999999997
2026-07-15 18:00:00+00:00,0.24511619999999998
2026-07-15 19:00:00+00:00,0.2399635
2026-07-15 20:00:00+00:00,0.2241722
2026-07-15 21:00:00+00:00,0.20398979999999997
2026-07-15 22:00:00+00:00,0.1975757
2026-07-15 23:00:00+00:00,0.18944799999999998
2026-07-16 00:00:00+00:00,0.18196289999999998
2026-07-16 01:00:00+00:00,0.1772862
2026-07-16 02:00:00+00:00,0.1811061
2026-07-16 03:00:00+00:00,0.19034049999999997
2026-07-16 04:00:00+00:00,0.20878549999999998
2026-07-16 05:00:00+00:00,0.2055844
2026-07-16 06:00:00+00:00,0.1886269
2026-07-16 07:00:00+00:00,0.16319659999999997
2026-07-16 08:00:00+00:00,0.1407889
2026-07-16 09:00:00+00:00,0.12760370000000001
2026-07-16 10:00:00+00:00,0.11268109999999999
2026-07-16 11:00:00+00:00,0.1041012
2026-07-16 12:00:00+00:00,0.11478739999999998
2026-07-16 13:00:00+00:00,0.13042399999999998
2026-07-16 14:00:00+00:00,0.1423716
2026-07-16 15:00:00+00:00,0.1665286
2026-07-16 16:00:00+00:00,0.21146299999999998
2026-07-16 17:00:00+00:00,0.28690899999999997
2026-07-16 18:00:00+00:00,0.3709111
2026-07-16 19:00:00+00:00,0.312494
2026-07-16 20:00:00+00:00,0.2461396
2026-07-16 21:00:00+00:00,0.21456889999999998
2026-07-16 22:00:00+00:00,0.2029783
2026-07-16 23:00:00+00:00,0.19212549999999998
2026-07-17 00:00:00+00:00,0.18085619999999997
2026-07-17 01:00:00+00:00,0.17128859999999999
2026-07-17 02:00:00+00:00,0.17005099999999998
2026-07-17 03:00:00+00:00,0.1826531
2026-07-17 04:00:00+00:00,0.19648089999999999
2026-07-17 05:00:00+00:00,0.19724250000000002
2026-07-17 06:00:00+00:00,0.1869609
2026-07-17 07:00:00+00:00,0.16114979999999998
2026-07-17 08:00:00+00:00,0.1516655
2026-07-17 09:00:00+00:00,0.1353982
2026-07-17 10:00:00+00:00,0.12362909999999999
2026-07-17 11:00:00+00:00,0.116858
2026-07-17 12:00:00+00:00,0.1171317
2026-07-17 13:00:00+00:00,0.1261162
2026-07-17 14:00:00+00:00,0.136493
2026-07-17 15:00:00+00:00,0.15164170000000002
2026-07-17 16:00:00+00:00,0.1637202
2026-07-17 17:00:00+00:00,0.1797257
2026-07-17 18:00:00+00:00,0.18929329999999997
2026-07-17 19:00:00+00:00,0.1985634
2026-07-17 20:00:00+00:00,0.19596919999999998
2026-07-17 21:00:00+00:00,0.18837700000000002
2026-07-17 22:00:00+00:00,0.18587799999999996
2026-07-17 23:00:00+00:00,0.1730022
2026-07-18 00:00:00+00:00,0.16897999999999996
2026-07-18 01:00:00+00:00,0.16100699999999998
2026-07-18 02:00:00+00:00,0.1604239
2026-07-18 03:00:00+00:00,0.1573656
2026-07-18 04:00:00+00:00,0.1505469
2026-07-18 05:00:00+00:00,0.141967
2026-07-18 06:00:00+00:00,0.1160726
2026-07-18 07:00:00+00:00,0.05346669999999999
2026-07-18 08:00:00+00:00,0.011864300000000001
2026-07-18 09:00:00+00:00,-1.1900000000000001e-05
2026-07-18 10:00:00+00:00,-0.00015470000000000002
2026-07-18 11:00:00+00:00,-0.0013923
2026-07-18 12:00:00+00:00,-0.0023680999999999997
2026-07-18 13:00:00+00:00,-0.0035105
2026-07-18 14:00:00+00:00,-0.0020944
2026-07-18 15:00:00+00:00,0.0005116999999999999
2026-07-18 16:00:00+00:00,0.0665448
2026-07-18 17:00:00+00:00,0.131138
2026-07-18 18:00:00+00:00,0.15728229999999996
2026-07-18 19:00:00+00:00,0.1736805
2026-07-18 20:00:00+00:00,0.18142740000000002
2026-07-18 21:00:00+00:00,0.17345439999999998
2026-07-18 22:00:00+00:00,0.16505299999999998
2026-07-18 23:00:00+00:00,0.1555806
2026-07-19 00:00:00+00:00,0.145061
2026-07-19 01:00:00+00:00,0.141491
2026-07-19 02:00:00+00:00,0.1371832
2026-07-19 03:00:00+00:00,0.1302098
2026-07-19 04:00:00+00:00,0.12120149999999999
2026-07-19 05:00:00+00:00,0.1052674
2026-07-19 06:00:00+00:00,0.051360399999999994
2026-07-19 07:00:00+00:00,0.0049623
2026-07-19 08:00:00+00:00,2.3800000000000003e-05
2026-07-19 09:00:00+00:00,-5.95e-05
2026-07-19 10:00:00+00:00,-0.0008805999999999999
2026-07-19 11:00:00+00:00,-0.0031892
2026-07-19 12:00:00+00:00,-0.0059499999999999996
2026-07-19 13:00:00+00:00,-0.0059023999999999995
2026-07-19 14:00:00+00:00,-0.0029035999999999997
2026-07-19 15:00:00+00:00,-0.000476
2026-07-19 16:00:00+00:00,0.0569296
2026-07-19 17:00:00+00:00,0.1394204
2026-07-19 18:00:00+00:00,0.17150279999999998
2026-07-19 19:00:00+00:00,0.1781192
2026-07-19 20:00:00+00:00,0.1780954
2026-07-19 21:00:00+00:00,0.164458
2026-07-19 22:00:00+00:00,0.1754655
2026-07-19 23:00:00+00:00,0.16479119999999997
2026-07-20 00:00:00+00:00,0.1533434
2026-07-20 01:00:00+00:00,0.14700069999999998
2026-07-20 02:00:00+00:00,0.1562113
2026-07-20 03:00:00+00:00,0.16516009999999998
2026-07-20 04:00:00+00:00,0.1776789
2026-07-20 05:00:00+00:00,0.17913069999999998
2026-07-20 06:00:00+00:00,0.15589
2026-07-20 07:00:00+00:00,0.11033679999999998
2026-07-20 08:00:00+00:00,0.0717213
2026-07-20 09:00:00+00:00,0.018790099999999997
2026-07-20 10:00:00+00:00,0.0091154
2026-07-20 11:00:00+00:00,2.3800000000000003e-05
2026-07-20 12:00:00+00:00,1.1900000000000001e-05
2026-07-20 13:00:00+00:00,0.0011423999999999998
2026-07-20 14:00:00+00:00,0.0179809
2026-07-20 15:00:00+00:00,0.0889644
2026-07-20 16:00:00+00:00,0.1409079
2026-07-20 17:00:00+00:00,0.18892439999999996
2026-07-20 18:00:00+00:00,0.2121175
2026-07-20 19:00:00+00:00,0.2138787
2026-07-20 20:00:00+00:00,0.2080358
2026-07-20 21:00:00+00:00,0.1897693
2026-07-20 22:00:00+00:00,0.1770482
2026-07-20 23:00:00+00:00,0.1779288
2026-07-21 00:00:00+00:00,0.17063409999999998
2026-07-21 01:00:00+00:00,0.1652553
2026-07-21 02:00:00+00:00,0.1657075
2026-07-21 03:00:00+00:00,0.17244289999999998
2026-07-21 04:00:00+00:00,0.1876035
2026-07-21 05:00:00+00:00,0.1837717
2026-07-21 06:00:00+00:00,0.1730022
2026-07-21 07:00:00+00:00,0.13679049999999998
2026-07-21 08:00:00+00:00,0.0995911
2026-07-21 09:00:00+00:00,0.051931599999999994
2026-07-21 10:00:00+00:00,0.0083895
2026-07-21 11:00:00+00:00,0.0012019
2026-07-21 12:00:00+00:00,0.0011899999999999999
2026-07-21 13:00:00+00:00,0.0162673
2026-07-21 14:00:00+00:00,0.07405369999999999
2026-07-21 15:00:00+00:00,0.1220583
2026-07-21 16:00:00+00:00,0.16109030000000002
2026-07-21 17:00:00+00:00,0.1827959
2026-07-21 18:00:00+00:00,0.20467999999999997
2026-07-21 19:00:00+00:00,0.20772639999999998
2026-07-21 20:00:00+00:00,0.2003008
2026-07-21 21:00:00+00:00,0.18467609999999998
2026-07-21 22:00:00+00:00,0.1811061
2026-07-21 23:00:00+00:00,0.17646509999999999
2026-07-22 00:00:00+00:00,0.17044369999999998
2026-07-22 01:00:00+00:00,0.1605429
2026-07-22 02:00:00+00:00,0.15549729999999998
2026-07-22 03:00:00+00:00,0.1617924
2026-07-22 04:00:00+00:00,0.17779789999999998
2026-07-22 05:00:00+00:00,0.1729665
2026-07-22 06:00:00+00:00,0.15705619999999998
2026-07-22 07:00:00+00:00,0.10821859999999998
2026-07-22 08:00:00+00:00,0.0787185
2026-07-22 09:00:00+00:00,0.0368186
2026-07-22 10:00:00+00:00,0.0123641
2026-07-22 11:00:00+00:00,0.0015351000000000002
2026-07-22 12:00:00+00:00,4.7600000000000005e-05
2026-07-22 13:00:00+00:00,0.0005949999999999999
2026-07-22 14:00:00+00:00,0.010888499999999999
2026-07-22 15:00:00+00:00,0.0752199
2026-07-22 16:00:00+00:00,0.12863899999999998
2026-07-22 17:00:00+00:00,0.1640177
2026-07-22 18:00:00+00:00,0.18684189999999998
2026-07-22 19:00:00+00:00,0.19249439999999998
2026-07-22 20:00:00+00:00,0.1875559
2026-07-22 21:00:00+00:00,0.17081259999999998
2026-07-22 22:00:00+00:00,0.1698844
2026-07-22 23:00:00+00:00,0.1634465
2026-07-23 00:00:00+00:00,0.15905539999999999
2026-07-23 01:00:00+00:00,0.1582343
2026-07-23 02:00:00+00:00,0.16212559999999998
2026-07-23 03:00:00+00:00,0.1702295
2026-07-23 04:00:00+00:00,0.18942420000000001
2026-07-23 05:00:00+00:00,0.19976529999999998
2026-07-23 06:00:00+00:00,0.19034049999999997
2026-07-23 07:00:00+00:00,0.1598527
2026-07-23 08:00:00+00:00,0.1213562
2026-07-23 09:00:00+00:00,0.09465259999999999
2026-07-23 10:00:00+00:00,0.0369971
2026-07-23 11:00:00+00:00,0.005117
2026-07-23 12:00:00+00:00,0.0
2026-07-23 13:00:00+00:00,3.5699999999999994e-05
2026-07-23 14:00:00+00:00,0.02618
2026-07-23 15:00:00+00:00,0.11508489999999999
2026-07-23 16:00:00+00:00,0.1697416
2026-07-23 17:00:00+00:00,0.197659
2026-07-23 18:00:00+00:00,0.2201738
2026-07-23 19:00:00+00:00,0.2261
2026-07-23 20:00:00+00:00,0.22198259999999997
2026-07-23 21:00:00+00:00,0.20279979999999997
2026-07-23 22:00:00+00:00,0.19159
2026-07-23 23:00:00+00:00,0.18699659999999996
2026-07-24 00:00:00+00:00,0.1806539
2026-07-24 01:00:00+00:00,0.1824627
2026-07-24 02:00:00+00:00,0.1852354
2026-07-24 03:00:00+00:00,0.19179229999999997
2026-07-24 04:00:00+00:00,0.2053226
2026-07-24 05:00:00+00:00,0.19919409999999996
2026-07-24 06:00:00+00:00,0.19039999999999999
2026-07-24 07:00:00+00:00,0.157794
2026-07-24 08:00:00+00:00,0.12176079999999999
2026-07-24 09:00:00+00:00,0.09003539999999999
2026-07-24 10:00:00+00:00,0.0532406
2026-07-24 11:00:00+00:00,0.025025699999999998
2026-07-24 12:00:00+00:00,0.0077231
2026-07-24 13:00:00+00:00,0.0170051
2026-07-24 14:00:00+00:00,0.0820743
2026-07-24 15:00:00+00:00,0.1356838
2026-07-24 16:00:00+00:00,0.18405729999999995
2026-07-24 17:00:00+00:00,0.2143666
2026-07-24 18:00:00+00:00,0.23804759999999997
2026-07-24 19:00:00+00:00,0.24177229999999997
2026-07-24 20:00:00+00:00,0.23147879999999998
2026-07-24 21:00:00+00:00,0.2143428
2026-07-24 22:00:00+00:00,0.19889659999999998
2026-07-24 23:00:00+00:00,0.19231589999999998
2026-07-25 00:00:00+00:00,0.19091170000000002
2026-07-25 01:00:00+00:00,0.1902215
2026-07-25 02:00:00+00:00,0.18089189999999997
2026-07-25 03:00:00+00:00,0.17403749999999998
2026-07-25 04:00:00+00:00,0.1611022
2026-07-25 05:00:00+00:00,0.13721889999999998
2026-07-25 06:00:00+00:00,0.09937689999999999
2026-07-25 07:00:00+00:00,0.013292299999999998
2026-07-25 08:00:00+00:00,-0.00014279999999999997
2026-07-25 09:00:00+00:00,-0.0031058999999999995
2026-07-25 10:00:00+00:00,-0.0070924
2026-07-25 11:00:00+00:00,-0.011840499999999999
2026-07-25 12:00:00+00:00,-0.014613199999999998
2026-07-25 13:00:00+00:00,-0.0039865
2026-07-25 14:00:00+00:00,-0.00038080000000000004
2026-07-25 15:00:00+00:00,0.013387499999999998
2026-07-25 16:00:00+00:00,0.113288
2026-07-25 17:00:00+00:00,0.18732979999999996
2026-07-25 18:00:00+00:00,0.20266889999999999
2026-07-25 19:00:00+00:00,0.2012052
2026-07-25 20:00:00+00:00,0.1969212
2026-07-25 21:00:00+00:00,0.19039999999999999
2026-07-25 22:00:00+00:00,0.18210569999999998
2026-07-25 23:00:00+00:00,0.1742874
2026-07-26 00:00:00+00:00,0.1761557
2026-07-26 01:00:00+00:00,0.1827721
2026-07-26 02:00:00+00:00,0.17502520000000002
2026-07-26 03:00:00+00:00,0.1642081
2026-07-26 04:00:00+00:00,0.1485834
2026-07-26 05:00:00+00:00,0.1311142
2026-07-26 06:00:00+00:00,0.1115744
2026-07-26 07:00:00+00:00,0.06566419999999999
2026-07-26 08:00:00+00:00,0.0084966
2026-07-26 09:00:00+00:00,-1.1900000000000001e-05
2026-07-26 10:00:00+00:00,-9.520000000000001e-05
2026-07-26 11:00:00+00:00,-0.0003213
2026-07-26 12:00:00+00:00,-0.0007973
2026-07-26 13:00:00+00:00,-0.0010233999999999998
2026-07-26 14:00:00+00:00,0.0010233999999999998
2026-07-26 15:00:00+00:00,0.06166579999999999
2026-07-26 16:00:00+00:00,0.1300075
2026-07-26 17:00:00+00:00,0.1657551
2026-07-26 18:00:00+00:00,0.1804992
2026-07-26 19:00:00+00:00,0.1796186
2026-07-26 20:00:00+00:00,0.17611999999999997
2026-07-26 21:00:00+00:00,0.162792
2026-07-26 22:00:00+00:00,0.1023876
2026-07-26 23:00:00+00:00,0.08408539999999999
2026-07-27 00:00:00+00:00,0.073423
2026-07-27 01:00:00+00:00,0.0745416
2026-07-27 02:00:00+00:00,0.08470420000000001
2026-07-27 03:00:00+00:00,0.10831379999999999
2026-07-27 04:00:00+00:00,0.1398964
2026-07-27 05:00:00+00:00,0.15348619999999996
2026-07-27 06:00:00+00:00,0.1415862
2026-07-27 07:00:00+00:00,0.08917859999999998
2026-07-27 08:00:00+00:00,0.028310099999999998
2026-07-27 09:00:00+00:00,0.0011661999999999998
2026-07-27 10:00:00+00:00,-1.1900000000000001e-05
2026-07-27 11:00:00+00:00,-0.00017849999999999997
2026-07-27 12:00:00+00:00,-0.0008448999999999999
2026-07-27 13:00:00+00:00,-9.520000000000001e-05
2026-07-27 14:00:00+00:00,-1.1900000000000001e-05
2026-07-27 15:00:00+00:00,0.017136
2026-07-27 16:00:00+00:00,0.11577509999999999
2026-07-27 17:00:00+00:00,0.17746469999999998
2026-07-27 18:00:00+00:00,0.20672679999999996
2026-07-27 19:00:00+00:00,0.21300999999999998
2026-07-27 20:00:00+00:00,0.2036209
2026-07-27 21:00:00+00:00,0.1880081
2026-07-27 22:00:00+00:00,0.19159
2026-07-27 23:00:00+00:00,0.17648889999999998
2026-07-28 00:00:00+00:00,0.16818270000000002
2026-07-28 01:00:00+00:00,0.16168529999999998
2026-07-28 02:00:00+00:00,0.1665286
2026-07-28 03:00:00+00:00,0.1781906
2026-07-28 04:00:00+00:00,0.1993964
2026-07-28 05:00:00+00:00,0.1931132
2026-07-28 06:00:00+00:00,0.1715504
2026-07-28 07:00:00+00:00,0.12973379999999998
2026-07-28 08:00:00+00:00,0.043756300000000005
2026-07-28 09:00:00+00:00,0.004081700000000001
2026-07-28 10:00:00+00:00,-1.1900000000000001e-05
2026-07-28 11:00:00+00:00,-0.00010709999999999999
2026-07-28 12:00:00+00:00,-3.5699999999999994e-05
2026-07-28 13:00:00+00:00,0.004045999999999999
2026-07-28 14:00:00+00:00,0.0532406
2026-07-28 15:00:00+00:00,0.1280797
2026-07-28 16:00:00+00:00,0.1867943
2026-07-28 17:00:00+00:00,0.2366434
2026-07-28 18:00:00+00:00,0.25794439999999996
2026-07-28 19:00:00+00:00,0.2498167
2026-07-28 20:00:00+00:00,0.23081240000000003
2026-07-28 21:00:00+00:00,0.2049894
2026-07-28 22:00:00+00:00,0.18654439999999997
2026-07-28 23:00:00+00:00,0.1766555
2026-07-29 00:00:00+00:00,0.16327989999999998
2026-07-29 01:00:00+00:00,0.16065000000000002
2026-07-29 02:00:00+00:00,0.1669927
2026-07-29 03:00:00+00:00,0.1767269
2026-07-29 04:00:00+00:00,0.20059829999999998
2026-07-29 05:00:00+00:00,0.191709
2026-07-29 06:00:00+00:00,0.1739423
2026-07-29 07:00:00+00:00,0.1453109
2026-07-29 08:00:00+00:00,0.1014951
2026-07-29 09:00:00+00:00,0.0345576
2026-07-29 10:00:00+00:00,0.0014755999999999999
2026-07-29 11:00:00+00:00,-4.7600000000000005e-05
2026-07-29 12:00:00+00:00,-2.3800000000000003e-05
2026-07-29 13:00:00+00:00,0.0087822
2026-07-29 14:00:00+00:00,0.09085649999999999
2026-07-29 15:00:00+00:00,0.1491546
2026-07-29 16:00:00+00:00,0.1931608
2026-07-29 17:00:00+00:00,0.290836
2026-07-29 18:00:00+00:00,0.31374349999999995
2026-07-29 19:00:00+00:00,0.2674049
2026-07-29 20:00:00+00:00,0.2295867
2026-07-29 21:00:00+00:00,0.1990989
2026-07-29 22:00:00+00:00,0.1782144
2026-07-29 23:00:00+00:00,0.1694441
2026-07-30 00:00:00+00:00,0.1666
2026-07-30 01:00:00+00:00,0.1612807
2026-07-30 02:00:00+00:00,0.1579368
2026-07-30 03:00:00+00:00,0.1637559
2026-07-30 04:00:00+00:00,0.1766674
2026-07-30 05:00:00+00:00,0.1758225
2026-07-30 06:00:00+00:00,0.1654695
2026-07-30 07:00:00+00:00,0.1405628
2026-07-30 08:00:00+00:00,0.10115
2026-07-30 09:00:00+00:00,0.041173999999999995
2026-07-30 10:00:00+00:00,0.007556499999999999
2026-07-30 11:00:00+00:00,0.0031773
2026-07-30 12:00:00+00:00,0.017754799999999998
2026-07-30 13:00:00+00:00,0.0742917
2026-07-30 14:00:00+00:00,0.1167985
2026-07-30 15:00:00+00:00,0.150892
2026-07-30 16:00:00+00:00,0.1776432
2026-07-30 17:00:00+00:00,0.2067863
2026-07-30 18:00:00+00:00,0.2359889
2026-07-30 19:00:00+00:00,0.2463657
2026-07-30 20:00:00+00:00,0.22645700000000002
2026-07-30 21:00:00+00:00,0.20328770000000002
2026-07-30 22:00:00+00:00,0.20016989999999998
2026-07-30 23:00:00+00:00,0.19391049999999999
2026-07-31 00:00:00+00:00,0.18464039999999998
2026-07-31 01:00:00+00:00,0.18346229999999997
2026-07-31 02:00:00+00:00,0.1872346
2026-07-31 03:00:00+00:00,0.1969569
2026-07-31 04:00:00+00:00,0.21311709999999998
2026-07-31 05:00:00+00:00,0.20531069999999998
2026-07-31 06:00:00+00:00,0.18930519999999998
2026-07-31 07:00:00+00:00,0.16587409999999997
2026-07-31 08:00:00+00:00,0.1423359
2026-07-31 09:00:00+00:00,0.1203923
2026-07-31 10:00:00+00:00,0.1120028
2026-07-31 11:00:00+00:00,0.0990913
2026-07-31 12:00:00+00:00,0.1026851
2026-07-31 13:00:00+00:00,0.12273659999999999
2026-07-31 14:00:00+00:00,0.1438353
2026-07-31 15:00:00+00:00,0.1755131
2026-07-31 16:00:00+00:00,0.1931489
2026-07-31 17:00:00+00:00,0.2200191
2026-07-31 18:00:00+00:00,0.22936060000000003
2026-07-31 19:00:00+00:00,0.23281159999999998
2026-07-31 20:00:00+00:00,0.22744469999999997
2026-07-31 21:00:00+00:00,0.20247849999999998
2026-07-31 22:00:00+00:00,0.2016336
2026-07-31 23:00:00+00:00,0.1935654
2026-08-01 00:00:00+00:00,0.18683
2026-08-01 01:00:00+00:00,0.18398590000000004
2026-08-01 02:00:00+00:00,0.1838788
2026-08-01 03:00:00+00:00,0.1850688
2026-08-01 04:00:00+00:00,0.18420009999999998
2026-08-01 05:00:00+00:00,0.17423979999999997
2026-08-01 06:00:00+00:00,0.1670879
2026-08-01 07:00:00+00:00,0.14669129999999997
2026-08-01 08:00:00+00:00,0.12009479999999999
2026-08-01 09:00:00+00:00,0.0680085
2026-08-01 10:00:00+00:00,0.0198968
2026-08-01 11:00:00+00:00,0.0004879
2026-08-01 12:00:00+00:00,0.0
2026-08-01 13:00:00+00:00,0.0036652
2026-08-01 14:00:00+00:00,0.0541688
2026-08-01 15:00:00+00:00,0.1280083
2026-08-01 16:00:00+00:00,0.17271659999999997
2026-08-01 17:00:00+00:00,0.20056259999999998
2026-08-01 18:00:00+00:00,0.2153424
2026-08-01 19:00:00+00:00,0.2150092
2026-08-01 20:00:00+00:00,0.2124745
2026-08-01 21:00:00+00:00,0.2023
2026-08-01 22:00:00+00:00,0.2018597
2026-08-01 23:00:00+00:00,0.19030479999999997
2026-08-02 00:00:00+00:00,0.1866396
2026-08-02 01:00:00+00:00,0.1837836
2026-08-02 02:00:00+00:00,0.1827721
2026-08-02 03:00:00+00:00,0.18960269999999999
2026-08-02 04:00:00+00:00,0.180166
2026-08-02 05:00:00+00:00,0.16505299999999998
2026-08-02 06:00:00+00:00,0.1453942
2026-08-02 07:00:00+00:00,0.07460109999999999
2026-08-02 08:00:00+00:00,0.0037603999999999997
2026-08-02 09:00:00+00:00,-0.00030940000000000004
2026-08-02 10:00:00+00:00,-0.0015232000000000002
2026-08-02 11:00:00+00:00,-0.004438699999999999
2026-08-02 12:00:00+00:00,-0.0021301000000000002
2026-08-02 13:00:00+00:00,-0.0014041999999999998
2026-08-02 14:00:00+00:00,0.0034747999999999997
2026-08-02 15:00:00+00:00,0.11353789999999998
2026-08-02 16:00:00+00:00,0.17631039999999998
2026-08-02 17:00:00+00:00,0.2104991
2026-08-02 18:00:00+00:00,0.22097109999999998
2026-08-02 19:00:00+00:00,0.21145109999999998
2026-08-02 20:00:00+00:00,0.1995987
2026-08-02 21:00:00+00:00,0.18186770000000002
2026-08-02 22:00:00+00:00,0.1663501
2026-08-02 23:00:00+00:00,0.1607809
2026-08-03 00:00:00+00:00,0.1570086
2026-08-03 01:00:00+00:00,0.15445009999999998
2026-08-03 02:00:00+00:00,0.15796059999999998
2026-08-03 03:00:00+00:00,0.171717
2026-08-03 04:00:00+00:00,0.20138369999999997
2026-08-03 05:00:00+00:00,0.19574309999999998
2026-08-03 06:00:00+00:00,0.1785
2026-08-03 07:00:00+00:00,0.1607928
2026-08-03 08:00:00+00:00,0.1318401
2026-08-03 09:00:00+00:00,0.0829192
2026-08-03 10:00:00+00:00,0.0309757
2026-08-03 11:00:00+00:00,0.0195041
2026-08-03 12:00:00+00:00,0.0268464
2026-08-03 13:00:00+00:00,0.0723639
2026-08-03 14:00:00+00:00,0.12234389999999999
2026-08-03 15:00:00+00:00,0.166362
2026-08-03 16:00:00+00:00,0.2011457
2026-08-03 17:00:00+00:00,0.2448663
2026-08-03 18:00:00+00:00,0.2388092
2026-08-03 19:00:00+00:00,0.2211139
2026-08-03 20:00:00+00:00,0.2075717
2026-08-03 21:00:00+00:00,0.18699659999999996
2026-08-03 22:00:00+00:00,0.18325999999999998
2026-08-03 23:00:00+00:00,0.17221679999999998
2026-08-04 00:00:00+00:00,0.16541
2026-08-04 01:00:00+00:00,0.1631609
2026-08-04 02:00:00+00:00,0.17037229999999998
2026-08-04 03:00:00+00:00,0.18677049999999998
2026-08-04 04:00:00+00:00,0.2034067
2026-08-04 05:00:00+00:00,0.20144320000000002
2026-08-04 06:00:00+00:00,0.1921731
2026-08-04 07:00:00+00:00,0.1743826
2026-08-04 08:00:00+00:00,0.14816690000000002
2026-08-04 09:00:00+00:00,0.1234506
2026-08-04 10:00:00+00:00,0.10389889999999999
2026-08-04 11:00:00+00:00,0.09099929999999999
2026-08-04 12:00:00+00:00,0.10003139999999999
2026-08-04 13:00:00+00:00,0.13025739999999997
2026-08-04 14:00:00+00:00,0.1516536
2026-08-04 15:00:00+00:00,0.18440240000000002
2026-08-04 16:00:00+00:00,0.2089045
2026-08-04 17:00:00+00:00,0.27132
2026-08-04 18:00:00+00:00,0.2856119
2026-08-04 19:00:00+00:00,0.2523395
2026-08-04 20:00:00+00:00,0.22030469999999996
2026-08-04 21:00:00+00:00,0.19405329999999998
2026-08-04 22:00:00+00:00,0.18467609999999998
2026-08-04 23:00:00+00:00,0.17772649999999998
2026-08-05 00:00:00+00:00,0.17617950000000002
2026-08-05 01:00:00+00:00,0.1716694
2026-08-05 02:00:00+00:00,0.1658265
2026-08-05 03:00:00+00:00,0.1716575
2026-08-05 04:00:00+00:00,0.18704420000000002
2026-08-05 05:00:00+00:00,0.1840811
2026-08-05 06:00:00+00:00,0.166362
2026-08-05 07:00:00+00:00,0.1333276
2026-08-05 08:00:00+00:00,0.0766955
2026-08-05 09:00:00+00:00,0.0099127
2026-08-05 10:00:00+00:00,-4.7600000000000005e-05
2026-08-05 11:00:00+00:00,-0.0006426
2026-08-05 12:00:00+00:00,-0.0001666
2026-08-05 13:00:00+00:00,-2.3800000000000003e-05
2026-08-05 14:00:00+00:00,0.0081277
2026-08-05 15:00:00+00:00,0.0860846
2026-08-05 16:00:00+00:00,0.1607452
2026-08-05 17:00:00+00:00,0.20694099999999999
2026-08-05 18:00:00+00:00,0.2230774
2026-08-05 19:00:00+00:00,0.2424506
2026-08-05 20:00:00+00:00,0.22706389999999999
2026-08-05 21:00:00+00:00,0.1976709
2026-08-05 22:00:00+00:00,0.19338689999999997
2026-08-05 23:00:00+00:00,0.18468799999999996
2026-08-06 00:00:00+00:00,0.17457299999999998
2026-08-06 01:00:00+00:00,0.1640177
2026-08-06 02:00:00+00:00,0.15953140000000002
2026-08-06 03:00:00+00:00,0.1615425
2026-08-06 04:00:00+00:00,0.18569950000000002
2026-08-06 05:00:00+00:00,0.17770270000000002
2026-08-06 06:00:00+00:00,0.1656718
2026-08-06 07:00:00+00:00,0.11372829999999998
2026-08-06 08:00:00+00:00,0.0298571
2026-08-06 09:00:00+00:00,0.00017849999999999997
2026-08-06 10:00:00+00:00,-0.00010709999999999999
2026-08-06 11:00:00+00:00,-0.0016184
2026-08-06 12:00:00+00:00,-0.0015351000000000002
2026-08-06 13:00:00+00:00,-0.0004046
2026-08-06 14:00:00+00:00,1.1900000000000001e-05
2026-08-06 15:00:00+00:00,0.04573169999999999
2026-08-06 16:00:00+00:00,0.1362312
2026-08-06 17:00:00+00:00,0.17038419999999999
2026-08-06 18:00:00+00:00,0.1936011
2026-08-06 19:00:00+00:00,0.19889659999999998
2026-08-06 20:00:00+00:00,0.2016574
2026-08-06 21:00:00+00:00,0.18855549999999996
2026-08-06 22:00:00+00:00,0.1726333
2026-08-06 23:00:00+00:00,0.1650054
2026-08-07 00:00:00+00:00,0.1560328
2026-08-07 01:00:00+00:00,0.1535933
2026-08-07 02:00:00+00:00,0.1565802
2026-08-07 03:00:00+00:00,0.16818270000000002
2026-08-07 04:00:00+00:00,0.18584229999999996
2026-08-07 05:00:00+00:00,0.18441429999999998
2026-08-07 06:00:00+00:00,0.1732402
2026-08-07 07:00:00+00:00,0.15008280000000002
2026-08-07 08:00:00+00:00,0.1215704
2026-08-07 09:00:00+00:00,0.07914689999999999
2026-08-07 10:00:00+00:00,0.033498499999999994
2026-08-07 11:00:00+00:00,0.0154938
2026-08-07 12:00:00+00:00,0.022288699999999998
2026-08-07 13:00:00+00:00,0.0527646
2026-08-07 14:00:00+00:00,0.1039346
2026-08-07 15:00:00+00:00,0.1412173
2026-08-07 16:00:00+00:00,0.1722049
2026-08-07 17:00:00+00:00,0.205394
2026-08-07 18:00:00+00:00,0.2321928
2026-08-07 19:00:00+00:00,0.23163350000000002
2026-08-07 20:00:00+00:00,0.21192709999999998
2026-08-07 21:00:00+00:00,0.197659
2026-08-07 22:00:00+00:00,0.1853306
2026-08-07 23:00:00+00:00,0.17731
2026-08-08 00:00:00+00:00,0.1728356
2026-08-08 01:00:00+00:00,0.1736448
2026-08-08 02:00:00+00:00,0.17120529999999998
2026-08-08 03:00:00+00:00,0.17338299999999998
2026-08-08 04:00:00+00:00,0.1740494
2026-08-08 05:00:00+00:00,0.16386299999999998
2026-08-08 06:00:00+00:00,0.1368857
2026-08-08 07:00:00+00:00,0.07443449999999999
2026-08-08 08:00:00+00:00,0.004593399999999999
2026-08-08 09:00:00+00:00,-0.0018088
2026-08-08 10:00:00+00:00,-0.0071281
2026-08-08 11:00:00+00:00,-0.01309
2026-08-08 12:00:00+00:00,-0.0144585
2026-08-08 13:00:00+00:00,-0.0083419
2026-08-08 14:00:00+00:00,-0.0006664
2026-08-08 15:00:00+00:00,0.08112230000000001
2026-08-08 16:00:00+00:00,0.1666
2026-08-08 17:00:00+00:00,0.19976529999999998
2026-08-08 18:00:00+00:00,0.21974539999999998
2026-08-08 19:00:00+00:00,0.213605
2026-08-08 20:00:00+00:00,0.2033115
2026-08-08 21:00:00+00:00,0.18375979999999997
2026-08-08 22:00:00+00:00,0.1728832
2026-08-08 23:00:00+00:00,0.1658265
2026-08-09 00:00:00+00:00,0.1623636
2026-08-09 01:00:00+00:00,0.15940049999999997
2026-08-09 02:00:00+00:00,0.15949570000000002
2026-08-09 03:00:00+00:00,0.16065000000000002
2026-08-09 04:00:00+00:00,0.15684199999999998
2026-08-09 05:00:00+00:00,0.1406461
2026-08-09 06:00:00+00:00,0.10903969999999998
2026-08-09 07:00:00+00:00,0.032713099999999995
2026-08-09 08:00:00+00:00,0.00035699999999999995
2026-08-09 09:00:00+00:00,-5.95e-05
2026-08-09 10:00:00+00:00,-0.0031535
2026-08-09 11:00:00+00:00,-0.0060452
2026-08-09 12:00:00+00:00,-0.0024514000000000003
2026-08-09 13:00:00+00:00,-3.5699999999999994e-05
2026-08-09 14:00:00+00:00,0.0044982
2026-08-09 15:00:00+00:00,0.09811550000000001
2026-08-09 16:00:00+00:00,0.17991609999999997
2026-08-09 17:00:00+00:00,0.2011457
2026-08-09 18:00:00+00:00,0.2095471
2026-08-09 19:00:00+00:00,0.2072147
2026-08-09 20:00:00+00:00,0.2023
2026-08-09 21:00:00+00:00,0.1870085
2026-08-09 22:00:00+00:00,0.1742993
2026-08-09 23:00:00+00:00,0.1642438
2026-08-10 00:00:00+00:00,0.156485
2026-08-10 01:00:00+00:00,0.1510467
2026-08-10 02:00:00+00:00,0.1517012
2026-08-10 03:00:00+00:00,0.1702652
2026-08-10 04:00:00+00:00,0.1942556
2026-08-10 05:00:00+00:00,0.19600489999999998
2026-08-10 06:00:00+00:00,0.19145909999999997
2026-08-10 07:00:00+00:00,0.1652672
2026-08-10 08:00:00+00:00,0.1328159
2026-08-10 09:00:00+00:00,0.0941766
2026-08-10 10:00:00+00:00,0.043780099999999995
2026-08-10 11:00:00+00:00,0.0108766
2026-08-10 12:00:00+00:00,0.0051646
2026-08-10 13:00:00+00:00,0.011899999999999999
2026-08-10 14:00:00+00:00,0.0582505
2026-08-10 15:00:00+00:00,0.12633039999999998
2026-08-10 16:00:00+00:00,0.16386299999999998
2026-08-10 17:00:00+00:00,0.19719489999999998
2026-08-10 18:00:00+00:00,0.2105705
2026-08-10 19:00:00+00:00,0.21602069999999998
2026-08-10 20:00:00+00:00,0.2013361
2026-08-10 21:00:00+00:00,0.18021359999999997
2026-08-10 22:00:00+00:00,0.165648
2026-08-10 23:00:00+00:00,0.16777809999999999
2026-08-11 00:00:00+00:00,0.16207799999999997
2026-08-11 01:00:00+00:00,0.15318869999999998
2026-08-11 02:00:00+00:00,0.15460479999999996
2026-08-11 03:00:00+00:00,0.16664759999999998
2026-08-11 04:00:00+00:00,0.18658009999999997
2026-08-11 05:00:00+00:00,0.1878534
2026-08-11 06:00:00+00:00,0.1711101
2026-08-11 07:00:00+00:00,0.1318877
2026-08-11 08:00:00+00:00,0.0688415
2026-08-11 09:00:00+00:00,0.011340699999999997
2026-08-11 10:00:00+00:00,2.3800000000000003e-05
2026-08-11 11:00:00+00:00,-0.000119
2026-08-11 12:00:00+00:00,-0.00010709999999999999
2026-08-11 13:00:00+00:00,0.0037365999999999996
2026-08-11 14:00:00+00:00,0.0529312
2026-08-11 15:00:00+00:00,0.1307572
2026-08-11 16:00:00+00:00,0.174335
2026-08-11 17:00:00+00:00,0.2121651
2026-08-11 18:00:00+00:00,0.23678619999999997
2026-08-11 19:00:00+00:00,0.2253146
2026-08-11 20:00:00+00:00,0.20577479999999998
2026-08-11 21:00:00+00:00,0.183379
2026-08-11 22:00:00+00:00,0.18478319999999998
2026-08-11 23:00:00+00:00,0.1779169
2026-08-12 00:00:00+00:00,0.170527
2026-08-12 01:00:00+00:00,0.16630250000000002
2026-08-12 02:00:00+00:00,0.166481
2026-08-12 03:00:00+00:00,0.182665
2026-08-12 04:00:00+00:00,0.2053702
2026-08-12 05:00:00+00:00,0.19937259999999998
2026-08-12 06:00:00+00:00,0.1846999
2026-08-12 07:00:00+00:00,0.15318869999999998
2026-08-12 08:00:00+00:00,0.1042321
2026-08-12 09:00:00+00:00,0.0480046
2026-08-12 10:00:00+00:00,0.0175525
2026-08-12 11:00:00+00:00,0.0042245
2026-08-12 12:00:00+00:00,0.0178143
2026-08-12 13:00:00+00:00,0.048480600000000006
2026-08-12 14:00:00+00:00,0.11627489999999999
2026-08-12 15:00:00+00:00,0.16730209999999998
2026-08-12 16:00:00+00:00,0.21838880000000002
2026-08-12 17:00:00+00:00,0.357
2026-08-12 18:00:00+00:00,0.35724989999999995
2026-08-12 19:00:00+00:00,0.2732478
2026-08-12 20:00:00+00:00,0.2268854
2026-08-12 21:00:00+00:00,0.20479899999999998
2026-08-12 22:00:00+00:00,0.183379
2026-08-12 23:00:00+00:00,0.17563209999999999
2026-08-13 00:00:00+00:00,0.17066979999999998
2026-08-13 01:00:00+00:00,0.16983679999999998
2026-08-13 02:00:00+00:00,0.1724548
2026-08-13 03:00:00+00:00,0.187306
2026-08-13 04:00:00+00:00,0.20733369999999998
2026-08-13 05:00:00+00:00,0.20360899999999998
2026-08-13 06:00:00+00:00,0.186592
2026-08-13 07:00:00+00:00,0.1614235
2026-08-13 08:00:00+00:00,0.13042399999999998
2026-08-13 09:00:00+00:00,0.061558699999999994
2026-08-13 10:00:00+00:00,0.0033439
2026-08-13 11:00:00+00:00,0.0
2026-08-13 12:00:00+00:00,0.0029988
2026-08-13 13:00:00+00:00,0.052883599999999996
2026-08-13 14:00:00+00:00,0.1326612
2026-08-13 15:00:00+00:00,0.1785119
2026-08-13 16:00:00+00:00,0.24275999999999998
2026-08-13 17:00:00+00:00,0.388654
2026-08-13 18:00:00+00:00,0.4032434
2026-08-13 19:00:00+00:00,0.32131189999999993
2026-08-13 20:00:00+00:00,0.25404119999999997
2026-08-13 21:00:00+00:00,0.20964229999999998
2026-08-13 22:00:00+00:00,0.1890553
2026-08-13 23:00:00+00:00,0.18071340000000002
2026-08-14 00:00:00+00:00,0.17341869999999998
2026-08-14 01:00:00+00:00,0.1690395
2026-08-14 02:00:00+00:00,0.1712529
2026-08-14 03:00:00+00:00,0.18409299999999995
2026-08-14 04:00:00+00:00,0.2046324
2026-08-14 05:00:00+00:00,0.2023952
2026-08-14 06:00:00+00:00,0.1806896
2026-08-14 07:00:00+00:00,0.16088799999999998
2026-08-14 08:00:00+00:00,0.12430739999999998
2026-08-14 09:00:00+00:00,0.07570779999999999
2026-08-14 10:00:00+00:00,0.02975
2026-08-14 11:00:00+00:00,0.009519999999999999
2026-08-14 12:00:00+00:00,0.020598899999999996
2026-08-14 13:00:00+00:00,0.0782901
2026-08-14 14:00:00+00:00,0.13842079999999998
2026-08-14 15:00:00+00:00,0.1709554
2026-08-14 16:00:00+00:00,0.2141881
2026-08-14 17:00:00+00:00,0.29370389999999996
2026-08-14 18:00:00+00:00,0.3138387
2026-08-14 19:00:00+00:00,0.2755683
2026-08-14 20:00:00+00:00,0.23562
2026-08-14 21:00:00+00:00,0.21124880000000001
2026-08-14 22:00:00+00:00,0.20164549999999998
2026-08-14 23:00:00+00:00,0.193256
2026-08-15 00:00:00+00:00,0.18671100000000002
2026-08-15 01:00:00+00:00,0.1867586
2026-08-15 02:00:00+00:00,0.1838788
2026-08-15 03:00:00+00:00,0.1830696
2026-08-15 04:00:00+00:00,0.18680619999999998
2026-08-15 05:00:00+00:00,0.18080859999999999
2026-08-15 06:00:00+00:00,0.16336320000000001
2026-08-15 07:00:00+00:00,0.1305192
2026-08-15 08:00:00+00:00,0.07259
2026-08-15 09:00:00+00:00,0.025251799999999998
2026-08-15 10:00:00+00:00,0.0052003
2026-08-15 11:00:00+00:00,0.0012019
2026-08-15 12:00:00+00:00,0.0051408
2026-08-15 13:00:00+00:00,0.017969
2026-08-15 14:00:00+00:00,0.08162209999999999
2026-08-15 15:00:00+00:00,0.1552474
2026-08-15 16:00:00+00:00,0.19576689999999997
2026-08-15 17:00:00+00:00,0.21416429999999997
2026-08-15 18:00:00+00:00,0.2201381
2026-08-15 19:00:00+00:00,0.2181746
2026-08-15 20:00:00+00:00,0.2137121
2026-08-15 21:00:00+00:00,0.20704809999999998
2026-08-15 22:00:00+00:00,0.20742889999999997
2026-08-15 23:00:00+00:00,0.20062209999999997
2026-08-16 00:00:00+00:00,0.1967427
2026-08-16 01:00:00+00:00,0.18747259999999996
2026-08-16 02:00:00+00:00,0.18671100000000002
2026-08-16 03:00:00+00:00,0.18677049999999998
2026-08-16 04:00:00+00:00,0.186354
2026-08-16 05:00:00+00:00,0.1789403
2026-08-16 06:00:00+00:00,0.17353770000000002
2026-08-16 07:00:00+00:00,0.1480003
2026-08-16 08:00:00+00:00,0.115311
2026-08-16 09:00:00+00:00,0.07286369999999999
2026-08-16 10:00:00+00:00,0.0518007
2026-08-16 11:00:00+00:00,0.0325346
2026-08-16 12:00:00+00:00,0.0435064
2026-08-16 13:00:00+00:00,0.080563
2026-08-16 14:00:00+00:00,0.1382066
2026-08-16 15:00:00+00:00,0.1729427
2026-08-16 16:00:00+00:00,0.2016336
2026-08-16 17:00:00+00:00,0.22368429999999997
2026-08-16 18:00:00+00:00,0.23802379999999998
2026-08-16 19:00:00+00:00,0.24475919999999998
2026-08-16 20:00:00+00:00,0.2457826
2026-08-16 21:00:00+00:00,0.2292535
2026-08-16 22:00:00+00:00,0.2286347
2026-08-16 23:00:00+00:00,0.2127839
2026-08-17 00:00:00+00:00,0.19504100000000002
2026-08-17 01:00:00+00:00,0.1907332
2026-08-17 02:00:00+00:00,0.18929329999999997
2026-08-17 03:00:00+00:00,0.20821429999999996
2026-08-17 04:00:00+00:00,0.23490599999999998
2026-08-17 05:00:00+00:00,0.2441285
2026-08-17 06:00:00+00:00,0.24824590000000002
2026-08-17 07:00:00+00:00,0.2365601
2026-08-17 08:00:00+00:00,0.2088331
2026-08-17 09:00:00+00:00,0.1986943
2026-08-17 10:00:00+00:00,0.18360509999999997
2026-08-17 11:00:00+00:00,0.17872609999999997
2026-08-17 12:00:00+00:00,0.168147
2026-08-17 13:00:00+00:00,0.16646909999999998
2026-08-17 14:00:00+00:00,0.1667071
2026-08-17 15:00:00+00:00,0.1809038
2026-08-17 16:00:00+00:00,0.210749
2026-08-17 17:00:00+00:00,0.24287899999999998
2026-08-17 18:00:00+00:00,0.253946
2026-08-17 19:00:00+00:00,0.24989999999999998
2026-08-17 20:00:00+00:00,0.23527489999999998
2026-08-17 21:00:00+00:00,0.21410479999999998
2026-08-17 22:00:00+00:00,0.2065483
2026-08-17 23:00:00+00:00,0.1901501
2026-08-18 00:00:00+00:00,0.17946389999999998
2026-08-18 01:00:00+00:00,0.1765841
2026-08-18 02:00:00+00:00,0.17757179999999997
2026-08-18 03:00:00+00:00,0.1892457
2026-08-18 04:00:00+00:00,0.2234582
2026-08-18 05:00:00+00:00,0.22915829999999998
2026-08-18 06:00:00+00:00,0.2204118
2026-08-18 07:00:00+00:00,0.19210170000000001
2026-08-18 08:00:00+00:00,0.18133219999999997
2026-08-18 09:00:00+00:00,0.17331159999999998
2026-08-18 10:00:00+00:00,0.1625302
2026-08-18 11:00:00+00:00,0.1569015
2026-08-18 12:00:00+00:00,0.15534259999999997
2026-08-18 13:00:00+00:00,0.15760359999999998
2026-08-18 14:00:00+00:00,0.16535049999999998
2026-08-18 15:00:00+00:00,0.1834385
2026-08-18 16:00:00+00:00,0.2124864
2026-08-18 17:00:00+00:00,0.23523919999999998
2026-08-18 18:00:00+00:00,0.238476
2026-08-18 19:00:00+00:00,0.236572
2026-08-18 20:00:00+00:00,0.22775409999999996
2026-08-18 21:00:00+00:00,0.21079659999999997
2026-08-18 22:00:00+00:00,0.210154
2026-08-18 23:00:00+00:00,0.187544
2026-08-19 00:00:00+00:00,0.18017789999999997
2026-08-19 01:00:00+00:00,0.175287
2026-08-19 02:00:00+00:00,0.17731
2026-08-19 03:00:00+00:00,0.19238729999999996
2026-08-19 04:00:00+00:00,0.2198406
2026-08-19 05:00:00+00:00,0.22922969999999998
2026-08-19 06:00:00+00:00,0.2271353
2026-08-19 07:00:00+00:00,0.2019192
2026-08-19 08:00:00+00:00,0.18167729999999999
2026-08-19 09:00:00+00:00,0.1701224
2026-08-19 10:00:00+00:00,0.1619352
2026-08-19 11:00:00+00:00,0.1525699
2026-08-19 12:00:00+00:00,0.1520463
2026-08-19 13:00:00+00:00,0.15590189999999998
2026-08-19 14:00:00+00:00,0.1646008
2026-08-19 15:00:00+00:00,0.18283159999999998
2026-08-19 16:00:00+00:00,0.2186506
2026-08-19 17:00:00+00:00,0.2469845
2026-08-19 18:00:00+00:00,0.24924549999999998
2026-08-19 19:00:00+00:00,0.2452828
2026-08-19 20:00:00+00:00,0.236929
2026-08-19 21:00:00+00:00,0.2219945
2026-08-19 22:00:00+00:00,0.20552489999999998
2026-08-19 23:00:00+00:00,0.1931965
2026-08-20 00:00:00+00:00,0.18293869999999995
2026-08-20 01:00:00+00:00,0.17610810000000002
2026-08-20 02:00:00+00:00,0.1767031
2026-08-20 03:00:00+00:00,0.18986450000000002
2026-08-20 04:00:00+00:00,0.217532
2026-08-20 05:00:00+00:00,0.2218517
2026-08-20 06:00:00+00:00,0.2043825
2026-08-20 07:00:00+00:00,0.18386689999999997
2026-08-20 08:00:00+00:00,0.1615306
2026-08-20 09:00:00+00:00,0.13025739999999997
2026-08-20 10:00:00+00:00,0.09951969999999999
2026-08-20 11:00:00+00:00,0.0758149
2026-08-20 12:00:00+00:00,0.0826336
2026-08-20 13:00:00+00:00,0.1085399
2026-08-20 14:00:00+00:00,0.1261519
2026-08-20 15:00:00+00:00,0.17159799999999997
2026-08-20 16:00:00+00:00,0.1954575
2026-08-20 17:00:00+00:00,0.2287418
2026-08-20 18:00:00+00:00,0.23871399999999998
2026-08-20 19:00:00+00:00,0.23278780000000002
2026-08-20 20:00:00+00:00,0.2236367
2026-08-20 21:00:00+00:00,0.2058938
2026-08-20 22:00:00+00:00,0.2027165
2026-08-20 23:00:00+00:00,0.19098310000000002
2026-08-21 00:00:00+00:00,0.18146310000000002
2026-08-21 01:00:00+00:00,0.18026119999999998
2026-08-21 02:00:00+00:00,0.1823199
2026-08-21 03:00:00+00:00,0.1973972
2026-08-21 04:00:00+00:00,0.22515990000000002
2026-08-21 05:00:00+00:00,0.23072909999999996
2026-08-21 06:00:00+00:00,0.2291821
2026-08-21 07:00:00+00:00,0.1997177
2026-08-21 08:00:00+00:00,0.17731
2026-08-21 09:00:00+00:00,0.1652672
2026-08-21 10:00:00+00:00,0.16089989999999998
2026-08-21 11:00:00+00:00,0.167195
2026-08-21 12:00:00+00:00,0.16799229999999998
2026-08-21 13:00:00+00:00,0.17820249999999999
2026-08-21 14:00:00+00:00,0.1981231
2026-08-21 15:00:00+00:00,0.2215899
2026-08-21 16:00:00+00:00,0.2344181
2026-08-21 17:00:00+00:00,0.24325979999999997
2026-08-21 18:00:00+00:00,0.2426529
2026-08-21 19:00:00+00:00,0.2364768
2026-08-21 20:00:00+00:00,0.22295840000000003
2026-08-21 21:00:00+00:00,0.20646499999999998
2026-08-21 22:00:00+00:00,0.1999319
2026-08-21 23:00:00+00:00,0.19223259999999998
2026-08-22 00:00:00+00:00,0.1888649
2026-08-22 01:00:00+00:00,0.1837241
2026-08-22 02:00:00+00:00,0.17671499999999998
2026-08-22 03:00:00+00:00,0.1731569
2026-08-22 04:00:00+00:00,0.1831291
2026-08-22 05:00:00+00:00,0.1713719
2026-08-22 06:00:00+00:00,0.1524747
2026-08-22 07:00:00+00:00,0.10742129999999998
2026-08-22 08:00:00+00:00,0.059856999999999994
2026-08-22 09:00:00+00:00,0.023573899999999995
2026-08-22 10:00:00+00:00,0.0011899999999999999
2026-08-22 11:00:00+00:00,-1.1900000000000001e-05
2026-08-22 12:00:00+00:00,-1.1900000000000001e-05
2026-08-22 13:00:00+00:00,-0.000119
2026-08-22 14:00:00+00:00,0.0
2026-08-22 15:00:00+00:00,0.0337841
2026-08-22 16:00:00+00:00,0.12503329999999999
2026-08-22 17:00:00+00:00,0.1774885
2026-08-22 18:00:00+00:00,0.19535039999999998
2026-08-22 19:00:00+00:00,0.20015799999999997
2026-08-22 20:00:00+00:00,0.1852949
2026-08-22 21:00:00+00:00,0.1679328
2026-08-22 22:00:00+00:00,0.15787729999999997
2026-08-22 23:00:00+00:00,0.14972579999999996
2026-08-23 00:00:00+00:00,0.1420503
2026-08-23 01:00:00+00:00,0.1382899
2026-08-23 02:00:00+00:00,0.13654059999999998
2026-08-23 03:00:00+00:00,0.13892059999999998
2026-08-23 04:00:00+00:00,0.13888489999999998
2026-08-23 05:00:00+00:00,0.1214871
2026-08-23 06:00:00+00:00,0.059297699999999995
2026-08-23 07:00:00+00:00,0.0012019
2026-08-23 08:00:00+00:00,-0.0006783
2026-08-23 09:00:00+00:00,-0.0021777
2026-08-23 10:00:00+00:00,-0.0036176
2026-08-23 11:00:00+00:00,-0.0059499999999999996
2026-08-23 12:00:00+00:00,-0.0050337
2026-08-23 13:00:00+00:00,-0.0017611999999999999
2026-08-23 14:00:00+00:00,-0.0006307
2026-08-23 15:00:00+00:00,0.0575722
2026-08-23 16:00:00+00:00,0.17185979999999998
2026-08-23 17:00:00+00:00,0.214438
2026-08-23 18:00:00+00:00,0.2212091
2026-08-23 19:00:00+00:00,0.2118795
2026-08-23 20:00:00+00:00,0.20548919999999998
2026-08-23 21:00:00+00:00,0.19688549999999996
2026-08-23 22:00:00+00:00,0.1915067
2026-08-23 23:00:00+00:00,0.1816178
2026-08-24 00:00:00+00:00,0.17597719999999997
2026-08-24 01:00:00+00:00,0.1770006
2026-08-24 02:00:00+00:00,0.180047
2026-08-24 03:00:00+00:00,0.20547729999999997
2026-08-24 04:00:00+00:00,0.24474729999999997
2026-08-24 05:00:00+00:00,0.245616
2026-08-24 06:00:00+00:00,0.21036819999999998
2026-08-24 07:00:00+00:00,0.1682065
2026-08-24 08:00:00+00:00,0.13395829999999997
2026-08-24 09:00:00+00:00,0.09550940000000001
2026-08-24 10:00:00+00:00,0.0661997
2026-08-24 11:00:00+00:00,0.0406385
2026-08-24 12:00:00+00:00,0.0424354
2026-08-24 13:00:00+00:00,0.08627499999999999
2026-08-24 14:00:00+00:00,0.1214871
2026-08-24 15:00:00+00:00,0.1707174
2026-08-24 16:00:00+00:00,0.2169846
2026-08-24 17:00:00+00:00,0.2610503
2026-08-24 18:00:00+00:00,0.2612407
2026-08-24 19:00:00+00:00,0.2237557
2026-08-24 20:00:00+00:00,0.20441819999999997
2026-08-24 21:00:00+00:00,0.18412869999999998
2026-08-24 22:00:00+00:00,0.1812846
2026-08-24 23:00:00+00:00,0.1747277
2026-08-25 00:00:00+00:00,0.16947979999999999
2026-08-25 01:00:00+00:00,0.16661189999999998
2026-08-25 02:00:00+00:00,0.16852779999999998
2026-08-25 03:00:00+00:00,0.17800020000000003
2026-08-25 04:00:00+00:00,0.20398979999999997
2026-08-25 05:00:00+00:00,0.21498539999999997
2026-08-25 06:00:00+00:00,0.2039779
2026-08-25 07:00:00+00:00,0.17307359999999997
2026-08-25 08:00:00+00:00,0.1397774
2026-08-25 09:00:00+00:00,0.0989485
2026-08-25 10:00:00+00:00,0.07992039999999999
2026-08-25 11:00:00+00:00,0.0740299
2026-08-25 12:00:00+00:00,0.08146739999999998
2026-08-25 13:00:00+00:00,0.10115
2026-08-25 14:00:00+00:00,0.136136
2026-08-25 15:00:00+00:00,0.17498950000000002
2026-08-25 16:00:00+00:00,0.21274819999999997
2026-08-25 17:00:00+00:00,0.2490789
2026-08-25 18:00:00+00:00,0.2441166
2026-08-25 19:00:00+00:00,0.2171631
2026-08-25 20:00:00+00:00,0.2050013
2026-08-25 21:00:00+00:00,0.18999539999999998
2026-08-25 22:00:00+00:00,0.1951957
2026-08-25 23:00:00+00:00,0.1869014
2026-08-26 00:00:00+00:00,0.1804516
2026-08-26 01:00:00+00:00,0.17802399999999996
2026-08-26 02:00:00+00:00,0.18059439999999996
2026-08-26 03:00:00+00:00,0.1909593
2026-08-26 04:00:00+00:00,0.22030469999999996
2026-08-26 05:00:00+00:00,0.23269259999999997
2026-08-26 06:00:00+00:00,0.2302888
2026-08-26 07:00:00+00:00,0.1982778
2026-08-26 08:00:00+00:00,0.16360119999999997
2026-08-26 09:00:00+00:00,0.1435854
2026-08-26 10:00:00+00:00,0.1173459
2026-08-26 11:00:00+00:00,0.10655260000000001
2026-08-26 12:00:00+00:00,0.1094443
2026-08-26 13:00:00+00:00,0.1220345
2026-08-26 14:00:00+00:00,0.1457869
2026-08-26 15:00:00+00:00,0.1867943
2026-08-26 16:00:00+00:00,0.22089969999999998
2026-08-26 17:00:00+00:00,0.2513875
2026-08-26 18:00:00+00:00,0.2401182
2026-08-26 19:00:00+00:00,0.21264109999999997
2026-08-26 20:00:00+00:00,0.19467210000000001
2026-08-26 21:00:00+00:00,0.1798209
2026-08-26 22:00:00+00:00,0.17678639999999998
2026-08-26 23:00:00+00:00,0.1691942
2026-08-27 00:00:00+00:00,0.16085229999999998
2026-08-27 01:00:00+00:00,0.15995979999999999
2026-08-27 02:00:00+00:00,0.1620661
2026-08-27 03:00:00+00:00,0.1744064
2026-08-27 04:00:00+00:00,0.1994202
2026-08-27 05:00:00+00:00,0.2072385
2026-08-27 06:00:00+00:00,0.19086409999999995
2026-08-27 07:00:00+00:00,0.1483335
2026-08-27 08:00:00+00:00,0.12387899999999999
2026-08-27 09:00:00+00:00,0.06852019999999999
2026-08-27 10:00:00+00:00,0.0257992
2026-08-27 11:00:00+00:00,0.0078183
2026-08-27 12:00:00+00:00,0.016886099999999998
2026-08-27 13:00:00+00:00,0.0540022
2026-08-27 14:00:00+00:00,0.11441849999999999
2026-08-27 15:00:00+00:00,0.168623
2026-08-27 16:00:00+00:00,0.2068339
2026-08-27 17:00:00+00:00,0.23711939999999998
2026-08-27 18:00:00+00:00,0.22787310000000002
2026-08-27 19:00:00+00:00,0.20934479999999997
2026-08-27 20:00:00+00:00,0.19625479999999998
2026-08-27 21:00:00+00:00,0.1789641
2026-08-27 22:00:00+00:00,0.1660288
2026-08-27 23:00:00+00:00,0.1657551
2026-08-28 00:00:00+00:00,0.1645056
2026-08-28 01:00:00+00:00,0.165172
2026-08-28 02:00:00+00:00,0.16551709999999997
2026-08-28 03:00:00+00:00,0.17465630000000001
2026-08-28 04:00:00+00:00,0.20350189999999999
2026-08-28 05:00:00+00:00,0.2117962
2026-08-28 06:00:00+00:00,0.2016693
2026-08-28 07:00:00+00:00,0.1846285
2026-08-28 08:00:00+00:00,0.16379159999999998
2026-08-28 09:00:00+00:00,0.14468019999999998
2026-08-28 10:00:00+00:00,0.1319591
2026-08-28 11:00:00+00:00,0.11452559999999999
2026-08-28 12:00:00+00:00,0.12376
2026-08-28 13:00:00+00:00,0.13610029999999998
2026-08-28 14:00:00+00:00,0.1422764
2026-08-28 15:00:00+00:00,0.17040799999999998
2026-08-28 16:00:00+00:00,0.19097119999999998
2026-08-28 17:00:00+00:00,0.2053226
2026-08-28 18:00:00+00:00,0.2103563
2026-08-28 19:00:00+00:00,0.1976709
2026-08-28 20:00:00+00:00,0.19212549999999998
2026-08-28 21:00:00+00:00,0.17270470000000002
2026-08-28 22:00:00+00:00,0.15531879999999998
2026-08-28 23:00:00+00:00,0.1337084
2026-08-29 00:00:00+00:00,0.11935699999999999
2026-08-29 01:00:00+00:00,0.1109675
2026-08-29 02:00:00+00:00,0.1106819
2026-08-29 03:00:00+00:00,0.1149302
2026-08-29 04:00:00+00:00,0.1155966
2026-08-29 05:00:00+00:00,0.12047559999999999
2026-08-29 06:00:00+00:00,0.0718998
2026-08-29 07:00:00+00:00,0.0054502
2026-08-29 08:00:00+00:00,-0.0004046
2026-08-29 09:00:00+00:00,-0.0016184
2026-08-29 10:00:00+00:00,-0.0021539
2026-08-29 11:00:00+00:00,-0.0020944
2026-08-29 12:00:00+00:00,-0.0014041999999999998
2026-08-29 13:00:00+00:00,-2.3800000000000003e-05
2026-08-29 14:00:00+00:00,0.029250199999999997
2026-08-29 15:00:00+00:00,0.1344581
2026-08-29 16:00:00+00:00,0.20408500000000002
2026-08-29 17:00:00+00:00,0.2367743
2026-08-29 18:00:00+00:00,0.2317882
2026-08-29 19:00:00+00:00,0.21124880000000001
2026-08-29 20:00:00+00:00,0.19455309999999998
2026-08-29 21:00:00+00:00,0.1732878
2026-08-29 22:00:00+00:00,0.1397417
2026-08-29 23:00:00+00:00,0.1220821
2026-08-30 00:00:00+00:00,0.1023876
2026-08-30 01:00:00+00:00,0.09274859999999999
2026-08-30 02:00:00+00:00,0.08256219999999999
2026-08-30 03:00:00+00:00,0.0868224
2026-08-30 04:00:00+00:00,0.084371
2026-08-30 05:00:00+00:00,0.0702695
2026-08-30 06:00:00+00:00,0.0190281
2026-08-30 07:00:00+00:00,-1.1900000000000001e-05
2026-08-30 08:00:00+00:00,-0.000119
2026-08-30 09:00:00+00:00,-0.00017849999999999997
2026-08-30 10:00:00+00:00,-0.0012138000000000001
2026-08-30 11:00:00+00:00,-0.0012495000000000002
2026-08-30 12:00:00+00:00,-0.0012614
2026-08-30 13:00:00+00:00,-0.00014279999999999997
2026-08-30 14:00:00+00:00,-1.1900000000000001e-05
2026-08-30 15:00:00+00:00,0.0743155
2026-08-30 16:00:00+00:00,0.19443409999999997
2026-08-30 17:00:00+00:00,0.2191623
2026-08-30 18:00:00+00:00,0.22990799999999997
2026-08-30 19:00:00+00:00,0.22957479999999997
2026-08-30 20:00:00+00:00,0.21591359999999998
2026-08-30 21:00:00+00:00,0.20086009999999999
2026-08-30 22:00:00+00:00,0.2082262
2026-08-30 23:00:00+00:00,0.1941009
2026-08-31 00:00:00+00:00,0.1823556
2026-08-31 01:00:00+00:00,0.175882
2026-08-31 02:00:00+00:00,0.1694679
2026-08-31 03:00:00+00:00,0.1716099
2026-08-31 04:00:00+00:00,0.18474749999999998
2026-08-31 05:00:00+00:00,0.1963024
2026-08-31 06:00:00+00:00,0.1932322
2026-08-31 07:00:00+00:00,0.1505707
2026-08-31 08:00:00+00:00,0.0456365
2026-08-31 09:00:00+00:00,2.3800000000000003e-05
2026-08-31 10:00:00+00:00,-7.139999999999999e-05
2026-08-31 11:00:00+00:00,-0.0011305
2026-08-31 12:00:00+00:00,-0.0012257000000000001
2026-08-31 13:00:00+00:00,-9.520000000000001e-05
2026-08-31 14:00:00+00:00,0.0011899999999999999
2026-08-31 15:00:00+00:00,0.0868938
2026-08-31 16:00:00+00:00,0.1879367
2026-08-31 17:00:00+00:00,0.2179009
2026-08-31 18:00:00+00:00,0.2250885
2026-08-31 19:00:00+00:00,0.21692509999999995
2026-08-31 20:00:00+00:00,0.2041445
2026-08-31 21:00:00+00:00,0.18478319999999998
2026-08-31 22:00:00+00:00,0.1839621
2026-08-31 23:00:00+00:00,0.1744659
2026-09-01 00:00:00+00:00,0.1682303
2026-09-01 01:00:00+00:00,0.16933700000000002
2026-09-01 02:00:00+00:00,0.173621
2026-09-01 03:00:00+00:00,0.1864492
2026-09-01 04:00:00+00:00,0.2242674
2026-09-01 05:00:00+00:00,0.2441285
2026-09-01 06:00:00+00:00,0.2293725
2026-09-01 07:00:00+00:00,0.1778574
2026-09-01 08:00:00+00:00,0.1425144
2026-09-01 09:00:00+00:00,0.10709999999999999
2026-09-01 10:00:00+00:00,0.060571
2026-09-01 11:00:00+00:00,0.0346528
2026-09-01 12:00:00+00:00,0.039389
2026-09-01 13:00:00+00:00,0.060916099999999994
2026-09-01 14:00:00+00:00,0.11194329999999998
2026-09-01 15:00:00+00:00,0.16661189999999998
2026-09-01 16:00:00+00:00,0.2109394
2026-09-01 17:00:00+00:00,0.2549456
2026-09-01 18:00:00+00:00,0.275604
2026-09-01 19:00:00+00:00,0.25931289999999996
2026-09-01 20:00:00+00:00,0.2373693
2026-09-01 21:00:00+00:00,0.21341459999999998
2026-09-01 22:00:00+00:00,0.2031568
2026-09-01 23:00:00+00:00,0.19298229999999997
2026-09-02 00:00:00+00:00,0.18210569999999998
2026-09-02 01:00:00+00:00,0.17684590000000003
2026-09-02 02:00:00+00:00,0.17758369999999998
2026-09-02 03:00:00+00:00,0.1970283
2026-09-02 04:00:00+00:00,0.23144309999999998
2026-09-02 05:00:00+00:00,0.24530659999999999
2026-09-02 06:00:00+00:00,0.23563189999999998
2026-09-02 07:00:00+00:00,0.201229
2026-09-02 08:00:00+00:00,0.1619947
2026-09-02 09:00:00+00:00,0.1369095
2026-09-02 10:00:00+00:00,0.12415269999999999
2026-09-02 11:00:00+00:00,0.1090873
2026-09-02 12:00:00+00:00,0.1179409
2026-09-02 13:00:00+00:00,0.13137600000000002
2026-09-02 14:00:00+00:00,0.1599836
2026-09-02 15:00:00+00:00,0.2004436
2026-09-02 16:00:00+00:00,0.2343586
2026-09-02 17:00:00+00:00,0.28423149999999997
2026-09-02 18:00:00+00:00,0.289408
2026-09-02 19:00:00+00:00,0.2545053
2026-09-02 20:00:00+00:00,0.23197859999999998
2026-09-02 21:00:00+00:00,0.1965999
